-- phpMyAdmin SQL Dump
-- version 4.0.9
-- http://www.phpmyadmin.net
--
-- Host: 127.0.0.1
-- Generation Time: Feb 22, 2014 at 04:32 PM
-- Server version: 5.6.14
-- PHP Version: 5.5.6

SET SQL_MODE = "NO_AUTO_VALUE_ON_ZERO";
SET time_zone = "+00:00";


/*!40101 SET @OLD_CHARACTER_SET_CLIENT=@@CHARACTER_SET_CLIENT */;
/*!40101 SET @OLD_CHARACTER_SET_RESULTS=@@CHARACTER_SET_RESULTS */;
/*!40101 SET @OLD_COLLATION_CONNECTION=@@COLLATION_CONNECTION */;
/*!40101 SET NAMES utf8 */;

--
-- Database: `crisp`
--

-- --------------------------------------------------------

--
-- Table structure for table `adept_student`
--

CREATE TABLE IF NOT EXISTS `adept_student` (
  `Tracker_ID` int(11) NOT NULL AUTO_INCREMENT,
  `Control_Number` varchar(5) DEFAULT NULL,
  `Username` varchar(45) DEFAULT NULL,
  `CD` tinyint(1) DEFAULT NULL,
  `Oral` decimal(10,0) DEFAULT NULL,
  `Retention` decimal(10,0) DEFAULT NULL,
  `Typing` decimal(10,0) DEFAULT NULL,
  `Grammar` decimal(10,0) DEFAULT NULL,
  `Comprehension` decimal(10,0) DEFAULT NULL,
  `Summary_Scores` decimal(10,0) DEFAULT NULL,
  PRIMARY KEY (`Tracker_ID`),
  UNIQUE KEY `Tracker_ID_UNIQUE` (`Tracker_ID`),
  UNIQUE KEY `Control_Number_UNIQUE` (`Control_Number`),
  UNIQUE KEY `Username_UNIQUE` (`Username`)
) ENGINE=InnoDB  DEFAULT CHARSET=latin1 AUTO_INCREMENT=2701 ;

--
-- Dumping data for table `adept_student`
--

INSERT INTO `adept_student` (`Tracker_ID`, `Control_Number`, `Username`, `CD`, `Oral`, `Retention`, `Typing`, `Grammar`, `Comprehension`, `Summary_Scores`) VALUES
(1809, NULL, NULL, NULL, NULL, NULL, NULL, NULL, NULL, NULL),
(1818, NULL, NULL, NULL, NULL, NULL, NULL, NULL, NULL, NULL),
(1827, NULL, NULL, NULL, NULL, NULL, NULL, NULL, NULL, NULL),
(1836, NULL, NULL, NULL, NULL, NULL, NULL, NULL, NULL, NULL),
(1845, NULL, NULL, NULL, NULL, NULL, NULL, NULL, NULL, NULL),
(1854, NULL, NULL, NULL, NULL, NULL, NULL, NULL, NULL, NULL),
(1863, NULL, NULL, NULL, NULL, NULL, NULL, NULL, NULL, NULL),
(1872, NULL, NULL, NULL, NULL, NULL, NULL, NULL, NULL, NULL),
(1881, NULL, NULL, NULL, NULL, NULL, NULL, NULL, NULL, NULL),
(1890, NULL, NULL, NULL, NULL, NULL, NULL, NULL, NULL, NULL),
(1899, NULL, NULL, NULL, NULL, NULL, NULL, NULL, NULL, NULL),
(1908, NULL, NULL, NULL, NULL, NULL, NULL, NULL, NULL, NULL),
(1917, NULL, NULL, NULL, NULL, NULL, NULL, NULL, NULL, NULL),
(1926, NULL, NULL, NULL, NULL, NULL, NULL, NULL, NULL, NULL),
(1935, NULL, NULL, NULL, NULL, NULL, NULL, NULL, NULL, NULL),
(1944, NULL, NULL, NULL, NULL, NULL, NULL, NULL, NULL, NULL),
(1953, NULL, NULL, NULL, NULL, NULL, NULL, NULL, NULL, NULL),
(1962, NULL, NULL, NULL, NULL, NULL, NULL, NULL, NULL, NULL),
(1971, NULL, NULL, NULL, NULL, NULL, NULL, NULL, NULL, NULL),
(1980, NULL, NULL, NULL, NULL, NULL, NULL, NULL, NULL, NULL),
(1989, NULL, NULL, NULL, NULL, NULL, NULL, NULL, NULL, NULL),
(1998, NULL, NULL, NULL, NULL, NULL, NULL, NULL, NULL, NULL),
(2007, NULL, NULL, NULL, NULL, NULL, NULL, NULL, NULL, NULL),
(2016, NULL, NULL, NULL, NULL, NULL, NULL, NULL, NULL, NULL),
(2025, NULL, NULL, NULL, NULL, NULL, NULL, NULL, NULL, NULL),
(2034, NULL, NULL, NULL, NULL, NULL, NULL, NULL, NULL, NULL),
(2043, NULL, NULL, NULL, NULL, NULL, NULL, NULL, NULL, NULL),
(2052, NULL, NULL, NULL, NULL, NULL, NULL, NULL, NULL, NULL),
(2061, NULL, NULL, NULL, NULL, NULL, NULL, NULL, NULL, NULL),
(2070, NULL, NULL, NULL, NULL, NULL, NULL, NULL, NULL, NULL),
(2079, NULL, NULL, NULL, NULL, NULL, NULL, NULL, NULL, NULL),
(2088, NULL, NULL, NULL, NULL, NULL, NULL, NULL, NULL, NULL),
(2097, NULL, NULL, NULL, NULL, NULL, NULL, NULL, NULL, NULL),
(2106, NULL, NULL, NULL, NULL, NULL, NULL, NULL, NULL, NULL),
(2115, NULL, NULL, NULL, NULL, NULL, NULL, NULL, NULL, NULL),
(2124, NULL, NULL, NULL, NULL, NULL, NULL, NULL, NULL, NULL),
(2133, NULL, NULL, NULL, NULL, NULL, NULL, NULL, NULL, NULL),
(2142, NULL, NULL, NULL, NULL, NULL, NULL, NULL, NULL, NULL),
(2151, NULL, NULL, NULL, NULL, NULL, NULL, NULL, NULL, NULL),
(2160, NULL, NULL, NULL, NULL, NULL, NULL, NULL, NULL, NULL),
(2169, NULL, NULL, NULL, NULL, NULL, NULL, NULL, NULL, NULL),
(2178, NULL, NULL, NULL, NULL, NULL, NULL, NULL, NULL, NULL),
(2187, NULL, NULL, NULL, NULL, NULL, NULL, NULL, NULL, NULL),
(2196, NULL, NULL, NULL, NULL, NULL, NULL, NULL, NULL, NULL),
(2205, NULL, NULL, NULL, NULL, NULL, NULL, NULL, NULL, NULL),
(2214, NULL, NULL, NULL, NULL, NULL, NULL, NULL, NULL, NULL),
(2223, NULL, NULL, NULL, NULL, NULL, NULL, NULL, NULL, NULL),
(2232, NULL, NULL, NULL, NULL, NULL, NULL, NULL, NULL, NULL),
(2241, NULL, NULL, NULL, NULL, NULL, NULL, NULL, NULL, NULL),
(2250, NULL, NULL, NULL, NULL, NULL, NULL, NULL, NULL, NULL),
(2259, NULL, NULL, NULL, NULL, NULL, NULL, NULL, NULL, NULL),
(2268, NULL, NULL, NULL, NULL, NULL, NULL, NULL, NULL, NULL),
(2277, NULL, NULL, NULL, NULL, NULL, NULL, NULL, NULL, NULL),
(2286, NULL, NULL, NULL, NULL, NULL, NULL, NULL, NULL, NULL),
(2295, NULL, NULL, NULL, NULL, NULL, NULL, NULL, NULL, NULL),
(2304, NULL, NULL, NULL, NULL, NULL, NULL, NULL, NULL, NULL),
(2313, NULL, NULL, NULL, NULL, NULL, NULL, NULL, NULL, NULL),
(2322, NULL, NULL, NULL, NULL, NULL, NULL, NULL, NULL, NULL),
(2331, NULL, NULL, NULL, NULL, NULL, NULL, NULL, NULL, NULL),
(2340, NULL, NULL, NULL, NULL, NULL, NULL, NULL, NULL, NULL),
(2349, NULL, NULL, NULL, NULL, NULL, NULL, NULL, NULL, NULL),
(2358, NULL, NULL, NULL, NULL, NULL, NULL, NULL, NULL, NULL),
(2367, NULL, NULL, NULL, NULL, NULL, NULL, NULL, NULL, NULL),
(2376, NULL, NULL, NULL, NULL, NULL, NULL, NULL, NULL, NULL),
(2385, NULL, NULL, NULL, NULL, NULL, NULL, NULL, NULL, NULL),
(2394, NULL, NULL, NULL, NULL, NULL, NULL, NULL, NULL, NULL),
(2403, NULL, NULL, NULL, NULL, NULL, NULL, NULL, NULL, NULL),
(2412, NULL, NULL, NULL, NULL, NULL, NULL, NULL, NULL, NULL),
(2421, NULL, NULL, NULL, NULL, NULL, NULL, NULL, NULL, NULL),
(2430, NULL, NULL, NULL, NULL, NULL, NULL, NULL, NULL, NULL),
(2439, NULL, NULL, NULL, NULL, NULL, NULL, NULL, NULL, NULL),
(2448, NULL, NULL, NULL, NULL, NULL, NULL, NULL, NULL, NULL),
(2457, NULL, NULL, NULL, NULL, NULL, NULL, NULL, NULL, NULL),
(2466, NULL, NULL, NULL, NULL, NULL, NULL, NULL, NULL, NULL),
(2475, NULL, NULL, NULL, NULL, NULL, NULL, NULL, NULL, NULL),
(2484, NULL, NULL, NULL, NULL, NULL, NULL, NULL, NULL, NULL),
(2493, NULL, NULL, NULL, NULL, NULL, NULL, NULL, NULL, NULL),
(2502, NULL, NULL, NULL, NULL, NULL, NULL, NULL, NULL, NULL),
(2511, NULL, NULL, NULL, NULL, NULL, NULL, NULL, NULL, NULL),
(2520, NULL, NULL, NULL, NULL, NULL, NULL, NULL, NULL, NULL),
(2529, NULL, NULL, NULL, NULL, NULL, NULL, NULL, NULL, NULL),
(2538, NULL, NULL, NULL, NULL, NULL, NULL, NULL, NULL, NULL),
(2547, NULL, NULL, NULL, NULL, NULL, NULL, NULL, NULL, NULL),
(2556, NULL, NULL, NULL, NULL, NULL, NULL, NULL, NULL, NULL),
(2565, NULL, NULL, NULL, NULL, NULL, NULL, NULL, NULL, NULL),
(2574, NULL, NULL, NULL, NULL, NULL, NULL, NULL, NULL, NULL),
(2583, NULL, NULL, NULL, NULL, NULL, NULL, NULL, NULL, NULL),
(2592, NULL, NULL, NULL, NULL, NULL, NULL, NULL, NULL, NULL),
(2601, NULL, NULL, NULL, NULL, NULL, NULL, NULL, NULL, NULL),
(2610, NULL, NULL, NULL, NULL, NULL, NULL, NULL, NULL, NULL),
(2619, NULL, NULL, NULL, NULL, NULL, NULL, NULL, NULL, NULL),
(2628, NULL, NULL, NULL, NULL, NULL, NULL, NULL, NULL, NULL),
(2637, NULL, NULL, NULL, NULL, NULL, NULL, NULL, NULL, NULL),
(2646, NULL, NULL, NULL, NULL, NULL, NULL, NULL, NULL, NULL),
(2655, NULL, NULL, NULL, NULL, NULL, NULL, NULL, NULL, NULL),
(2664, NULL, NULL, NULL, NULL, NULL, NULL, NULL, NULL, NULL),
(2673, NULL, NULL, NULL, NULL, NULL, NULL, NULL, NULL, NULL),
(2682, NULL, NULL, NULL, NULL, NULL, NULL, NULL, NULL, NULL),
(2691, NULL, NULL, NULL, NULL, NULL, NULL, NULL, NULL, NULL),
(2700, NULL, NULL, NULL, NULL, NULL, NULL, NULL, NULL, NULL);

-- --------------------------------------------------------

--
-- Table structure for table `adept_t3_attendance`
--

CREATE TABLE IF NOT EXISTS `adept_t3_attendance` (
  `Adept_T3_Attendance_ID` int(11) NOT NULL AUTO_INCREMENT,
  `Orientation_Day` datetime DEFAULT NULL,
  `Site_Visit` datetime DEFAULT NULL,
  `Day_1` datetime DEFAULT NULL,
  `Day_2` datetime DEFAULT NULL,
  `Day_3` datetime DEFAULT NULL,
  `Day_4` datetime DEFAULT NULL,
  `Day_5` datetime DEFAULT NULL,
  `Day_6` datetime DEFAULT NULL,
  `GCAT` datetime DEFAULT NULL,
  `Created_At` timestamp NOT NULL DEFAULT CURRENT_TIMESTAMP,
  `Updated_At` timestamp NOT NULL DEFAULT '0000-00-00 00:00:00' ON UPDATE CURRENT_TIMESTAMP,
  PRIMARY KEY (`Adept_T3_Attendance_ID`),
  UNIQUE KEY `Adept_T3_Attendance_ID_UNIQUE` (`Adept_T3_Attendance_ID`)
) ENGINE=InnoDB  DEFAULT CHARSET=latin1 AUTO_INCREMENT=5 ;

--
-- Dumping data for table `adept_t3_attendance`
--

INSERT INTO `adept_t3_attendance` (`Adept_T3_Attendance_ID`, `Orientation_Day`, `Site_Visit`, `Day_1`, `Day_2`, `Day_3`, `Day_4`, `Day_5`, `Day_6`, `GCAT`, `Created_At`, `Updated_At`) VALUES
(1, '2012-08-01 00:00:00', '2012-08-02 00:00:00', '2012-08-03 00:00:00', '2012-08-04 00:00:00', '2012-08-04 00:00:00', '2012-08-05 00:00:00', '2012-08-06 00:00:00', '2012-08-07 00:00:00', '2012-08-09 00:00:00', '2012-08-10 00:00:00', '2012-08-11 00:00:00'),
(2, '2012-08-02 00:00:00', '2012-08-03 00:00:00', '2012-08-04 00:00:00', '2012-08-05 00:00:00', '2012-08-06 00:00:00', '2012-08-07 00:00:00', '2012-08-08 00:00:00', '2012-08-09 00:00:00', '2012-08-10 00:00:00', '2012-08-11 00:00:00', '2012-08-12 00:00:00'),
(3, '2012-08-03 00:00:00', '2012-08-04 00:00:00', '2012-08-05 00:00:00', '2012-08-06 00:00:00', '2012-08-07 00:00:00', '2012-08-08 00:00:00', '2012-08-09 00:00:00', '2012-08-10 00:00:00', '2012-08-11 00:00:00', '2012-08-12 00:00:00', '2012-08-13 00:00:00'),
(4, '2012-08-04 00:00:00', '2012-08-05 00:00:00', '2012-08-06 00:00:00', '2012-08-07 00:00:00', '2012-08-08 00:00:00', '2012-08-09 00:00:00', '2012-08-10 00:00:00', '2012-08-11 00:00:00', '2012-08-12 00:00:00', '2012-08-13 00:00:00', '2012-08-14 00:00:00');

-- --------------------------------------------------------

--
-- Table structure for table `adept_t3_grades`
--

CREATE TABLE IF NOT EXISTS `adept_t3_grades` (
  `Adept_T3_Grades_ID` int(11) NOT NULL AUTO_INCREMENT,
  `Oral` decimal(10,1) DEFAULT NULL,
  `Retention` decimal(10,1) DEFAULT NULL,
  `Typing` decimal(10,1) DEFAULT NULL,
  `Grammar` decimal(10,1) DEFAULT NULL,
  `Comprehension` decimal(10,1) DEFAULT NULL,
  `Summary_Scores` decimal(10,1) DEFAULT NULL,
  PRIMARY KEY (`Adept_T3_Grades_ID`),
  UNIQUE KEY `Adept_T3_Grades_ID_UNIQUE` (`Adept_T3_Grades_ID`)
) ENGINE=InnoDB  DEFAULT CHARSET=latin1 AUTO_INCREMENT=3 ;

--
-- Dumping data for table `adept_t3_grades`
--

INSERT INTO `adept_t3_grades` (`Adept_T3_Grades_ID`, `Oral`, `Retention`, `Typing`, `Grammar`, `Comprehension`, `Summary_Scores`) VALUES
(1, '4.0', '5.0', '8.0', '7.0', '4.0', '7.0'),
(2, '8.0', '5.0', '5.0', '9.0', '3.0', '6.0');

-- --------------------------------------------------------

--
-- Table structure for table `adept_t3_tracker`
--

CREATE TABLE IF NOT EXISTS `adept_t3_tracker` (
  `T3_Tracker_ID` int(11) NOT NULL AUTO_INCREMENT,
  `Adept_T3_Grades_ID` int(11) NOT NULL,
  `Adept_T3_Attendance_ID` int(11) NOT NULL,
  `Interview_Form` tinyint(1) NOT NULL DEFAULT '0',
  `Site_Visit_Form` tinyint(1) NOT NULL DEFAULT '0',
  `Adept_T3_Feedback` tinyint(1) NOT NULL DEFAULT '0',
  `Adept_ELearning_Feedback` tinyint(1) NOT NULL DEFAULT '0',
  `Manual_and_Kit` tinyint(1) NOT NULL DEFAULT '0',
  `Certificate_Of_Attendance` tinyint(1) NOT NULL DEFAULT '0',
  `Adept_Certified_Trainers` tinyint(1) NOT NULL,
  `Lesson_Plan` double DEFAULT '0',
  `Demo` double DEFAULT '0',
  `Total_Weighted` double DEFAULT '0',
  `Training_Portfolio` double DEFAULT '0',
  `Control_Number` varchar(5) DEFAULT NULL,
  `User_Name` varchar(45) DEFAULT NULL,
  PRIMARY KEY (`T3_Tracker_ID`),
  UNIQUE KEY `T3_Tracker_ID_UNIQUE` (`T3_Tracker_ID`),
  UNIQUE KEY `Control_Number_UNIQUE` (`Control_Number`),
  UNIQUE KEY `User_Name_UNIQUE` (`User_Name`),
  KEY `fk_Adept_T3_Tracker_Adept_T3_Grades1_idx` (`Adept_T3_Grades_ID`),
  KEY `fk_Adept_T3_Tracker_Adept_T3_Attendance1_idx` (`Adept_T3_Attendance_ID`),
  KEY `fk_Adept_T3_Tracker_Teacher_Tracker1_idx` (`T3_Tracker_ID`)
) ENGINE=InnoDB  DEFAULT CHARSET=latin1 AUTO_INCREMENT=5 ;

--
-- Dumping data for table `adept_t3_tracker`
--

INSERT INTO `adept_t3_tracker` (`T3_Tracker_ID`, `Adept_T3_Grades_ID`, `Adept_T3_Attendance_ID`, `Interview_Form`, `Site_Visit_Form`, `Adept_T3_Feedback`, `Adept_ELearning_Feedback`, `Manual_and_Kit`, `Certificate_Of_Attendance`, `Adept_Certified_Trainers`, `Lesson_Plan`, `Demo`, `Total_Weighted`, `Training_Portfolio`, `Control_Number`, `User_Name`) VALUES
(3, 1, 1, 1, 0, 1, 1, 0, 1, 0, 10.1, 12, 12.11, 12.1, 'aa3', 'jppp'),
(4, 2, 2, 1, 1, 1, 1, 0, 0, 1, 10.2, 12.1, 12.11, 12.14, 'aa4', 'jjds01');

-- --------------------------------------------------------

--
-- Table structure for table `best_adept_t3_application`
--

CREATE TABLE IF NOT EXISTS `best_adept_t3_application` (
  `T3_Application_ID` int(11) NOT NULL AUTO_INCREMENT,
  `Answer_1` text,
  `Answer_2` text,
  `Answer_3` text,
  `Contract` tinyint(1) NOT NULL DEFAULT '0',
  PRIMARY KEY (`T3_Application_ID`),
  UNIQUE KEY `T3_Application_ID_UNIQUE` (`T3_Application_ID`),
  KEY `fk_Best_Adept_T3_Application_Teacher_Application1_idx` (`T3_Application_ID`)
) ENGINE=InnoDB  DEFAULT CHARSET=latin1 AUTO_INCREMENT=7 ;

--
-- Dumping data for table `best_adept_t3_application`
--

INSERT INTO `best_adept_t3_application` (`T3_Application_ID`, `Answer_1`, `Answer_2`, `Answer_3`, `Contract`) VALUES
(4, 'Really', 'Some people', 'In a silver platter', 0),
(5, 'No one is shared', 'No one really cares', 'For them', 1),
(6, 'Diamond rings', 'Some just', 'want everything', 1);

-- --------------------------------------------------------

--
-- Table structure for table `best_student`
--

CREATE TABLE IF NOT EXISTS `best_student` (
  `Tracker_ID` int(11) NOT NULL AUTO_INCREMENT,
  `Control_Number` varchar(5) DEFAULT NULL,
  `Username` varchar(45) DEFAULT NULL,
  `CD` tinyint(1) DEFAULT '0',
  `Oral` decimal(10,0) DEFAULT NULL,
  `Retention` decimal(10,0) DEFAULT NULL,
  `Typing` decimal(10,0) DEFAULT NULL,
  `Grammar` decimal(10,0) DEFAULT NULL,
  `Comprehension` decimal(10,0) DEFAULT NULL,
  `Summary_Scores` decimal(10,0) DEFAULT NULL,
  PRIMARY KEY (`Tracker_ID`),
  UNIQUE KEY `Tracker_ID_UNIQUE` (`Tracker_ID`)
) ENGINE=InnoDB  DEFAULT CHARSET=latin1 AUTO_INCREMENT=2700 ;

--
-- Dumping data for table `best_student`
--

INSERT INTO `best_student` (`Tracker_ID`, `Control_Number`, `Username`, `CD`, `Oral`, `Retention`, `Typing`, `Grammar`, `Comprehension`, `Summary_Scores`) VALUES
(1808, NULL, NULL, 0, NULL, NULL, NULL, NULL, NULL, NULL),
(1817, NULL, NULL, 0, NULL, NULL, NULL, NULL, NULL, NULL),
(1826, NULL, NULL, 0, NULL, NULL, NULL, NULL, NULL, NULL),
(1835, NULL, NULL, 0, NULL, NULL, NULL, NULL, NULL, NULL),
(1844, NULL, NULL, 0, NULL, NULL, NULL, NULL, NULL, NULL),
(1853, NULL, NULL, 0, NULL, NULL, NULL, NULL, NULL, NULL),
(1862, NULL, NULL, 0, NULL, NULL, NULL, NULL, NULL, NULL),
(1871, NULL, NULL, 0, NULL, NULL, NULL, NULL, NULL, NULL),
(1880, NULL, NULL, 0, NULL, NULL, NULL, NULL, NULL, NULL),
(1889, NULL, NULL, 0, NULL, NULL, NULL, NULL, NULL, NULL),
(1898, NULL, NULL, 0, NULL, NULL, NULL, NULL, NULL, NULL),
(1907, NULL, NULL, 0, NULL, NULL, NULL, NULL, NULL, NULL),
(1916, NULL, NULL, 0, NULL, NULL, NULL, NULL, NULL, NULL),
(1925, NULL, NULL, 0, NULL, NULL, NULL, NULL, NULL, NULL),
(1934, NULL, NULL, 0, NULL, NULL, NULL, NULL, NULL, NULL),
(1943, NULL, NULL, 0, NULL, NULL, NULL, NULL, NULL, NULL),
(1952, NULL, NULL, 0, NULL, NULL, NULL, NULL, NULL, NULL),
(1961, NULL, NULL, 0, NULL, NULL, NULL, NULL, NULL, NULL),
(1970, NULL, NULL, 0, NULL, NULL, NULL, NULL, NULL, NULL),
(1979, NULL, NULL, 0, NULL, NULL, NULL, NULL, NULL, NULL),
(1988, NULL, NULL, 0, NULL, NULL, NULL, NULL, NULL, NULL),
(1997, NULL, NULL, 0, NULL, NULL, NULL, NULL, NULL, NULL),
(2006, NULL, NULL, 0, NULL, NULL, NULL, NULL, NULL, NULL),
(2015, NULL, NULL, 0, NULL, NULL, NULL, NULL, NULL, NULL),
(2024, NULL, NULL, 0, NULL, NULL, NULL, NULL, NULL, NULL),
(2033, NULL, NULL, 0, NULL, NULL, NULL, NULL, NULL, NULL),
(2042, NULL, NULL, 0, NULL, NULL, NULL, NULL, NULL, NULL),
(2051, NULL, NULL, 0, NULL, NULL, NULL, NULL, NULL, NULL),
(2060, NULL, NULL, 0, NULL, NULL, NULL, NULL, NULL, NULL),
(2069, NULL, NULL, 0, NULL, NULL, NULL, NULL, NULL, NULL),
(2078, NULL, NULL, 0, NULL, NULL, NULL, NULL, NULL, NULL),
(2087, NULL, NULL, 0, NULL, NULL, NULL, NULL, NULL, NULL),
(2096, NULL, NULL, 0, NULL, NULL, NULL, NULL, NULL, NULL),
(2105, NULL, NULL, 0, NULL, NULL, NULL, NULL, NULL, NULL),
(2114, NULL, NULL, 0, NULL, NULL, NULL, NULL, NULL, NULL),
(2123, NULL, NULL, 0, NULL, NULL, NULL, NULL, NULL, NULL),
(2132, NULL, NULL, 0, NULL, NULL, NULL, NULL, NULL, NULL),
(2141, NULL, NULL, 0, NULL, NULL, NULL, NULL, NULL, NULL),
(2150, NULL, NULL, 0, NULL, NULL, NULL, NULL, NULL, NULL),
(2159, NULL, NULL, 0, NULL, NULL, NULL, NULL, NULL, NULL),
(2168, NULL, NULL, 0, NULL, NULL, NULL, NULL, NULL, NULL),
(2177, NULL, NULL, 0, NULL, NULL, NULL, NULL, NULL, NULL),
(2186, NULL, NULL, 0, NULL, NULL, NULL, NULL, NULL, NULL),
(2195, NULL, NULL, 0, NULL, NULL, NULL, NULL, NULL, NULL),
(2204, NULL, NULL, 0, NULL, NULL, NULL, NULL, NULL, NULL),
(2213, NULL, NULL, 0, NULL, NULL, NULL, NULL, NULL, NULL),
(2222, NULL, NULL, 0, NULL, NULL, NULL, NULL, NULL, NULL),
(2231, NULL, NULL, 0, NULL, NULL, NULL, NULL, NULL, NULL),
(2240, NULL, NULL, 0, NULL, NULL, NULL, NULL, NULL, NULL),
(2249, NULL, NULL, 0, NULL, NULL, NULL, NULL, NULL, NULL),
(2258, NULL, NULL, 0, NULL, NULL, NULL, NULL, NULL, NULL),
(2267, NULL, NULL, 0, NULL, NULL, NULL, NULL, NULL, NULL),
(2276, NULL, NULL, 0, NULL, NULL, NULL, NULL, NULL, NULL),
(2285, NULL, NULL, 0, NULL, NULL, NULL, NULL, NULL, NULL),
(2294, NULL, NULL, 0, NULL, NULL, NULL, NULL, NULL, NULL),
(2303, NULL, NULL, 0, NULL, NULL, NULL, NULL, NULL, NULL),
(2312, NULL, NULL, 0, NULL, NULL, NULL, NULL, NULL, NULL),
(2321, NULL, NULL, 0, NULL, NULL, NULL, NULL, NULL, NULL),
(2330, NULL, NULL, 0, NULL, NULL, NULL, NULL, NULL, NULL),
(2339, NULL, NULL, 0, NULL, NULL, NULL, NULL, NULL, NULL),
(2348, NULL, NULL, 0, NULL, NULL, NULL, NULL, NULL, NULL),
(2357, NULL, NULL, 0, NULL, NULL, NULL, NULL, NULL, NULL),
(2366, NULL, NULL, 0, NULL, NULL, NULL, NULL, NULL, NULL),
(2375, NULL, NULL, 0, NULL, NULL, NULL, NULL, NULL, NULL),
(2384, NULL, NULL, 0, NULL, NULL, NULL, NULL, NULL, NULL),
(2393, NULL, NULL, 0, NULL, NULL, NULL, NULL, NULL, NULL),
(2402, NULL, NULL, 0, NULL, NULL, NULL, NULL, NULL, NULL),
(2411, NULL, NULL, 0, NULL, NULL, NULL, NULL, NULL, NULL),
(2420, NULL, NULL, 0, NULL, NULL, NULL, NULL, NULL, NULL),
(2429, NULL, NULL, 0, NULL, NULL, NULL, NULL, NULL, NULL),
(2438, NULL, NULL, 0, NULL, NULL, NULL, NULL, NULL, NULL),
(2447, NULL, NULL, 0, NULL, NULL, NULL, NULL, NULL, NULL),
(2456, NULL, NULL, 0, NULL, NULL, NULL, NULL, NULL, NULL),
(2465, NULL, NULL, 0, NULL, NULL, NULL, NULL, NULL, NULL),
(2474, NULL, NULL, 0, NULL, NULL, NULL, NULL, NULL, NULL),
(2483, NULL, NULL, 0, NULL, NULL, NULL, NULL, NULL, NULL),
(2492, NULL, NULL, 0, NULL, NULL, NULL, NULL, NULL, NULL),
(2501, NULL, NULL, 0, NULL, NULL, NULL, NULL, NULL, NULL),
(2510, NULL, NULL, 0, NULL, NULL, NULL, NULL, NULL, NULL),
(2519, NULL, NULL, 0, NULL, NULL, NULL, NULL, NULL, NULL),
(2528, NULL, NULL, 0, NULL, NULL, NULL, NULL, NULL, NULL),
(2537, NULL, NULL, 0, NULL, NULL, NULL, NULL, NULL, NULL),
(2546, NULL, NULL, 0, NULL, NULL, NULL, NULL, NULL, NULL),
(2555, NULL, NULL, 0, NULL, NULL, NULL, NULL, NULL, NULL),
(2564, NULL, NULL, 0, NULL, NULL, NULL, NULL, NULL, NULL),
(2573, NULL, NULL, 0, NULL, NULL, NULL, NULL, NULL, NULL),
(2582, NULL, NULL, 0, NULL, NULL, NULL, NULL, NULL, NULL),
(2591, NULL, NULL, 0, NULL, NULL, NULL, NULL, NULL, NULL),
(2600, NULL, NULL, 0, NULL, NULL, NULL, NULL, NULL, NULL),
(2609, NULL, NULL, 0, NULL, NULL, NULL, NULL, NULL, NULL),
(2618, NULL, NULL, 0, NULL, NULL, NULL, NULL, NULL, NULL),
(2627, NULL, NULL, 0, NULL, NULL, NULL, NULL, NULL, NULL),
(2636, NULL, NULL, 0, NULL, NULL, NULL, NULL, NULL, NULL),
(2645, NULL, NULL, 0, NULL, NULL, NULL, NULL, NULL, NULL),
(2654, NULL, NULL, 0, NULL, NULL, NULL, NULL, NULL, NULL),
(2663, NULL, NULL, 0, NULL, NULL, NULL, NULL, NULL, NULL),
(2672, NULL, NULL, 0, NULL, NULL, NULL, NULL, NULL, NULL),
(2681, NULL, NULL, 0, NULL, NULL, NULL, NULL, NULL, NULL),
(2690, NULL, NULL, 0, NULL, NULL, NULL, NULL, NULL, NULL),
(2699, NULL, NULL, 0, NULL, NULL, NULL, NULL, NULL, NULL);

-- --------------------------------------------------------

--
-- Table structure for table `best_t3_attendance`
--

CREATE TABLE IF NOT EXISTS `best_t3_attendance` (
  `Best_T3_Attendance_ID` int(11) NOT NULL AUTO_INCREMENT,
  `Orientation_Day` datetime DEFAULT NULL,
  `Site_Visit` datetime DEFAULT NULL,
  `Day_1` datetime DEFAULT NULL,
  `Day_2` datetime DEFAULT NULL,
  `Day_3` datetime DEFAULT NULL,
  `Created_At` timestamp NOT NULL DEFAULT CURRENT_TIMESTAMP,
  `Updated_At` timestamp NOT NULL DEFAULT '0000-00-00 00:00:00' ON UPDATE CURRENT_TIMESTAMP,
  PRIMARY KEY (`Best_T3_Attendance_ID`),
  UNIQUE KEY `Best_T3_Attendance_ID_UNIQUE` (`Best_T3_Attendance_ID`)
) ENGINE=InnoDB  DEFAULT CHARSET=latin1 AUTO_INCREMENT=7 ;

--
-- Dumping data for table `best_t3_attendance`
--

INSERT INTO `best_t3_attendance` (`Best_T3_Attendance_ID`, `Orientation_Day`, `Site_Visit`, `Day_1`, `Day_2`, `Day_3`, `Created_At`, `Updated_At`) VALUES
(1, '2011-11-12 00:00:00', '2011-11-14 00:00:00', '2011-11-01 00:00:00', '2011-11-02 00:00:00', '2011-11-03 00:00:00', '2011-12-12 00:00:00', '2011-12-10 00:00:00'),
(2, '2011-11-14 00:00:00', '2011-11-15 00:00:00', '2011-11-02 00:00:00', '2011-11-04 00:00:00', '2011-11-05 00:00:00', '2012-01-01 00:00:00', '2012-01-02 00:00:00'),
(3, '2011-11-03 00:00:00', '2011-11-02 00:00:00', '2011-11-06 00:00:00', '2011-11-07 00:00:00', '2011-11-08 00:00:00', '2011-11-09 00:00:00', '2011-11-10 00:00:00'),
(4, '2012-08-01 00:00:00', '2012-08-02 00:00:00', '2012-08-03 00:00:00', '2012-08-04 00:00:00', '2012-08-05 00:00:00', '2012-08-06 00:00:00', '2012-08-07 00:00:00'),
(6, NULL, NULL, NULL, NULL, NULL, '2014-02-13 08:53:57', '0000-00-00 00:00:00');

-- --------------------------------------------------------

--
-- Table structure for table `best_t3_grades`
--

CREATE TABLE IF NOT EXISTS `best_t3_grades` (
  `Best_T3_Grades_ID` int(11) NOT NULL AUTO_INCREMENT,
  `Oral` decimal(10,1) DEFAULT NULL,
  `Typing` decimal(10,1) DEFAULT NULL,
  `Retention` decimal(10,1) DEFAULT NULL,
  `Grammar` decimal(10,1) DEFAULT NULL,
  `Comprehension` decimal(10,1) DEFAULT NULL,
  `Summary_Scores` decimal(10,1) DEFAULT NULL,
  PRIMARY KEY (`Best_T3_Grades_ID`),
  UNIQUE KEY `Best_T3_Grades_ID_UNIQUE` (`Best_T3_Grades_ID`)
) ENGINE=InnoDB  DEFAULT CHARSET=latin1 AUTO_INCREMENT=3 ;

--
-- Dumping data for table `best_t3_grades`
--

INSERT INTO `best_t3_grades` (`Best_T3_Grades_ID`, `Oral`, `Typing`, `Retention`, `Grammar`, `Comprehension`, `Summary_Scores`) VALUES
(1, '4.0', '8.0', '5.0', '7.0', '4.0', '7.0'),
(2, '8.0', '5.0', '5.0', '9.0', '3.0', '6.0');

-- --------------------------------------------------------

--
-- Table structure for table `best_t3_tracker`
--

CREATE TABLE IF NOT EXISTS `best_t3_tracker` (
  `T3_Tracker_ID` int(11) NOT NULL AUTO_INCREMENT,
  `Best_T3_Attendance_ID` int(11) NOT NULL,
  `Interview_Form` tinyint(1) NOT NULL DEFAULT '0',
  `Site_Visit_Form` tinyint(1) NOT NULL DEFAULT '0',
  `Best_T3_Feedback` tinyint(1) NOT NULL DEFAULT '0',
  `Best_ELearning_Feedback` tinyint(1) NOT NULL DEFAULT '0',
  `Best_CD` tinyint(1) NOT NULL DEFAULT '0',
  `Certificate_Of_Attendance` tinyint(1) NOT NULL DEFAULT '0',
  `Best_Certified_Trainers` tinyint(1) NOT NULL DEFAULT '0',
  `Task_1` double DEFAULT '0',
  `Task_2` double DEFAULT '0',
  `Task_3` double DEFAULT '0',
  `Task_4` double DEFAULT '0',
  `Best_T3_Grades_ID` int(11) NOT NULL,
  `Control_Number` varchar(5) DEFAULT NULL,
  `User_Name` varchar(45) DEFAULT NULL,
  PRIMARY KEY (`T3_Tracker_ID`),
  UNIQUE KEY `T3_Tracker_ID_UNIQUE` (`T3_Tracker_ID`),
  UNIQUE KEY `Control_Number_UNIQUE` (`Control_Number`),
  UNIQUE KEY `User_Name_UNIQUE` (`User_Name`),
  KEY `fk_Adept_T3_Tracker_Best_T3_Attendance1_idx` (`Best_T3_Attendance_ID`),
  KEY `fk_Adept_T3_Tracker_Best_T3_Grades1_idx` (`Best_T3_Grades_ID`),
  KEY `fk_Best_T3_Tracker_Teacher_Tracker1_idx` (`T3_Tracker_ID`)
) ENGINE=InnoDB  DEFAULT CHARSET=latin1 AUTO_INCREMENT=9 ;

--
-- Dumping data for table `best_t3_tracker`
--

INSERT INTO `best_t3_tracker` (`T3_Tracker_ID`, `Best_T3_Attendance_ID`, `Interview_Form`, `Site_Visit_Form`, `Best_T3_Feedback`, `Best_ELearning_Feedback`, `Best_CD`, `Certificate_Of_Attendance`, `Best_Certified_Trainers`, `Task_1`, `Task_2`, `Task_3`, `Task_4`, `Best_T3_Grades_ID`, `Control_Number`, `User_Name`) VALUES
(7, 1, 0, 1, 1, 0, 1, 0, 1, 12.1, 21.1, 221.1, 12311, 1, '1231', 'jppp'),
(8, 2, 0, 1, 1, 1, 1, 0, 1, 13.1, 321.3, 23.1, 224.2, 2, '1211', 'fllr01');

-- --------------------------------------------------------

--
-- Table structure for table `class`
--

CREATE TABLE IF NOT EXISTS `class` (
  `Class_ID` int(11) NOT NULL AUTO_INCREMENT,
  `Name` varchar(45) NOT NULL,
  `School_Year` varchar(10) NOT NULL,
  `Semester` int(11) NOT NULL,
  `School_ID` int(11) NOT NULL,
  `Subject_ID` int(11) NOT NULL,
  PRIMARY KEY (`Class_ID`),
  UNIQUE KEY `Class_ID_UNIQUE` (`Class_ID`),
  KEY `fk_Section_School2_idx` (`School_ID`),
  KEY `fk_Class_Subject1_idx` (`Subject_ID`)
) ENGINE=InnoDB  DEFAULT CHARSET=latin1 AUTO_INCREMENT=12 ;

--
-- Dumping data for table `class`
--

INSERT INTO `class` (`Class_ID`, `Name`, `School_Year`, `Semester`, `School_ID`, `Subject_ID`) VALUES
(1, 'GCAT-B', '2012-2013', 1, 1, 1),
(2, 'GCAT-A', '2011-2012', 2, 2, 1),
(3, 'BPO101-D', '1993-1994', 3, 3, 2),
(4, 'BPO101-C', '1992-1993', 4, 1, 4),
(5, 'BPO101-A', '1992-1993', 2, 1, 2),
(6, 'BPO102-B', '1992-1993', 3, 2, 1),
(10, 'X', '2010', 1, 1, 1),
(11, 'HH', '2013-2014', 1, 8, 5);

-- --------------------------------------------------------

--
-- Table structure for table `computer_skills`
--

CREATE TABLE IF NOT EXISTS `computer_skills` (
  `Computer_Skills_ID` int(11) NOT NULL AUTO_INCREMENT,
  `Name` varchar(100) NOT NULL,
  PRIMARY KEY (`Computer_Skills_ID`),
  UNIQUE KEY `Computer_Skills_ID_UNIQUE` (`Computer_Skills_ID`)
) ENGINE=InnoDB  DEFAULT CHARSET=latin1 AUTO_INCREMENT=5 ;

--
-- Dumping data for table `computer_skills`
--

INSERT INTO `computer_skills` (`Computer_Skills_ID`, `Name`) VALUES
(1, 'Encoding'),
(2, 'Java'),
(3, 'C++'),
(4, 'C');

-- --------------------------------------------------------

--
-- Table structure for table `gcat_class`
--

CREATE TABLE IF NOT EXISTS `gcat_class` (
  `Class_ID` int(11) NOT NULL AUTO_INCREMENT,
  `Proctor_ID` int(11) NOT NULL,
  PRIMARY KEY (`Class_ID`),
  UNIQUE KEY `Class_ID_UNIQUE` (`Class_ID`),
  KEY `fk_GCAT_Class_Proctor1_idx` (`Proctor_ID`),
  KEY `fk_GCAT_Class_Class1_idx` (`Class_ID`)
) ENGINE=InnoDB  DEFAULT CHARSET=latin1 AUTO_INCREMENT=3 ;

--
-- Dumping data for table `gcat_class`
--

INSERT INTO `gcat_class` (`Class_ID`, `Proctor_ID`) VALUES
(1, 1),
(2, 1);

-- --------------------------------------------------------

--
-- Table structure for table `gcat_student`
--

CREATE TABLE IF NOT EXISTS `gcat_student` (
  `Tracker_ID` int(11) NOT NULL AUTO_INCREMENT,
  `GCAT_Total_Cognitive` int(11) NOT NULL DEFAULT '0',
  `GCAT_Responsiveness` int(11) NOT NULL DEFAULT '0',
  `GCAT_Reliability` int(11) NOT NULL DEFAULT '0',
  `GCAT_Empathy` int(11) NOT NULL DEFAULT '0',
  `GCAT_Courtesy` int(11) NOT NULL DEFAULT '0',
  `GCAT_Learning_Orientation` int(11) NOT NULL DEFAULT '0',
  `GCAT_Communication` int(11) NOT NULL DEFAULT '0',
  `GCAT_Behavioral_Component_Overall_Score` int(11) NOT NULL DEFAULT '0',
  `GCAT_Perceptual_Speed_And_Accuracy` int(11) NOT NULL DEFAULT '0',
  `GCAT_Computer_Literacy` int(11) NOT NULL DEFAULT '0',
  `GCAT_English_Proficiency` int(11) NOT NULL DEFAULT '0',
  `GCAT_Basic_Skills_Test_Overall_Score` int(11) NOT NULL DEFAULT '0',
  `Session_ID` varchar(45) DEFAULT NULL,
  `Test_Date` datetime DEFAULT NULL,
  PRIMARY KEY (`Tracker_ID`),
  UNIQUE KEY `Session_ID_UNIQUE` (`Session_ID`)
) ENGINE=InnoDB  DEFAULT CHARSET=latin1 AUTO_INCREMENT=2699 ;

--
-- Dumping data for table `gcat_student`
--

INSERT INTO `gcat_student` (`Tracker_ID`, `GCAT_Total_Cognitive`, `GCAT_Responsiveness`, `GCAT_Reliability`, `GCAT_Empathy`, `GCAT_Courtesy`, `GCAT_Learning_Orientation`, `GCAT_Communication`, `GCAT_Behavioral_Component_Overall_Score`, `GCAT_Perceptual_Speed_And_Accuracy`, `GCAT_Computer_Literacy`, `GCAT_English_Proficiency`, `GCAT_Basic_Skills_Test_Overall_Score`, `Session_ID`, `Test_Date`) VALUES
(1807, 0, 0, 0, 0, 0, 0, 0, 0, 0, 0, 0, 0, NULL, NULL),
(1816, 0, 0, 0, 0, 0, 0, 0, 0, 0, 0, 0, 0, NULL, NULL),
(1825, 0, 0, 0, 0, 0, 0, 0, 0, 0, 0, 0, 0, NULL, NULL),
(1834, 0, 0, 0, 0, 0, 0, 0, 0, 0, 0, 0, 0, NULL, NULL),
(1843, 0, 0, 0, 0, 0, 0, 0, 0, 0, 0, 0, 0, NULL, NULL),
(1852, 0, 0, 0, 0, 0, 0, 0, 0, 0, 0, 0, 0, NULL, NULL),
(1861, 0, 0, 0, 0, 0, 0, 0, 0, 0, 0, 0, 0, NULL, NULL),
(1870, 0, 0, 0, 0, 0, 0, 0, 0, 0, 0, 0, 0, NULL, NULL),
(1879, 0, 0, 0, 0, 0, 0, 0, 0, 0, 0, 0, 0, NULL, NULL),
(1888, 0, 0, 0, 0, 0, 0, 0, 0, 0, 0, 0, 0, NULL, NULL),
(1897, 0, 0, 0, 0, 0, 0, 0, 0, 0, 0, 0, 0, NULL, NULL),
(1906, 0, 0, 0, 0, 0, 0, 0, 0, 0, 0, 0, 0, NULL, NULL),
(1915, 0, 0, 0, 0, 0, 0, 0, 0, 0, 0, 0, 0, NULL, NULL),
(1924, 0, 0, 0, 0, 0, 0, 0, 0, 0, 0, 0, 0, NULL, NULL),
(1933, 0, 0, 0, 0, 0, 0, 0, 0, 0, 0, 0, 0, NULL, NULL),
(1942, 0, 0, 0, 0, 0, 0, 0, 0, 0, 0, 0, 0, NULL, NULL),
(1951, 0, 0, 0, 0, 0, 0, 0, 0, 0, 0, 0, 0, NULL, NULL),
(1960, 0, 0, 0, 0, 0, 0, 0, 0, 0, 0, 0, 0, NULL, NULL),
(1969, 0, 0, 0, 0, 0, 0, 0, 0, 0, 0, 0, 0, NULL, NULL),
(1978, 0, 0, 0, 0, 0, 0, 0, 0, 0, 0, 0, 0, NULL, NULL),
(1987, 0, 0, 0, 0, 0, 0, 0, 0, 0, 0, 0, 0, NULL, NULL),
(1996, 0, 0, 0, 0, 0, 0, 0, 0, 0, 0, 0, 0, NULL, NULL),
(2005, 0, 0, 0, 0, 0, 0, 0, 0, 0, 0, 0, 0, NULL, NULL),
(2014, 0, 0, 0, 0, 0, 0, 0, 0, 0, 0, 0, 0, NULL, NULL),
(2023, 0, 0, 0, 0, 0, 0, 0, 0, 0, 0, 0, 0, NULL, NULL),
(2032, 0, 0, 0, 0, 0, 0, 0, 0, 0, 0, 0, 0, NULL, NULL),
(2041, 0, 0, 0, 0, 0, 0, 0, 0, 0, 0, 0, 0, NULL, NULL),
(2050, 0, 0, 0, 0, 0, 0, 0, 0, 0, 0, 0, 0, NULL, NULL),
(2059, 0, 0, 0, 0, 0, 0, 0, 0, 0, 0, 0, 0, NULL, NULL),
(2068, 0, 0, 0, 0, 0, 0, 0, 0, 0, 0, 0, 0, NULL, NULL),
(2077, 0, 0, 0, 0, 0, 0, 0, 0, 0, 0, 0, 0, NULL, NULL),
(2086, 0, 0, 0, 0, 0, 0, 0, 0, 0, 0, 0, 0, NULL, NULL),
(2095, 0, 0, 0, 0, 0, 0, 0, 0, 0, 0, 0, 0, NULL, NULL),
(2104, 0, 0, 0, 0, 0, 0, 0, 0, 0, 0, 0, 0, NULL, NULL),
(2113, 0, 0, 0, 0, 0, 0, 0, 0, 0, 0, 0, 0, NULL, NULL),
(2122, 0, 0, 0, 0, 0, 0, 0, 0, 0, 0, 0, 0, NULL, NULL),
(2131, 0, 0, 0, 0, 0, 0, 0, 0, 0, 0, 0, 0, NULL, NULL),
(2140, 0, 0, 0, 0, 0, 0, 0, 0, 0, 0, 0, 0, NULL, NULL),
(2149, 0, 0, 0, 0, 0, 0, 0, 0, 0, 0, 0, 0, NULL, NULL),
(2158, 0, 0, 0, 0, 0, 0, 0, 0, 0, 0, 0, 0, NULL, NULL),
(2167, 0, 0, 0, 0, 0, 0, 0, 0, 0, 0, 0, 0, NULL, NULL),
(2176, 0, 0, 0, 0, 0, 0, 0, 0, 0, 0, 0, 0, NULL, NULL),
(2185, 0, 0, 0, 0, 0, 0, 0, 0, 0, 0, 0, 0, NULL, NULL),
(2194, 0, 0, 0, 0, 0, 0, 0, 0, 0, 0, 0, 0, NULL, NULL),
(2203, 0, 0, 0, 0, 0, 0, 0, 0, 0, 0, 0, 0, NULL, NULL),
(2212, 0, 0, 0, 0, 0, 0, 0, 0, 0, 0, 0, 0, NULL, NULL),
(2221, 0, 0, 0, 0, 0, 0, 0, 0, 0, 0, 0, 0, NULL, NULL),
(2230, 0, 0, 0, 0, 0, 0, 0, 0, 0, 0, 0, 0, NULL, NULL),
(2239, 0, 0, 0, 0, 0, 0, 0, 0, 0, 0, 0, 0, NULL, NULL),
(2248, 0, 0, 0, 0, 0, 0, 0, 0, 0, 0, 0, 0, NULL, NULL),
(2257, 0, 0, 0, 0, 0, 0, 0, 0, 0, 0, 0, 0, NULL, NULL),
(2266, 0, 0, 0, 0, 0, 0, 0, 0, 0, 0, 0, 0, NULL, NULL),
(2275, 0, 0, 0, 0, 0, 0, 0, 0, 0, 0, 0, 0, NULL, NULL),
(2284, 0, 0, 0, 0, 0, 0, 0, 0, 0, 0, 0, 0, NULL, NULL),
(2293, 0, 0, 0, 0, 0, 0, 0, 0, 0, 0, 0, 0, NULL, NULL),
(2302, 0, 0, 0, 0, 0, 0, 0, 0, 0, 0, 0, 0, NULL, NULL),
(2311, 0, 0, 0, 0, 0, 0, 0, 0, 0, 0, 0, 0, NULL, NULL),
(2320, 0, 0, 0, 0, 0, 0, 0, 0, 0, 0, 0, 0, NULL, NULL),
(2329, 0, 0, 0, 0, 0, 0, 0, 0, 0, 0, 0, 0, NULL, NULL),
(2338, 0, 0, 0, 0, 0, 0, 0, 0, 0, 0, 0, 0, NULL, NULL),
(2347, 0, 0, 0, 0, 0, 0, 0, 0, 0, 0, 0, 0, NULL, NULL),
(2356, 0, 0, 0, 0, 0, 0, 0, 0, 0, 0, 0, 0, NULL, NULL),
(2365, 0, 0, 0, 0, 0, 0, 0, 0, 0, 0, 0, 0, NULL, NULL),
(2374, 0, 0, 0, 0, 0, 0, 0, 0, 0, 0, 0, 0, NULL, NULL),
(2383, 0, 0, 0, 0, 0, 0, 0, 0, 0, 0, 0, 0, NULL, NULL),
(2392, 0, 0, 0, 0, 0, 0, 0, 0, 0, 0, 0, 0, NULL, NULL),
(2401, 0, 0, 0, 0, 0, 0, 0, 0, 0, 0, 0, 0, NULL, NULL),
(2410, 0, 0, 0, 0, 0, 0, 0, 0, 0, 0, 0, 0, NULL, NULL),
(2419, 0, 0, 0, 0, 0, 0, 0, 0, 0, 0, 0, 0, NULL, NULL),
(2428, 0, 0, 0, 0, 0, 0, 0, 0, 0, 0, 0, 0, NULL, NULL),
(2437, 0, 0, 0, 0, 0, 0, 0, 0, 0, 0, 0, 0, NULL, NULL),
(2446, 0, 0, 0, 0, 0, 0, 0, 0, 0, 0, 0, 0, NULL, NULL),
(2455, 0, 0, 0, 0, 0, 0, 0, 0, 0, 0, 0, 0, NULL, NULL),
(2464, 0, 0, 0, 0, 0, 0, 0, 0, 0, 0, 0, 0, NULL, NULL),
(2473, 0, 0, 0, 0, 0, 0, 0, 0, 0, 0, 0, 0, NULL, NULL),
(2482, 0, 0, 0, 0, 0, 0, 0, 0, 0, 0, 0, 0, NULL, NULL),
(2491, 0, 0, 0, 0, 0, 0, 0, 0, 0, 0, 0, 0, NULL, NULL),
(2500, 0, 0, 0, 0, 0, 0, 0, 0, 0, 0, 0, 0, NULL, NULL),
(2509, 0, 0, 0, 0, 0, 0, 0, 0, 0, 0, 0, 0, NULL, NULL),
(2518, 0, 0, 0, 0, 0, 0, 0, 0, 0, 0, 0, 0, NULL, NULL),
(2527, 0, 0, 0, 0, 0, 0, 0, 0, 0, 0, 0, 0, NULL, NULL),
(2536, 0, 0, 0, 0, 0, 0, 0, 0, 0, 0, 0, 0, NULL, NULL),
(2545, 0, 0, 0, 0, 0, 0, 0, 0, 0, 0, 0, 0, NULL, NULL),
(2554, 0, 0, 0, 0, 0, 0, 0, 0, 0, 0, 0, 0, NULL, NULL),
(2563, 0, 0, 0, 0, 0, 0, 0, 0, 0, 0, 0, 0, NULL, NULL),
(2572, 0, 0, 0, 0, 0, 0, 0, 0, 0, 0, 0, 0, NULL, NULL),
(2581, 0, 0, 0, 0, 0, 0, 0, 0, 0, 0, 0, 0, NULL, NULL),
(2590, 0, 0, 0, 0, 0, 0, 0, 0, 0, 0, 0, 0, NULL, NULL),
(2599, 0, 0, 0, 0, 0, 0, 0, 0, 0, 0, 0, 0, NULL, NULL),
(2608, 0, 0, 0, 0, 0, 0, 0, 0, 0, 0, 0, 0, NULL, NULL),
(2617, 0, 0, 0, 0, 0, 0, 0, 0, 0, 0, 0, 0, NULL, NULL),
(2626, 0, 0, 0, 0, 0, 0, 0, 0, 0, 0, 0, 0, NULL, NULL),
(2635, 0, 0, 0, 0, 0, 0, 0, 0, 0, 0, 0, 0, NULL, NULL),
(2644, 0, 0, 0, 0, 0, 0, 0, 0, 0, 0, 0, 0, NULL, NULL),
(2653, 0, 0, 0, 0, 0, 0, 0, 0, 0, 0, 0, 0, NULL, NULL),
(2662, 0, 0, 0, 0, 0, 0, 0, 0, 0, 0, 0, 0, NULL, NULL),
(2671, 0, 0, 0, 0, 0, 0, 0, 0, 0, 0, 0, 0, NULL, NULL),
(2680, 0, 0, 0, 0, 0, 0, 0, 0, 0, 0, 0, 0, NULL, NULL),
(2689, 0, 0, 0, 0, 0, 0, 0, 0, 0, 0, 0, 0, NULL, NULL),
(2698, 0, 0, 0, 0, 0, 0, 0, 0, 0, 0, 0, 0, NULL, NULL);

-- --------------------------------------------------------

--
-- Table structure for table `gcat_tracker`
--

CREATE TABLE IF NOT EXISTS `gcat_tracker` (
  `T3_Tracker_ID` int(11) NOT NULL AUTO_INCREMENT,
  `GCAT_Basic_Skills_Test_Overall_Score` int(11) NOT NULL DEFAULT '0',
  `GCAT_Total_Cognitive` int(11) NOT NULL DEFAULT '0',
  `GCAT_English_Proficiency` int(11) NOT NULL DEFAULT '0',
  `GCAT_Computer_Literacy` int(11) NOT NULL DEFAULT '0',
  `GCAT_Perceptual_Speed_&_Accuracy` int(11) NOT NULL DEFAULT '0',
  `GCAT_Behavioral_Component_Overall_Score` int(11) NOT NULL DEFAULT '0',
  `GCAT_Communication` int(11) NOT NULL DEFAULT '0',
  `GCAT_Learning_Orientation` int(11) NOT NULL DEFAULT '0',
  `GCAT_Courtesy` int(11) NOT NULL DEFAULT '0',
  `GCAT_Empathy` int(11) NOT NULL DEFAULT '0',
  `GCAT_Reliability` int(11) NOT NULL DEFAULT '0',
  `GCAT_Responsiveness` int(11) NOT NULL DEFAULT '0',
  `Session_ID` varchar(45) NOT NULL,
  PRIMARY KEY (`T3_Tracker_ID`),
  UNIQUE KEY `Session_ID_UNIQUE` (`Session_ID`),
  UNIQUE KEY `T3_Tracker_ID_UNIQUE` (`T3_Tracker_ID`),
  KEY `fk_GCAT_T3_Tracker_Teacher_Tracker1_idx` (`T3_Tracker_ID`)
) ENGINE=InnoDB  DEFAULT CHARSET=latin1 AUTO_INCREMENT=3 ;

--
-- Dumping data for table `gcat_tracker`
--

INSERT INTO `gcat_tracker` (`T3_Tracker_ID`, `GCAT_Basic_Skills_Test_Overall_Score`, `GCAT_Total_Cognitive`, `GCAT_English_Proficiency`, `GCAT_Computer_Literacy`, `GCAT_Perceptual_Speed_&_Accuracy`, `GCAT_Behavioral_Component_Overall_Score`, `GCAT_Communication`, `GCAT_Learning_Orientation`, `GCAT_Courtesy`, `GCAT_Empathy`, `GCAT_Reliability`, `GCAT_Responsiveness`, `Session_ID`) VALUES
(1, 3, 2, 4, 3, 4, 4, 3, 2, 6, 8, 7, 5, 'aa1'),
(2, 7, 9, 8, 7, 6, 5, 6, 9, 7, 6, 8, 9, 'aa2');

-- --------------------------------------------------------

--
-- Table structure for table `internship_student`
--

CREATE TABLE IF NOT EXISTS `internship_student` (
  `Tracker_ID` int(11) NOT NULL,
  `Supervisor_Name` varchar(250) DEFAULT NULL,
  `Supervisor_Position` varchar(100) DEFAULT NULL,
  `Supervisor_Contact` varchar(45) DEFAULT NULL,
  `Company_Information` text,
  `Company_Address` text,
  `Start_Date` datetime DEFAULT NULL,
  `End_Date` datetime DEFAULT NULL,
  `Total_Work_Hours` int(11) DEFAULT NULL,
  `Task` text,
  `English_Proficiency` int(11) DEFAULT NULL,
  `Computer_Literacy` int(11) DEFAULT NULL,
  `Learning_Orientation` int(11) DEFAULT NULL,
  `Perceptual_Speed_and_Accuracy` int(11) DEFAULT NULL,
  `Reliability` int(11) DEFAULT NULL,
  `Empathy` int(11) DEFAULT NULL,
  `Courtesy` int(11) DEFAULT NULL,
  `Responsiveness` int(11) DEFAULT NULL,
  `Comments` text,
  `Meet_Standards` tinyint(1) DEFAULT NULL,
  PRIMARY KEY (`Tracker_ID`)
) ENGINE=InnoDB DEFAULT CHARSET=latin1;

--
-- Dumping data for table `internship_student`
--

INSERT INTO `internship_student` (`Tracker_ID`, `Supervisor_Name`, `Supervisor_Position`, `Supervisor_Contact`, `Company_Information`, `Company_Address`, `Start_Date`, `End_Date`, `Total_Work_Hours`, `Task`, `English_Proficiency`, `Computer_Literacy`, `Learning_Orientation`, `Perceptual_Speed_and_Accuracy`, `Reliability`, `Empathy`, `Courtesy`, `Responsiveness`, `Comments`, `Meet_Standards`) VALUES
(1806, NULL, NULL, NULL, NULL, NULL, NULL, NULL, NULL, NULL, NULL, NULL, NULL, NULL, NULL, NULL, NULL, NULL, NULL, NULL),
(1815, NULL, NULL, NULL, NULL, NULL, NULL, NULL, NULL, NULL, NULL, NULL, NULL, NULL, NULL, NULL, NULL, NULL, NULL, NULL),
(1824, NULL, NULL, NULL, NULL, NULL, NULL, NULL, NULL, NULL, NULL, NULL, NULL, NULL, NULL, NULL, NULL, NULL, NULL, NULL),
(1833, NULL, NULL, NULL, NULL, NULL, NULL, NULL, NULL, NULL, NULL, NULL, NULL, NULL, NULL, NULL, NULL, NULL, NULL, NULL),
(1842, NULL, NULL, NULL, NULL, NULL, NULL, NULL, NULL, NULL, NULL, NULL, NULL, NULL, NULL, NULL, NULL, NULL, NULL, NULL),
(1851, NULL, NULL, NULL, NULL, NULL, NULL, NULL, NULL, NULL, NULL, NULL, NULL, NULL, NULL, NULL, NULL, NULL, NULL, NULL),
(1860, NULL, NULL, NULL, NULL, NULL, NULL, NULL, NULL, NULL, NULL, NULL, NULL, NULL, NULL, NULL, NULL, NULL, NULL, NULL),
(1869, NULL, NULL, NULL, NULL, NULL, NULL, NULL, NULL, NULL, NULL, NULL, NULL, NULL, NULL, NULL, NULL, NULL, NULL, NULL),
(1878, NULL, NULL, NULL, NULL, NULL, NULL, NULL, NULL, NULL, NULL, NULL, NULL, NULL, NULL, NULL, NULL, NULL, NULL, NULL),
(1887, NULL, NULL, NULL, NULL, NULL, NULL, NULL, NULL, NULL, NULL, NULL, NULL, NULL, NULL, NULL, NULL, NULL, NULL, NULL),
(1896, NULL, NULL, NULL, NULL, NULL, NULL, NULL, NULL, NULL, NULL, NULL, NULL, NULL, NULL, NULL, NULL, NULL, NULL, NULL),
(1905, NULL, NULL, NULL, NULL, NULL, NULL, NULL, NULL, NULL, NULL, NULL, NULL, NULL, NULL, NULL, NULL, NULL, NULL, NULL),
(1914, NULL, NULL, NULL, NULL, NULL, NULL, NULL, NULL, NULL, NULL, NULL, NULL, NULL, NULL, NULL, NULL, NULL, NULL, NULL),
(1923, NULL, NULL, NULL, NULL, NULL, NULL, NULL, NULL, NULL, NULL, NULL, NULL, NULL, NULL, NULL, NULL, NULL, NULL, NULL),
(1932, NULL, NULL, NULL, NULL, NULL, NULL, NULL, NULL, NULL, NULL, NULL, NULL, NULL, NULL, NULL, NULL, NULL, NULL, NULL),
(1941, NULL, NULL, NULL, NULL, NULL, NULL, NULL, NULL, NULL, NULL, NULL, NULL, NULL, NULL, NULL, NULL, NULL, NULL, NULL),
(1950, NULL, NULL, NULL, NULL, NULL, NULL, NULL, NULL, NULL, NULL, NULL, NULL, NULL, NULL, NULL, NULL, NULL, NULL, NULL),
(1959, NULL, NULL, NULL, NULL, NULL, NULL, NULL, NULL, NULL, NULL, NULL, NULL, NULL, NULL, NULL, NULL, NULL, NULL, NULL),
(1968, NULL, NULL, NULL, NULL, NULL, NULL, NULL, NULL, NULL, NULL, NULL, NULL, NULL, NULL, NULL, NULL, NULL, NULL, NULL),
(1977, NULL, NULL, NULL, NULL, NULL, NULL, NULL, NULL, NULL, NULL, NULL, NULL, NULL, NULL, NULL, NULL, NULL, NULL, NULL),
(1986, NULL, NULL, NULL, NULL, NULL, NULL, NULL, NULL, NULL, NULL, NULL, NULL, NULL, NULL, NULL, NULL, NULL, NULL, NULL),
(1995, NULL, NULL, NULL, NULL, NULL, NULL, NULL, NULL, NULL, NULL, NULL, NULL, NULL, NULL, NULL, NULL, NULL, NULL, NULL),
(2004, NULL, NULL, NULL, NULL, NULL, NULL, NULL, NULL, NULL, NULL, NULL, NULL, NULL, NULL, NULL, NULL, NULL, NULL, NULL),
(2013, NULL, NULL, NULL, NULL, NULL, NULL, NULL, NULL, NULL, NULL, NULL, NULL, NULL, NULL, NULL, NULL, NULL, NULL, NULL),
(2022, NULL, NULL, NULL, NULL, NULL, NULL, NULL, NULL, NULL, NULL, NULL, NULL, NULL, NULL, NULL, NULL, NULL, NULL, NULL),
(2031, NULL, NULL, NULL, NULL, NULL, NULL, NULL, NULL, NULL, NULL, NULL, NULL, NULL, NULL, NULL, NULL, NULL, NULL, NULL),
(2040, NULL, NULL, NULL, NULL, NULL, NULL, NULL, NULL, NULL, NULL, NULL, NULL, NULL, NULL, NULL, NULL, NULL, NULL, NULL),
(2049, NULL, NULL, NULL, NULL, NULL, NULL, NULL, NULL, NULL, NULL, NULL, NULL, NULL, NULL, NULL, NULL, NULL, NULL, NULL),
(2058, NULL, NULL, NULL, NULL, NULL, NULL, NULL, NULL, NULL, NULL, NULL, NULL, NULL, NULL, NULL, NULL, NULL, NULL, NULL),
(2067, NULL, NULL, NULL, NULL, NULL, NULL, NULL, NULL, NULL, NULL, NULL, NULL, NULL, NULL, NULL, NULL, NULL, NULL, NULL),
(2076, NULL, NULL, NULL, NULL, NULL, NULL, NULL, NULL, NULL, NULL, NULL, NULL, NULL, NULL, NULL, NULL, NULL, NULL, NULL),
(2085, NULL, NULL, NULL, NULL, NULL, NULL, NULL, NULL, NULL, NULL, NULL, NULL, NULL, NULL, NULL, NULL, NULL, NULL, NULL),
(2094, NULL, NULL, NULL, NULL, NULL, NULL, NULL, NULL, NULL, NULL, NULL, NULL, NULL, NULL, NULL, NULL, NULL, NULL, NULL),
(2103, NULL, NULL, NULL, NULL, NULL, NULL, NULL, NULL, NULL, NULL, NULL, NULL, NULL, NULL, NULL, NULL, NULL, NULL, NULL),
(2112, NULL, NULL, NULL, NULL, NULL, NULL, NULL, NULL, NULL, NULL, NULL, NULL, NULL, NULL, NULL, NULL, NULL, NULL, NULL),
(2121, NULL, NULL, NULL, NULL, NULL, NULL, NULL, NULL, NULL, NULL, NULL, NULL, NULL, NULL, NULL, NULL, NULL, NULL, NULL),
(2130, NULL, NULL, NULL, NULL, NULL, NULL, NULL, NULL, NULL, NULL, NULL, NULL, NULL, NULL, NULL, NULL, NULL, NULL, NULL),
(2139, NULL, NULL, NULL, NULL, NULL, NULL, NULL, NULL, NULL, NULL, NULL, NULL, NULL, NULL, NULL, NULL, NULL, NULL, NULL),
(2148, NULL, NULL, NULL, NULL, NULL, NULL, NULL, NULL, NULL, NULL, NULL, NULL, NULL, NULL, NULL, NULL, NULL, NULL, NULL),
(2157, NULL, NULL, NULL, NULL, NULL, NULL, NULL, NULL, NULL, NULL, NULL, NULL, NULL, NULL, NULL, NULL, NULL, NULL, NULL),
(2166, NULL, NULL, NULL, NULL, NULL, NULL, NULL, NULL, NULL, NULL, NULL, NULL, NULL, NULL, NULL, NULL, NULL, NULL, NULL),
(2175, NULL, NULL, NULL, NULL, NULL, NULL, NULL, NULL, NULL, NULL, NULL, NULL, NULL, NULL, NULL, NULL, NULL, NULL, NULL),
(2184, NULL, NULL, NULL, NULL, NULL, NULL, NULL, NULL, NULL, NULL, NULL, NULL, NULL, NULL, NULL, NULL, NULL, NULL, NULL),
(2193, NULL, NULL, NULL, NULL, NULL, NULL, NULL, NULL, NULL, NULL, NULL, NULL, NULL, NULL, NULL, NULL, NULL, NULL, NULL),
(2202, NULL, NULL, NULL, NULL, NULL, NULL, NULL, NULL, NULL, NULL, NULL, NULL, NULL, NULL, NULL, NULL, NULL, NULL, NULL),
(2211, NULL, NULL, NULL, NULL, NULL, NULL, NULL, NULL, NULL, NULL, NULL, NULL, NULL, NULL, NULL, NULL, NULL, NULL, NULL),
(2220, NULL, NULL, NULL, NULL, NULL, NULL, NULL, NULL, NULL, NULL, NULL, NULL, NULL, NULL, NULL, NULL, NULL, NULL, NULL),
(2229, NULL, NULL, NULL, NULL, NULL, NULL, NULL, NULL, NULL, NULL, NULL, NULL, NULL, NULL, NULL, NULL, NULL, NULL, NULL),
(2238, NULL, NULL, NULL, NULL, NULL, NULL, NULL, NULL, NULL, NULL, NULL, NULL, NULL, NULL, NULL, NULL, NULL, NULL, NULL),
(2247, NULL, NULL, NULL, NULL, NULL, NULL, NULL, NULL, NULL, NULL, NULL, NULL, NULL, NULL, NULL, NULL, NULL, NULL, NULL),
(2256, NULL, NULL, NULL, NULL, NULL, NULL, NULL, NULL, NULL, NULL, NULL, NULL, NULL, NULL, NULL, NULL, NULL, NULL, NULL),
(2265, NULL, NULL, NULL, NULL, NULL, NULL, NULL, NULL, NULL, NULL, NULL, NULL, NULL, NULL, NULL, NULL, NULL, NULL, NULL),
(2274, NULL, NULL, NULL, NULL, NULL, NULL, NULL, NULL, NULL, NULL, NULL, NULL, NULL, NULL, NULL, NULL, NULL, NULL, NULL),
(2283, NULL, NULL, NULL, NULL, NULL, NULL, NULL, NULL, NULL, NULL, NULL, NULL, NULL, NULL, NULL, NULL, NULL, NULL, NULL),
(2292, NULL, NULL, NULL, NULL, NULL, NULL, NULL, NULL, NULL, NULL, NULL, NULL, NULL, NULL, NULL, NULL, NULL, NULL, NULL),
(2301, NULL, NULL, NULL, NULL, NULL, NULL, NULL, NULL, NULL, NULL, NULL, NULL, NULL, NULL, NULL, NULL, NULL, NULL, NULL),
(2310, NULL, NULL, NULL, NULL, NULL, NULL, NULL, NULL, NULL, NULL, NULL, NULL, NULL, NULL, NULL, NULL, NULL, NULL, NULL),
(2319, NULL, NULL, NULL, NULL, NULL, NULL, NULL, NULL, NULL, NULL, NULL, NULL, NULL, NULL, NULL, NULL, NULL, NULL, NULL),
(2328, NULL, NULL, NULL, NULL, NULL, NULL, NULL, NULL, NULL, NULL, NULL, NULL, NULL, NULL, NULL, NULL, NULL, NULL, NULL),
(2337, NULL, NULL, NULL, NULL, NULL, NULL, NULL, NULL, NULL, NULL, NULL, NULL, NULL, NULL, NULL, NULL, NULL, NULL, NULL),
(2346, NULL, NULL, NULL, NULL, NULL, NULL, NULL, NULL, NULL, NULL, NULL, NULL, NULL, NULL, NULL, NULL, NULL, NULL, NULL),
(2355, NULL, NULL, NULL, NULL, NULL, NULL, NULL, NULL, NULL, NULL, NULL, NULL, NULL, NULL, NULL, NULL, NULL, NULL, NULL),
(2364, NULL, NULL, NULL, NULL, NULL, NULL, NULL, NULL, NULL, NULL, NULL, NULL, NULL, NULL, NULL, NULL, NULL, NULL, NULL),
(2373, NULL, NULL, NULL, NULL, NULL, NULL, NULL, NULL, NULL, NULL, NULL, NULL, NULL, NULL, NULL, NULL, NULL, NULL, NULL),
(2382, NULL, NULL, NULL, NULL, NULL, NULL, NULL, NULL, NULL, NULL, NULL, NULL, NULL, NULL, NULL, NULL, NULL, NULL, NULL),
(2391, NULL, NULL, NULL, NULL, NULL, NULL, NULL, NULL, NULL, NULL, NULL, NULL, NULL, NULL, NULL, NULL, NULL, NULL, NULL),
(2400, NULL, NULL, NULL, NULL, NULL, NULL, NULL, NULL, NULL, NULL, NULL, NULL, NULL, NULL, NULL, NULL, NULL, NULL, NULL),
(2409, NULL, NULL, NULL, NULL, NULL, NULL, NULL, NULL, NULL, NULL, NULL, NULL, NULL, NULL, NULL, NULL, NULL, NULL, NULL),
(2418, NULL, NULL, NULL, NULL, NULL, NULL, NULL, NULL, NULL, NULL, NULL, NULL, NULL, NULL, NULL, NULL, NULL, NULL, NULL),
(2427, NULL, NULL, NULL, NULL, NULL, NULL, NULL, NULL, NULL, NULL, NULL, NULL, NULL, NULL, NULL, NULL, NULL, NULL, NULL),
(2436, NULL, NULL, NULL, NULL, NULL, NULL, NULL, NULL, NULL, NULL, NULL, NULL, NULL, NULL, NULL, NULL, NULL, NULL, NULL),
(2445, NULL, NULL, NULL, NULL, NULL, NULL, NULL, NULL, NULL, NULL, NULL, NULL, NULL, NULL, NULL, NULL, NULL, NULL, NULL),
(2454, NULL, NULL, NULL, NULL, NULL, NULL, NULL, NULL, NULL, NULL, NULL, NULL, NULL, NULL, NULL, NULL, NULL, NULL, NULL),
(2463, NULL, NULL, NULL, NULL, NULL, NULL, NULL, NULL, NULL, NULL, NULL, NULL, NULL, NULL, NULL, NULL, NULL, NULL, NULL),
(2472, NULL, NULL, NULL, NULL, NULL, NULL, NULL, NULL, NULL, NULL, NULL, NULL, NULL, NULL, NULL, NULL, NULL, NULL, NULL),
(2481, NULL, NULL, NULL, NULL, NULL, NULL, NULL, NULL, NULL, NULL, NULL, NULL, NULL, NULL, NULL, NULL, NULL, NULL, NULL),
(2490, NULL, NULL, NULL, NULL, NULL, NULL, NULL, NULL, NULL, NULL, NULL, NULL, NULL, NULL, NULL, NULL, NULL, NULL, NULL),
(2499, NULL, NULL, NULL, NULL, NULL, NULL, NULL, NULL, NULL, NULL, NULL, NULL, NULL, NULL, NULL, NULL, NULL, NULL, NULL),
(2508, NULL, NULL, NULL, NULL, NULL, NULL, NULL, NULL, NULL, NULL, NULL, NULL, NULL, NULL, NULL, NULL, NULL, NULL, NULL),
(2517, NULL, NULL, NULL, NULL, NULL, NULL, NULL, NULL, NULL, NULL, NULL, NULL, NULL, NULL, NULL, NULL, NULL, NULL, NULL),
(2526, NULL, NULL, NULL, NULL, NULL, NULL, NULL, NULL, NULL, NULL, NULL, NULL, NULL, NULL, NULL, NULL, NULL, NULL, NULL),
(2535, NULL, NULL, NULL, NULL, NULL, NULL, NULL, NULL, NULL, NULL, NULL, NULL, NULL, NULL, NULL, NULL, NULL, NULL, NULL),
(2544, NULL, NULL, NULL, NULL, NULL, NULL, NULL, NULL, NULL, NULL, NULL, NULL, NULL, NULL, NULL, NULL, NULL, NULL, NULL),
(2553, NULL, NULL, NULL, NULL, NULL, NULL, NULL, NULL, NULL, NULL, NULL, NULL, NULL, NULL, NULL, NULL, NULL, NULL, NULL),
(2562, NULL, NULL, NULL, NULL, NULL, NULL, NULL, NULL, NULL, NULL, NULL, NULL, NULL, NULL, NULL, NULL, NULL, NULL, NULL),
(2571, NULL, NULL, NULL, NULL, NULL, NULL, NULL, NULL, NULL, NULL, NULL, NULL, NULL, NULL, NULL, NULL, NULL, NULL, NULL),
(2580, NULL, NULL, NULL, NULL, NULL, NULL, NULL, NULL, NULL, NULL, NULL, NULL, NULL, NULL, NULL, NULL, NULL, NULL, NULL),
(2589, NULL, NULL, NULL, NULL, NULL, NULL, NULL, NULL, NULL, NULL, NULL, NULL, NULL, NULL, NULL, NULL, NULL, NULL, NULL),
(2598, NULL, NULL, NULL, NULL, NULL, NULL, NULL, NULL, NULL, NULL, NULL, NULL, NULL, NULL, NULL, NULL, NULL, NULL, NULL),
(2607, NULL, NULL, NULL, NULL, NULL, NULL, NULL, NULL, NULL, NULL, NULL, NULL, NULL, NULL, NULL, NULL, NULL, NULL, NULL),
(2616, NULL, NULL, NULL, NULL, NULL, NULL, NULL, NULL, NULL, NULL, NULL, NULL, NULL, NULL, NULL, NULL, NULL, NULL, NULL),
(2625, NULL, NULL, NULL, NULL, NULL, NULL, NULL, NULL, NULL, NULL, NULL, NULL, NULL, NULL, NULL, NULL, NULL, NULL, NULL),
(2634, NULL, NULL, NULL, NULL, NULL, NULL, NULL, NULL, NULL, NULL, NULL, NULL, NULL, NULL, NULL, NULL, NULL, NULL, NULL),
(2643, NULL, NULL, NULL, NULL, NULL, NULL, NULL, NULL, NULL, NULL, NULL, NULL, NULL, NULL, NULL, NULL, NULL, NULL, NULL),
(2652, NULL, NULL, NULL, NULL, NULL, NULL, NULL, NULL, NULL, NULL, NULL, NULL, NULL, NULL, NULL, NULL, NULL, NULL, NULL),
(2661, NULL, NULL, NULL, NULL, NULL, NULL, NULL, NULL, NULL, NULL, NULL, NULL, NULL, NULL, NULL, NULL, NULL, NULL, NULL),
(2670, NULL, NULL, NULL, NULL, NULL, NULL, NULL, NULL, NULL, NULL, NULL, NULL, NULL, NULL, NULL, NULL, NULL, NULL, NULL),
(2679, NULL, NULL, NULL, NULL, NULL, NULL, NULL, NULL, NULL, NULL, NULL, NULL, NULL, NULL, NULL, NULL, NULL, NULL, NULL),
(2688, NULL, NULL, NULL, NULL, NULL, NULL, NULL, NULL, NULL, NULL, NULL, NULL, NULL, NULL, NULL, NULL, NULL, NULL, NULL),
(2697, NULL, NULL, NULL, NULL, NULL, NULL, NULL, NULL, NULL, NULL, NULL, NULL, NULL, NULL, NULL, NULL, NULL, NULL, NULL);

-- --------------------------------------------------------

--
-- Table structure for table `log`
--

CREATE TABLE IF NOT EXISTS `log` (
  `Log_ID` int(11) NOT NULL AUTO_INCREMENT,
  `User_ID` int(11) NOT NULL,
  `Changes` text NOT NULL,
  `Created_At` timestamp NOT NULL DEFAULT CURRENT_TIMESTAMP,
  PRIMARY KEY (`Log_ID`),
  UNIQUE KEY `Log_ID_UNIQUE` (`Log_ID`),
  KEY `fk_Log_Users1_idx` (`User_ID`)
) ENGINE=InnoDB  DEFAULT CHARSET=latin1 AUTO_INCREMENT=54 ;

--
-- Dumping data for table `log`
--

INSERT INTO `log` (`Log_ID`, `User_ID`, `Changes`, `Created_At`) VALUES
(1, 3, 'Student Profile Batch Upload', '2014-02-11 14:51:18'),
(2, 3, 'BEST AdEPT Student Product Tracker Batch Upload', '2014-02-11 14:51:44'),
(3, 3, 'BEST AdEPT Student Tracker Batch Upload', '2014-02-11 14:52:09'),
(4, 3, 'GCAT Student Tracker Batch Upload', '2014-02-11 14:52:32'),
(5, 3, 'SMP Student Tracker Batch Upload', '2014-02-11 14:52:57'),
(6, 3, 'SMP Internship Student Tracker Batch Upload', '2014-02-11 14:53:35'),
(7, 3, 'GCAT Student Grades Batch Upload', '2014-02-11 14:54:39'),
(8, 3, 'AdEPT Student Grades Batch Upload', '2014-02-11 14:55:32'),
(9, 3, 'Updated Student Profile', '2014-02-11 15:22:10'),
(10, 3, 'Updated Student Profile', '2014-02-11 15:29:11'),
(11, 3, 'Updated Student Profile', '2014-02-11 15:29:38'),
(12, 3, 'Updated Student Profile', '2014-02-12 01:59:16'),
(13, 3, 'Updated Teacher Profile', '2014-02-12 07:16:22'),
(14, 3, 'Updated Teacher Profile', '2014-02-12 07:17:15'),
(15, 3, 'Updated Teacher Profile', '2014-02-12 07:17:23'),
(16, 3, 'Updated Teacher Profile', '2014-02-12 07:22:33'),
(17, 3, 'Updated Teacher Profile', '2014-02-12 07:22:53'),
(18, 3, 'Updated Teacher Profile', '2014-02-12 07:28:33'),
(19, 3, 'Updated Teacher Profile', '2014-02-12 07:28:39'),
(20, 3, 'Updated Teacher Profile', '2014-02-12 07:28:44'),
(21, 3, 'Updated Teacher Profile', '2014-02-12 07:29:04'),
(22, 3, 'Updated Teacher Profile', '2014-02-12 07:29:15'),
(23, 3, 'Updated Teacher Profile', '2014-02-12 07:30:16'),
(24, 3, 'Updated Teacher Profile', '2014-02-12 07:30:24'),
(25, 3, 'Updated Teacher Profile', '2014-02-12 07:43:18'),
(26, 3, 'Updated Teacher Profile', '2014-02-12 08:08:53'),
(27, 3, 'Added Proctor', '2014-02-14 04:13:56'),
(28, 3, 'Updated Proctor', '2014-02-14 04:20:48'),
(29, 3, 'Updated Proctor', '2014-02-14 04:20:55'),
(30, 3, 'Added Master Trainer', '2014-02-14 04:27:38'),
(31, 3, 'Student Profile Batch Upload', '2014-02-14 05:07:37'),
(32, 3, 'Student Profile Batch Upload', '2014-02-14 05:11:53'),
(33, 3, 'Added Class List', '2014-02-14 05:15:22'),
(34, 3, 'Updated Mastertrainer Classlist', '2014-02-15 08:16:16'),
(35, 3, 'Updated Mastertrainer Classlist', '2014-02-15 08:57:04'),
(36, 3, 'Updated Mastertrainer Classlist', '2014-02-15 09:05:50'),
(37, 3, 'Updated SMP Tracker', '2014-02-17 01:33:32'),
(38, 3, 'Student Profile Batch Upload', '2014-02-17 01:53:06'),
(39, 3, 'Updated SMP Tracker', '2014-02-17 02:03:05'),
(40, 3, 'Updated SMP Internship Tracker', '2014-02-17 02:03:07'),
(41, 3, 'Updated SMP Tracker', '2014-02-17 07:38:22'),
(42, 3, 'Updated SMP Tracker', '2014-02-17 07:38:49'),
(43, 3, 'Updated SMP Tracker', '2014-02-17 07:39:04'),
(44, 3, 'Updated SMP Tracker', '2014-02-17 15:40:14'),
(45, 3, 'Updated SMP Internship Tracker', '2014-02-17 15:40:34'),
(46, 3, 'Updated T3 AdEPT Tracker', '2014-02-17 15:41:27'),
(47, 3, 'Student Profile Batch Upload', '2014-02-18 13:13:57'),
(48, 3, 'Student Profile Batch Upload', '2014-02-18 13:19:57'),
(49, 3, 'Added Class List', '2014-02-18 13:20:50'),
(50, 3, 'Added Class List', '2014-02-18 14:35:41'),
(51, 3, 'Added Class List', '2014-02-18 14:40:09'),
(52, 3, 'Updated Student Profile', '2014-02-19 02:48:39'),
(53, 3, 'Updated SMP Internship Tracker', '2014-02-22 07:50:41');

-- --------------------------------------------------------

--
-- Table structure for table `master_trainer`
--

CREATE TABLE IF NOT EXISTS `master_trainer` (
  `Master_Trainer_ID` int(11) NOT NULL AUTO_INCREMENT,
  `Last_Name` varchar(45) NOT NULL,
  `First_Name` varchar(45) NOT NULL,
  `Middle_Initial` varchar(3) NOT NULL,
  `Name_Suffix` varchar(4) DEFAULT NULL,
  `Gender` char(1) NOT NULL,
  `Civil_Status` varchar(9) NOT NULL DEFAULT 'Single',
  `Mobile_Number` varchar(13) NOT NULL,
  `Landline` varchar(9) NOT NULL,
  `Email` varchar(45) NOT NULL,
  `Facebook` varchar(45) DEFAULT NULL,
  `Company_Name` varchar(100) NOT NULL,
  `Company_Address` text NOT NULL,
  `Position` varchar(45) NOT NULL,
  PRIMARY KEY (`Master_Trainer_ID`),
  UNIQUE KEY `Master_Trainer_ID_UNIQUE` (`Master_Trainer_ID`)
) ENGINE=InnoDB  DEFAULT CHARSET=latin1 AUTO_INCREMENT=9 ;

--
-- Dumping data for table `master_trainer`
--

INSERT INTO `master_trainer` (`Master_Trainer_ID`, `Last_Name`, `First_Name`, `Middle_Initial`, `Name_Suffix`, `Gender`, `Civil_Status`, `Mobile_Number`, `Landline`, `Email`, `Facebook`, `Company_Name`, `Company_Address`, `Position`) VALUES
(1, 'Peralta', 'Zara', 'A', '', 'F', 'single', '09174628234', '323413', 'zara@gmail.com', 'zara', 'GDP', 'Basco, Batanes', 'President'),
(2, 'Stop', 'Amiel', 'B', 'Jr', 'M', 'married', '09124834321', '343414', 'amiel@gmail.com', 'amiel', 'AMF', 'Mindanao Avenue', 'Secretary'),
(3, 'Mandela', 'Nelson ', 'C', NULL, 'M', 'Single', '29482020392', '432422', 'nm@yahoo.com', NULL, 'MDA', 'Africa, South Africa', 'President'),
(4, 'Razon', 'Henedina', 'B', NULL, 'F', 'Single', '09832382828', '349382', 'ha@gmail.com', NULL, 'MDJG', 'Basco, Batanes', 'Congressman'),
(8, 'Magno', 'Joan', 'D', '', 'F', 'separated', '09178316188', '6553797', 'joan.magno@gmail.com', '', 'Proctor & Gamble', 'BGC', 'Manager');

-- --------------------------------------------------------

--
-- Table structure for table `organization_affiliations`
--

CREATE TABLE IF NOT EXISTS `organization_affiliations` (
  `Organization_Affiliations_ID` int(11) NOT NULL AUTO_INCREMENT,
  `Name` varchar(255) NOT NULL,
  `Position` varchar(45) NOT NULL,
  `Years_Affiliated` int(11) NOT NULL,
  `Description` varchar(255) DEFAULT NULL,
  PRIMARY KEY (`Organization_Affiliations_ID`),
  UNIQUE KEY `Organization_Affiliations_ID_UNIQUE` (`Organization_Affiliations_ID`)
) ENGINE=InnoDB  DEFAULT CHARSET=latin1 AUTO_INCREMENT=5 ;

--
-- Dumping data for table `organization_affiliations`
--

INSERT INTO `organization_affiliations` (`Organization_Affiliations_ID`, `Name`, `Position`, `Years_Affiliated`, `Description`) VALUES
(1, 'Globe', 'President', 1, 'The Best'),
(2, 'Smart', 'Chairman', 3, 'Master'),
(3, 'Sun Cellular', 'CEO', 3, 'Apprentice'),
(4, 'PLDT', 'COO', 3, 'Connected');

-- --------------------------------------------------------

--
-- Table structure for table `other_class`
--

CREATE TABLE IF NOT EXISTS `other_class` (
  `Class_ID` int(11) NOT NULL AUTO_INCREMENT,
  `Teacher_ID` int(11) NOT NULL,
  PRIMARY KEY (`Class_ID`),
  UNIQUE KEY `Class_ID_UNIQUE` (`Class_ID`),
  KEY `fk_Other_Class_Class1_idx` (`Class_ID`),
  KEY `fk_Other_Class_Teacher1_idx` (`Teacher_ID`)
) ENGINE=InnoDB  DEFAULT CHARSET=latin1 AUTO_INCREMENT=12 ;

--
-- Dumping data for table `other_class`
--

INSERT INTO `other_class` (`Class_ID`, `Teacher_ID`) VALUES
(3, 1),
(4, 2),
(5, 3),
(6, 4),
(11, 32);

-- --------------------------------------------------------

--
-- Table structure for table `proctor`
--

CREATE TABLE IF NOT EXISTS `proctor` (
  `Proctor_ID` int(11) NOT NULL AUTO_INCREMENT,
  `Last_Name` varchar(45) NOT NULL,
  `First_Name` varchar(45) NOT NULL,
  `Middle_Initial` varchar(5) NOT NULL,
  `Name_Suffix` varchar(4) DEFAULT NULL,
  `Gender` char(1) NOT NULL,
  `Civil_Status` varchar(9) NOT NULL DEFAULT 'Single',
  `Mobile_Number` varchar(13) NOT NULL,
  `Landline` varchar(9) NOT NULL,
  `Email` varchar(45) NOT NULL,
  `Facebook` varchar(45) DEFAULT NULL,
  `Company_Name` varchar(45) NOT NULL,
  `Company_Address` varchar(255) NOT NULL,
  `Position` varchar(45) NOT NULL,
  PRIMARY KEY (`Proctor_ID`),
  UNIQUE KEY `Proctor_ID_UNIQUE` (`Proctor_ID`)
) ENGINE=InnoDB  DEFAULT CHARSET=latin1 AUTO_INCREMENT=6 ;

--
-- Dumping data for table `proctor`
--

INSERT INTO `proctor` (`Proctor_ID`, `Last_Name`, `First_Name`, `Middle_Initial`, `Name_Suffix`, `Gender`, `Civil_Status`, `Mobile_Number`, `Landline`, `Email`, `Facebook`, `Company_Name`, `Company_Address`, `Position`) VALUES
(1, 'Fajardo', 'Paolo', 'A', 'Sr.', 'M', 'widowed', '09186542342', '4311231', 'jpc@gmail.com', 'John', 'Ateneo De Manila', 'Katipunan Avenue', 'President'),
(2, 'Marcos', 'Christal', 'B', NULL, 'F', 'Single', '09159403688', '3242412', 'c@yahoo.com', NULL, 'De La Salle', 'Taft Avenue', 'Vice President'),
(3, 'Diana', 'Eyana', 'C', 'II', 'F', 'Separated', '09124234231', '3241412', 'ey@hotmail.com', 'Eyana', 'Makati Business Club', 'Ayala Avenue, Makati', 'Secretary'),
(4, 'Conception', 'Milo', 'B', NULL, 'M', 'Single', '09121834281', '2342431', 'sm@yahoo.com', 'Milo', 'SM', 'Pasay City, Philippines', 'Treasurer'),
(5, 'Cruz', 'Raymond', 'C', '', 'M', 'single', '09178316188', '6553797', 'rjncruz@gmail.com', '', 'Ogilvy & Mather Philippines', 'BGC', 'Digital Producer');

-- --------------------------------------------------------

--
-- Table structure for table `project`
--

CREATE TABLE IF NOT EXISTS `project` (
  `Project_ID` int(11) NOT NULL AUTO_INCREMENT,
  `Name` varchar(250) NOT NULL,
  `Institution` varchar(250) NOT NULL,
  `Year_Implemented` int(11) DEFAULT NULL,
  PRIMARY KEY (`Project_ID`),
  UNIQUE KEY `Project_ID_UNIQUE` (`Project_ID`)
) ENGINE=InnoDB  DEFAULT CHARSET=latin1 AUTO_INCREMENT=5 ;

--
-- Dumping data for table `project`
--

INSERT INTO `project` (`Project_ID`, `Name`, `Institution`, `Year_Implemented`) VALUES
(1, 'Joan Magno', 'CMLI', 2012),
(2, 'Janella Ongcol', 'ADMU', 1999),
(3, 'Sam Tan', 'GMA', 2005),
(4, 'Aaron Ormoc', 'Adidas', NULL);

-- --------------------------------------------------------

--
-- Table structure for table `related_trainings_attended`
--

CREATE TABLE IF NOT EXISTS `related_trainings_attended` (
  `Related_Trainings_Attended_ID` int(11) NOT NULL AUTO_INCREMENT,
  `Training` varchar(45) NOT NULL,
  `Training_Body` varchar(250) NOT NULL,
  `Training_Date` datetime NOT NULL,
  `Teacher_ID` int(11) NOT NULL,
  PRIMARY KEY (`Related_Trainings_Attended_ID`),
  UNIQUE KEY `Related_Trainings_Attended_ID_UNIQUE` (`Related_Trainings_Attended_ID`),
  KEY `fk_Related_Trainings_Attended_Teacher1` (`Teacher_ID`)
) ENGINE=InnoDB  DEFAULT CHARSET=latin1 AUTO_INCREMENT=6 ;

--
-- Dumping data for table `related_trainings_attended`
--

INSERT INTO `related_trainings_attended` (`Related_Trainings_Attended_ID`, `Training`, `Training_Body`, `Training_Date`, `Teacher_ID`) VALUES
(1, 'Cooking', 'CHED', '2012-11-11 00:00:00', 1),
(2, 'Programming', 'Ateneo', '1993-12-11 00:00:00', 2),
(3, 'Teaching', 'CHED', '1992-12-01 00:00:00', 3),
(4, 'Visual Aid', 'Visual Aid Body', '1992-11-02 00:00:00', 4),
(5, 'Fashion', 'Fashion Body', '2012-11-12 00:00:00', 5);

-- --------------------------------------------------------

--
-- Table structure for table `school`
--

CREATE TABLE IF NOT EXISTS `school` (
  `School_ID` int(11) NOT NULL AUTO_INCREMENT,
  `Name` varchar(100) NOT NULL,
  `Address` text NOT NULL,
  `Landline` varchar(9) NOT NULL,
  `Email` varchar(45) NOT NULL,
  `Point Person` varchar(45) NOT NULL,
  `Point_Person_Contact` varchar(13) NOT NULL,
  `Code` varchar(25) NOT NULL,
  `Branch` varchar(45) NOT NULL,
  `Created_At` timestamp NOT NULL DEFAULT CURRENT_TIMESTAMP,
  `Updated_At` timestamp NOT NULL DEFAULT '0000-00-00 00:00:00' ON UPDATE CURRENT_TIMESTAMP,
  PRIMARY KEY (`School_ID`),
  UNIQUE KEY `School_ID_UNIQUE` (`School_ID`),
  UNIQUE KEY `Code_UNIQUE` (`Code`)
) ENGINE=InnoDB  DEFAULT CHARSET=latin1 AUTO_INCREMENT=74 ;

--
-- Dumping data for table `school`
--

INSERT INTO `school` (`School_ID`, `Name`, `Address`, `Landline`, `Email`, `Point Person`, `Point_Person_Contact`, `Code`, `Branch`, `Created_At`, `Updated_At`) VALUES
(1, 'Batangas State University', 'Batangas City', '4101111', 'batstatu@yahoo.com', 'Raymond Cruz', '09151234567', 'BatStateU-Lipa', 'Lipa', '2012-12-12 00:32:22', '2012-12-09 00:32:22'),
(2, 'Batangas State University', 'Batangas City', '4102222', 'batstatu@yahoo.com', 'Michelle Armario', '09129876789', 'BatStateU-Lemery', 'Lemery', '2012-12-12 00:32:22', '2012-12-10 00:32:22'),
(3, 'Batangas State University', 'Batangas City', '3212222', 'batstatu@yahoo.com', 'Michael Tan', '09182341234', 'BatStateU-Malvar', 'Malvar', '2011-10-31 00:32:22', '2011-12-11 00:32:22'),
(4, 'Batangas State University', 'Batangas City', '3232123', 'batstatu@yahoo.com', 'Joan Joner', '09182483211', 'BatStateU-Rosario', 'Rosario', '2012-10-11 00:00:00', '2011-12-12 00:00:00'),
(5, 'Batangas State University', 'Batangas City', '3232123', 'batstatu@yahoo.com', 'Joan Joner', '09182341234', 'BatStateU-San Juan', 'San Juan', '2011-12-12 00:00:00', '2011-12-12 00:00:00'),
(6, 'Batangas State University', 'Batangas City', '3232123', 'batstatu@yahoo.com', 'Joan Joner', '09182341234', 'BatStateU-Balayan', 'Balayan', '2011-12-12 00:00:00', '2011-12-12 00:00:00'),
(7, 'Batangas State University', 'Batangas City', '3232123', 'batstatu@yahoo.com', 'Joan Joner', '09182341234', 'BatStateU-Main', 'Main Campus 1', '2011-12-12 00:00:00', '2011-12-12 00:00:00'),
(8, 'Batangas State University', 'Batangas City', '3232123', 'batstatu@yahoo.com', 'Joan Joner', '09182341234', 'BatStateU-Main 2', 'Main Campus 2', '2011-12-12 00:00:00', '2011-12-12 00:00:00'),
(9, 'Adamson University', 'NCR', '3232123', 'adamson@gmail.com', 'Philip Peralta', '09182341234', 'AdU-NCR', 'NCR', '2011-12-12 00:00:00', '2011-12-12 00:00:00'),
(10, 'Cavite State University', 'Cavite', '3232123', 'cvsu@gmail.com', 'Dayanara Simon', '09182341234', 'CVSU-Imus', 'Imus', '2011-12-12 00:00:00', '2011-12-12 00:00:00'),
(11, 'Cavite State University', 'Cavite', '3232123', 'cvsu@gmail.com', 'Dayanara Simon', '09182341234', 'CVSU-Indang', 'Indang', '2011-12-12 00:00:00', '2011-12-12 00:00:00'),
(12, 'Cavite State University', 'Cavite', '3232123', 'cvsu@gmail.com', 'Dayanara Simon', '09182341234', 'CVSU-Rosario', 'Rosario', '2011-12-12 00:00:00', '2011-12-12 00:00:00'),
(13, 'Cavite State University', 'Cavite', '3232123', 'cvsu@gmail.com', 'Dayanara Simon', '09182341234', 'CVSU-Carmona', 'Carmona', '2011-12-12 00:00:00', '2011-12-12 00:00:00'),
(14, 'Laguna State Polytechnic University', 'Laguna', '1556465', 'lvsu@gmail.com', 'Jerome Federico', '09177353228', 'LSPU-Siniloan', 'Siniloan', '2011-12-12 00:00:00', '2011-12-12 00:00:00'),
(15, 'Laguna State Polytechnic University', 'Laguna', '1556465', 'lvsu@gmail.com', 'Jerome Federico', '09177353228', 'LSPU-Los Banos', 'Los Banos', '2011-12-12 00:00:00', '2011-12-12 00:00:00'),
(16, 'Laguna State Polytechnic University', 'Laguna', '1556465', 'lvsu@gmail.com', 'Jerome Federico', '09177353228', 'LSPU-San Pablo', 'San Pablo', '2011-12-12 00:00:00', '2011-12-12 00:00:00'),
(17, 'Laguna State Polytechnic University', 'Laguna', '1556465', 'lvsu@gmail.com', 'Jerome Federico', '09177353228', 'LSPU-Sta Cruz', 'Sta Cruz', '2011-12-12 00:00:00', '2011-12-12 00:00:00'),
(18, 'Negros Oriental State University', 'Negros Oriental', '3235566', 'norsu@gmail.com', 'Paolo Luces', '09064939966', 'NORSU-Main', 'Main', '2011-12-12 00:00:00', '2011-12-12 00:00:00'),
(19, 'Negros Oriental State University', 'Negros Oriental', '3235566', 'norsu@gmail.com', 'Paolo Luces', '09064939966', 'NORSU-Bayawan', 'Bayawan', '2011-12-12 00:00:00', '2011-12-12 00:00:00'),
(20, 'Negros Oriental State University', 'Negros Oriental', '3235566', 'norsu@gmail.com', 'Paolo Luces', '09064939966', 'NORSU-Guihulngan', 'Guihulngan', '2011-12-12 00:00:00', '2011-12-12 00:00:00'),
(21, 'Negros Oriental State University', 'Negros Oriental', '3235566', 'norsu@gmail.com', 'Paolo Luces', '09064939966', 'NORSU-Bais', 'Bais', '2011-12-12 00:00:00', '2011-12-12 00:00:00'),
(22, 'Negros Oriental State University', 'Negros Oriental', '3235566', 'norsu@gmail.com', 'Paolo Luces', '09064939966', 'NORSU-Siaton', 'Siaton', '2011-12-12 00:00:00', '2011-12-12 00:00:00'),
(23, 'Negros Oriental State University', 'Negros Oriental', '3235566', 'norsu@gmail.com', 'Paolo Luces', '09064939966', 'NORSU-Mabinay', 'Mabinay', '2011-12-12 00:00:00', '2011-12-12 00:00:00'),
(24, 'Philippine Normal Univeristy', 'NCR', '4346578', 'pnu@gmail.com', 'Francisco Fajardo', '09071234564', 'PNU-Main', 'Main', '2011-12-12 00:00:00', '2011-12-12 00:00:00'),
(25, 'Polytechnic University of the Philippines', 'NCR', '4346578', 'school@gmail.com', 'Person Name', '09000000000', 'PUP', 'Main', '2011-12-12 00:00:00', '2011-12-12 00:00:00'),
(26, 'Don Mariano Marcos State University', 'NCR', '4346578', 'school@gmail.com', 'Person Name', '09000000000', 'DMMMSU', 'Main', '2011-12-12 00:00:00', '2014-02-14 03:56:41'),
(27, 'Pangasinan State University', 'NCR', '4346578', 'school@gmail.com', 'Person Name', '09000000000', 'PangSU', 'Main', '2011-12-12 00:00:00', '2014-02-14 03:56:41'),
(28, 'Benguet State University', 'NCR', '4346578', 'school@gmail.com', 'Person Name', '09000000000', 'BengSU', 'Main', '2011-12-12 00:00:00', '2014-02-14 03:56:41'),
(29, 'University of South Eastern Philippines', 'NCR', '4346578', 'school@gmail.com', 'Person Name', '09000000000', 'USEP', 'Main', '2011-12-12 00:00:00', '2014-02-14 03:56:41'),
(30, 'Western Visayas State University', 'NCR', '4346578', 'school@gmail.com', 'Person Name', '09000000000', 'WVCST', 'Main', '2011-12-12 00:00:00', '2014-02-14 03:56:41'),
(31, 'Western Visayas College of Science and Technology', 'NCR', '4346578', 'school@gmail.com', 'Person Name', '09000000000', 'WVSU', 'Main', '2011-12-12 00:00:00', '2014-02-14 03:56:41'),
(32, 'Carlos Hilado Memorial State College', 'NCR', '4346578', 'school@gmail.com', 'Person Name', '09000000000', 'CHMSC', 'Main', '2011-12-12 00:00:00', '2014-02-14 03:56:41'),
(33, 'Nothern Iloilo Polytechnic State College', 'NCR', '4346578', 'school@gmail.com', 'Person Name', '09000000000', 'NIPSC', 'Main', '2011-12-12 00:00:00', '2014-02-14 03:56:41'),
(34, 'Batangas State University', 'NCR', '4346578', 'school@gmail.com', 'Person Name', '09000000000', 'BatStateU-Lobo', 'Lobo', '2011-12-12 00:00:00', '2014-02-14 03:56:41'),
(35, 'Batangas State University', 'NCR', '4346578', 'school@gmail.com', 'Person Name', '09000000000', 'BatStateU-Nasugbu', 'Nasugbu', '2011-12-12 00:00:00', '2014-02-14 03:56:41'),
(36, 'Laguna State Polytechnic University', 'NCR', '4346578', 'school@gmail.com', 'Person Name', '09000000000', 'LSPU-Naic', 'Naic', '2011-12-12 00:00:00', '2014-02-14 03:56:41'),
(37, 'Laguna State Polytechnic University', 'NCR', '4346578', 'school@gmail.com', 'Person Name', '09000000000', 'LSPU-Cavite City', 'Cavite City', '2011-12-12 00:00:00', '2014-02-14 03:56:41'),
(38, 'Laguna State Polytechnic University', 'NCR', '4346578', 'school@gmail.com', 'Person Name', '09000000000', 'LSPU-Bacoor', 'Bacoor', '2011-12-12 00:00:00', '2014-02-14 03:56:41'),
(39, 'Laguna State Polytechnic University', 'NCR', '4346578', 'school@gmail.com', 'Person Name', '09000000000', 'LSPU-Silang', 'Silang', '2011-12-12 00:00:00', '2014-02-14 03:56:41'),
(40, 'Laguna State Polytechnic University', 'NCR', '4346578', 'school@gmail.com', 'Person Name', '09000000000', 'LSPU-General Trias', 'General Trias', '2011-12-12 00:00:00', '2014-02-14 03:56:41'),
(41, 'Laguna State Polytechnic University', 'NCR', '4346578', 'school@gmail.com', 'Person Name', '09000000000', 'LSPU-Tanza', 'Tanza', '2011-12-12 00:00:00', '2014-02-14 03:56:41'),
(42, 'Laguna State Polytechnic University', 'NCR', '4346578', 'school@gmail.com', 'Person Name', '09000000000', 'LSPU-Trece Martires', 'Trece Martires', '2011-12-12 00:00:00', '2014-02-14 03:56:41'),
(43, 'Bulacan State University', 'NCR', '4346578', 'school@gmail.com', 'Person Name', '09000000000', 'BulSU-Malolos', 'Malolos', '2011-12-12 00:00:00', '2014-02-14 03:56:41'),
(44, 'Bulacan State University', 'NCR', '4346578', 'school@gmail.com', 'Person Name', '09000000000', 'BulSU-Bustos', 'Bustos', '2011-12-12 00:00:00', '2014-02-14 03:56:41'),
(45, 'Bulacan State University', 'NCR', '4346578', 'school@gmail.com', 'Person Name', '09000000000', 'BulSU-Meneses', 'Meneses', '2011-12-12 00:00:00', '2014-02-14 03:56:41'),
(46, 'Bulacan State University', 'NCR', '4346578', 'school@gmail.com', 'Person Name', '09000000000', 'BulSU-Sarmiento', 'Sarmiento', '2011-12-12 00:00:00', '2014-02-14 03:56:41'),
(47, 'Bulacan State University', 'NCR', '4346578', 'school@gmail.com', 'Person Name', '09000000000', 'BulSU-Hagonoy', 'Hagonoy', '2011-12-12 00:00:00', '2014-02-14 03:56:41'),
(48, 'University of Sto Tomas', 'NCR', '4346578', 'school@gmail.com', 'Person Name', '09000000000', 'UST', 'Main', '2011-12-12 00:00:00', '2014-02-14 03:56:41'),
(49, 'Technological University of the Philippines', 'NCR', '4346578', 'school@gmail.com', 'Person Name', '09000000000', 'TUP-Manila', 'Manila', '2011-12-12 00:00:00', '2014-02-14 03:56:41'),
(50, 'Ateneo De Manila University', 'NCR', '4346578', 'school@gmail.com', 'Person Name', '09000000000', 'TUP-Taguig', 'Taguig', '2011-12-12 00:00:00', '2014-02-14 03:56:41'),
(51, 'Asia Pacific College', 'NCR', '4346578', 'school@gmail.com', 'Person Name', '09000000000', 'AdMU', 'Main', '2011-12-12 00:00:00', '2014-02-14 03:56:41'),
(52, 'Mapua Institute of Technology', 'NCR', '4346578', 'school@gmail.com', 'Person Name', '09000000000', 'APC', 'Main', '2011-12-12 00:00:00', '2014-02-14 03:56:41'),
(53, 'Mapua Institute of Technology', 'NCR', '4346578', 'school@gmail.com', 'Person Name', '09000000000', 'MIT-Main', 'Main', '2011-12-12 00:00:00', '2014-02-14 03:56:41'),
(54, 'University of the East', 'NCR', '4346578', 'school@gmail.com', 'Person Name', '09000000000', 'MIT-Makati', 'Makati', '2011-12-12 00:00:00', '2014-02-14 03:56:41'),
(55, 'Technological Institute of the Philippines', 'NCR', '4346578', 'school@gmail.com', 'Person Name', '09000000000', 'UE', 'Main', '2011-12-12 00:00:00', '2014-02-14 03:56:41'),
(56, 'Technological Institute of the Philippines', 'NCR', '4346578', 'school@gmail.com', 'Person Name', '09000000000', 'TIP-Manila', 'Manila', '2011-12-12 00:00:00', '2014-02-14 03:56:41'),
(57, 'Far Eastern University', 'NCR', '4346578', 'school@gmail.com', 'Person Name', '09000000000', 'TIP-QC', 'Quezon City', '2011-12-12 00:00:00', '2014-02-14 03:56:41'),
(58, 'Far Eastern University', 'NCR', '4346578', 'school@gmail.com', 'Person Name', '09000000000', 'FEU-Main', 'Main', '2011-12-12 00:00:00', '2014-02-14 03:56:41'),
(59, 'De La Salle University', 'NCR', '4346578', 'school@gmail.com', 'Person Name', '09000000000', 'FEU-EAC', 'EAC', '2011-12-12 00:00:00', '2014-02-14 03:56:41'),
(60, 'University of the Philippines', 'NCR', '4346578', 'school@gmail.com', 'Person Name', '09000000000', 'DLSU', 'Main', '2011-12-12 00:00:00', '2014-02-14 03:56:41'),
(61, 'Univeristy of the Philippines', 'NCR', '4346578', 'school@gmail.com', 'Person Name', '09000000000', 'UP-Diliman', 'Diliman', '2011-12-12 00:00:00', '2014-02-14 03:56:41'),
(62, 'Pamantasan Lungsod ng Maynila', 'NCR', '4346578', 'school@gmail.com', 'Person Name', '09000000000', 'UP-Manila', 'Manila', '2011-12-12 00:00:00', '2014-02-14 03:56:41'),
(63, 'Rizal Technological University', 'NCR', '4346578', 'school@gmail.com', 'Person Name', '09000000000', 'RTU', 'Main', '2011-12-12 00:00:00', '2014-02-14 03:56:41'),
(64, 'Our Lady of Fatima', 'NCR', '4346578', 'school@gmail.com', 'Person Name', '09000000000', 'Our Lady of Fatima', 'Main', '2011-12-12 00:00:00', '2014-02-14 03:56:41'),
(65, 'Arellano University', 'NCR', '4346578', 'school@gmail.com', 'Person Name', '09000000000', 'Arellano University', 'Main', '2011-12-12 00:00:00', '2014-02-14 03:56:41'),
(66, 'STI', 'NCR', '4346578', 'school@gmail.com', 'Person Name', '09000000000', 'STI', 'Main', '2011-12-12 00:00:00', '2014-02-14 03:56:41'),
(67, 'Miriam College', 'NCR', '4346578', 'school@gmail.com', 'Person Name', '09000000000', 'Meriam College', 'Main', '2011-12-12 00:00:00', '2014-02-14 03:56:41'),
(68, 'Far Easten University', 'NCR', '4346578', 'school@gmail.com', 'Person Name', '09000000000', 'FEU-FERN', 'Main', '2011-12-12 00:00:00', '2014-02-14 03:56:41'),
(69, 'Jose Rizal University', 'NCR', '4346578', 'school@gmail.com', 'Person Name', '09000000000', 'JRU', 'Main', '2011-12-12 00:00:00', '2014-02-14 03:56:41'),
(70, 'Informatics', 'NCR', '4346578', 'school@gmail.com', 'Person Name', '09000000000', 'Informatics', 'Main', '2011-12-12 00:00:00', '2014-02-14 03:56:41'),
(71, 'Don Bosco Manila', 'NCR', '4346578', 'school@gmail.com', 'Person Name', '09000000000', 'Don Bosco Manila', 'Main', '2011-12-12 00:00:00', '2014-02-14 03:56:41'),
(72, 'De La Salle - College of Saint Benilde', 'NCR', '4346578', 'school@gmail.com', 'Person Name', '09000000000', 'DLS-CSB', 'Main', '2011-12-12 00:00:00', '2014-02-14 03:56:41'),
(73, 'Tarlac State University', 'NCR', '4346578', 'school@gmail.com', 'Person Name', '09000000000', 'TarSU', 'Main', '2011-12-12 00:00:00', '2014-02-14 03:56:41');

-- --------------------------------------------------------

--
-- Table structure for table `school_project`
--

CREATE TABLE IF NOT EXISTS `school_project` (
  `School_Project_ID` int(11) NOT NULL,
  `School_ID` int(11) NOT NULL,
  `Project_ID` int(11) NOT NULL,
  PRIMARY KEY (`School_Project_ID`),
  KEY `fk_School_Project_School1` (`School_ID`),
  KEY `fk_School_Project_Project1` (`Project_ID`)
) ENGINE=InnoDB DEFAULT CHARSET=latin1;

--
-- Dumping data for table `school_project`
--

INSERT INTO `school_project` (`School_Project_ID`, `School_ID`, `Project_ID`) VALUES
(1, 1, 1),
(2, 2, 1),
(3, 3, 1),
(4, 4, 1),
(5, 5, 1),
(6, 6, 1),
(7, 7, 1),
(8, 8, 1),
(9, 9, 1),
(10, 10, 1),
(11, 11, 1),
(12, 12, 1),
(13, 13, 1),
(14, 14, 1),
(15, 15, 1),
(16, 16, 1),
(17, 17, 1),
(18, 18, 1),
(19, 19, 1),
(20, 20, 1),
(21, 21, 1),
(22, 22, 1),
(23, 23, 1),
(24, 24, 1),
(25, 25, 1),
(26, 26, 1),
(27, 27, 1),
(28, 28, 1),
(29, 29, 1),
(30, 30, 1),
(31, 31, 1),
(32, 32, 1),
(33, 33, 1),
(34, 34, 1),
(35, 35, 1),
(36, 36, 1),
(37, 37, 1),
(38, 38, 1),
(39, 39, 1),
(40, 40, 1),
(41, 41, 1),
(42, 42, 1),
(43, 43, 1),
(44, 44, 1),
(45, 45, 1),
(46, 46, 1),
(47, 47, 1),
(48, 48, 1),
(49, 49, 2),
(50, 50, 2),
(51, 51, 2),
(52, 52, 2),
(53, 53, 2),
(54, 54, 2),
(55, 55, 2),
(56, 56, 2),
(57, 57, 2),
(58, 58, 2),
(59, 59, 2),
(60, 60, 2),
(61, 61, 2),
(62, 62, 2),
(63, 63, 2),
(64, 64, 2),
(65, 65, 2),
(66, 66, 2),
(67, 67, 2),
(68, 68, 2),
(69, 69, 2),
(70, 70, 2),
(71, 71, 2),
(72, 72, 2),
(73, 73, 2),
(74, 24, 2),
(75, 50, 1);

-- --------------------------------------------------------

--
-- Table structure for table `school_subject`
--

CREATE TABLE IF NOT EXISTS `school_subject` (
  `School_Subject_ID` int(11) NOT NULL,
  `School_ID` int(11) NOT NULL,
  `Subject_ID` int(11) NOT NULL,
  PRIMARY KEY (`School_Subject_ID`),
  KEY `fk_School_Subject_School1_idx` (`School_ID`),
  KEY `fk_School_Subject_Subject1_idx` (`Subject_ID`)
) ENGINE=InnoDB DEFAULT CHARSET=latin1;

-- --------------------------------------------------------

--
-- Table structure for table `skills`
--

CREATE TABLE IF NOT EXISTS `skills` (
  `Skills_ID` int(11) NOT NULL AUTO_INCREMENT,
  `Name` varchar(100) NOT NULL,
  PRIMARY KEY (`Skills_ID`),
  UNIQUE KEY `Skills_ID_UNIQUE` (`Skills_ID`)
) ENGINE=InnoDB  DEFAULT CHARSET=latin1 AUTO_INCREMENT=5 ;

--
-- Dumping data for table `skills`
--

INSERT INTO `skills` (`Skills_ID`, `Name`) VALUES
(1, 'Bar Tending'),
(2, 'Singing'),
(3, 'Guitar Playing'),
(4, 'Dancing');

-- --------------------------------------------------------

--
-- Table structure for table `smp_student`
--

CREATE TABLE IF NOT EXISTS `smp_student` (
  `Tracker_ID` int(11) NOT NULL AUTO_INCREMENT,
  `Grade` varchar(5) DEFAULT NULL,
  PRIMARY KEY (`Tracker_ID`),
  UNIQUE KEY `Tracker_ID_UNIQUE` (`Tracker_ID`),
  KEY `fk_SMP_Student_Tracker1_idx` (`Tracker_ID`)
) ENGINE=InnoDB  DEFAULT CHARSET=latin1 AUTO_INCREMENT=2698 ;

--
-- Dumping data for table `smp_student`
--

INSERT INTO `smp_student` (`Tracker_ID`, `Grade`) VALUES
(1801, NULL),
(1802, NULL),
(1803, NULL),
(1804, NULL),
(1805, NULL),
(1806, NULL),
(1810, NULL),
(1811, NULL),
(1812, NULL),
(1813, NULL),
(1814, NULL),
(1815, NULL),
(1819, NULL),
(1820, NULL),
(1821, NULL),
(1822, NULL),
(1823, NULL),
(1824, NULL),
(1828, NULL),
(1829, NULL),
(1830, NULL),
(1831, NULL),
(1832, NULL),
(1833, NULL),
(1837, NULL),
(1838, NULL),
(1839, NULL),
(1840, NULL),
(1841, NULL),
(1842, NULL),
(1846, NULL),
(1847, NULL),
(1848, NULL),
(1849, NULL),
(1850, NULL),
(1851, NULL),
(1855, NULL),
(1856, NULL),
(1857, NULL),
(1858, NULL),
(1859, NULL),
(1860, NULL),
(1864, NULL),
(1865, NULL),
(1866, NULL),
(1867, NULL),
(1868, NULL),
(1869, NULL),
(1873, NULL),
(1874, NULL),
(1875, NULL),
(1876, NULL),
(1877, NULL),
(1878, NULL),
(1882, NULL),
(1883, NULL),
(1884, NULL),
(1885, NULL),
(1886, NULL),
(1887, NULL),
(1891, NULL),
(1892, NULL),
(1893, NULL),
(1894, NULL),
(1895, NULL),
(1896, NULL),
(1900, NULL),
(1901, NULL),
(1902, NULL),
(1903, NULL),
(1904, NULL),
(1905, NULL),
(1909, NULL),
(1910, NULL),
(1911, NULL),
(1912, NULL),
(1913, NULL),
(1914, NULL),
(1918, NULL),
(1919, NULL),
(1920, NULL),
(1921, NULL),
(1922, NULL),
(1923, NULL),
(1927, NULL),
(1928, NULL),
(1929, NULL),
(1930, NULL),
(1931, NULL),
(1932, NULL),
(1936, NULL),
(1937, NULL),
(1938, NULL),
(1939, NULL),
(1940, NULL),
(1941, NULL),
(1945, NULL),
(1946, NULL),
(1947, NULL),
(1948, NULL),
(1949, NULL),
(1950, NULL),
(1954, NULL),
(1955, NULL),
(1956, NULL),
(1957, NULL),
(1958, NULL),
(1959, NULL),
(1963, NULL),
(1964, NULL),
(1965, NULL),
(1966, NULL),
(1967, NULL),
(1968, NULL),
(1972, NULL),
(1973, NULL),
(1974, NULL),
(1975, NULL),
(1976, NULL),
(1977, NULL),
(1981, NULL),
(1982, NULL),
(1983, NULL),
(1984, NULL),
(1985, NULL),
(1986, NULL),
(1990, NULL),
(1991, NULL),
(1992, NULL),
(1993, NULL),
(1994, NULL),
(1995, NULL),
(1999, NULL),
(2000, NULL),
(2001, NULL),
(2002, NULL),
(2003, NULL),
(2004, NULL),
(2008, NULL),
(2009, NULL),
(2010, NULL),
(2011, NULL),
(2012, NULL),
(2013, NULL),
(2017, NULL),
(2018, NULL),
(2019, NULL),
(2020, NULL),
(2021, NULL),
(2022, NULL),
(2026, NULL),
(2027, NULL),
(2028, NULL),
(2029, NULL),
(2030, NULL),
(2031, NULL),
(2035, NULL),
(2036, NULL),
(2037, NULL),
(2038, NULL),
(2039, NULL),
(2040, NULL),
(2044, NULL),
(2045, NULL),
(2046, NULL),
(2047, NULL),
(2048, NULL),
(2049, NULL),
(2053, NULL),
(2054, NULL),
(2055, NULL),
(2056, NULL),
(2057, NULL),
(2058, NULL),
(2062, NULL),
(2063, NULL),
(2064, NULL),
(2065, NULL),
(2066, NULL),
(2067, NULL),
(2071, NULL),
(2072, NULL),
(2073, NULL),
(2074, NULL),
(2075, NULL),
(2076, NULL),
(2080, NULL),
(2081, NULL),
(2082, NULL),
(2083, NULL),
(2084, NULL),
(2085, NULL),
(2089, NULL),
(2090, NULL),
(2091, NULL),
(2092, NULL),
(2093, NULL),
(2094, NULL),
(2098, NULL),
(2099, NULL),
(2100, NULL),
(2101, NULL),
(2102, NULL),
(2103, NULL),
(2107, NULL),
(2108, NULL),
(2109, NULL),
(2110, NULL),
(2111, NULL),
(2112, NULL),
(2116, NULL),
(2117, NULL),
(2118, NULL),
(2119, NULL),
(2120, NULL),
(2121, NULL),
(2125, NULL),
(2126, NULL),
(2127, NULL),
(2128, NULL),
(2129, NULL),
(2130, NULL),
(2134, NULL),
(2135, NULL),
(2136, NULL),
(2137, NULL),
(2138, NULL),
(2139, NULL),
(2143, NULL),
(2144, NULL),
(2145, NULL),
(2146, NULL),
(2147, NULL),
(2148, NULL),
(2152, NULL),
(2153, NULL),
(2154, NULL),
(2155, NULL),
(2156, NULL),
(2157, NULL),
(2161, NULL),
(2162, NULL),
(2163, NULL),
(2164, NULL),
(2165, NULL),
(2166, NULL),
(2170, NULL),
(2171, NULL),
(2172, NULL),
(2173, NULL),
(2174, NULL),
(2175, NULL),
(2179, NULL),
(2180, NULL),
(2181, NULL),
(2182, NULL),
(2183, NULL),
(2184, NULL),
(2188, NULL),
(2189, NULL),
(2190, NULL),
(2191, NULL),
(2192, NULL),
(2193, NULL),
(2197, NULL),
(2198, NULL),
(2199, NULL),
(2200, NULL),
(2201, NULL),
(2202, NULL),
(2206, NULL),
(2207, NULL),
(2208, NULL),
(2209, NULL),
(2210, NULL),
(2211, NULL),
(2215, NULL),
(2216, NULL),
(2217, NULL),
(2218, NULL),
(2219, NULL),
(2220, NULL),
(2224, NULL),
(2225, NULL),
(2226, NULL),
(2227, NULL),
(2228, NULL),
(2229, NULL),
(2233, NULL),
(2234, NULL),
(2235, NULL),
(2236, NULL),
(2237, NULL),
(2238, NULL),
(2242, NULL),
(2243, NULL),
(2244, NULL),
(2245, NULL),
(2246, NULL),
(2247, NULL),
(2251, NULL),
(2252, NULL),
(2253, NULL),
(2254, NULL),
(2255, NULL),
(2256, NULL),
(2260, NULL),
(2261, NULL),
(2262, NULL),
(2263, NULL),
(2264, NULL),
(2265, NULL),
(2269, NULL),
(2270, NULL),
(2271, NULL),
(2272, NULL),
(2273, NULL),
(2274, NULL),
(2278, NULL),
(2279, NULL),
(2280, NULL),
(2281, NULL),
(2282, NULL),
(2283, NULL),
(2287, NULL),
(2288, NULL),
(2289, NULL),
(2290, NULL),
(2291, NULL),
(2292, NULL),
(2296, NULL),
(2297, NULL),
(2298, NULL),
(2299, NULL),
(2300, NULL),
(2301, NULL),
(2305, NULL),
(2306, NULL),
(2307, NULL),
(2308, NULL),
(2309, NULL),
(2310, NULL),
(2314, NULL),
(2315, NULL),
(2316, NULL),
(2317, NULL),
(2318, NULL),
(2319, NULL),
(2323, NULL),
(2324, NULL),
(2325, NULL),
(2326, NULL),
(2327, NULL),
(2328, NULL),
(2332, NULL),
(2333, NULL),
(2334, NULL),
(2335, NULL),
(2336, NULL),
(2337, NULL),
(2341, NULL),
(2342, NULL),
(2343, NULL),
(2344, NULL),
(2345, NULL),
(2346, NULL),
(2350, NULL),
(2351, NULL),
(2352, NULL),
(2353, NULL),
(2354, NULL),
(2355, NULL),
(2359, NULL),
(2360, NULL),
(2361, NULL),
(2362, NULL),
(2363, NULL),
(2364, NULL),
(2368, NULL),
(2369, NULL),
(2370, NULL),
(2371, NULL),
(2372, NULL),
(2373, NULL),
(2377, NULL),
(2378, NULL),
(2379, NULL),
(2380, NULL),
(2381, NULL),
(2382, NULL),
(2386, NULL),
(2387, NULL),
(2388, NULL),
(2389, NULL),
(2390, NULL),
(2391, NULL),
(2395, NULL),
(2396, NULL),
(2397, NULL),
(2398, NULL),
(2399, NULL),
(2400, NULL),
(2404, NULL),
(2405, NULL),
(2406, NULL),
(2407, NULL),
(2408, NULL),
(2409, NULL),
(2413, NULL),
(2414, NULL),
(2415, NULL),
(2416, NULL),
(2417, NULL),
(2418, NULL),
(2422, NULL),
(2423, NULL),
(2424, NULL),
(2425, NULL),
(2426, NULL),
(2427, NULL),
(2431, NULL),
(2432, NULL),
(2433, NULL),
(2434, NULL),
(2435, NULL),
(2436, NULL),
(2440, NULL),
(2441, NULL),
(2442, NULL),
(2443, NULL),
(2444, NULL),
(2445, NULL),
(2449, NULL),
(2450, NULL),
(2451, NULL),
(2452, NULL),
(2453, NULL),
(2454, NULL),
(2458, NULL),
(2459, NULL),
(2460, NULL),
(2461, NULL),
(2462, NULL),
(2463, NULL),
(2467, NULL),
(2468, NULL),
(2469, NULL),
(2470, NULL),
(2471, NULL),
(2472, NULL),
(2476, NULL),
(2477, NULL),
(2478, NULL),
(2479, NULL),
(2480, NULL),
(2481, NULL),
(2485, NULL),
(2486, NULL),
(2487, NULL),
(2488, NULL),
(2489, NULL),
(2490, NULL),
(2494, NULL),
(2495, NULL),
(2496, NULL),
(2497, NULL),
(2498, NULL),
(2499, NULL),
(2503, NULL),
(2504, NULL),
(2505, NULL),
(2506, NULL),
(2507, NULL),
(2508, NULL),
(2512, NULL),
(2513, NULL),
(2514, NULL),
(2515, NULL),
(2516, NULL),
(2517, NULL),
(2521, NULL),
(2522, NULL),
(2523, NULL),
(2524, NULL),
(2525, NULL),
(2526, NULL),
(2530, NULL),
(2531, NULL),
(2532, NULL),
(2533, NULL),
(2534, NULL),
(2535, NULL),
(2539, NULL),
(2540, NULL),
(2541, NULL),
(2542, NULL),
(2543, NULL),
(2544, NULL),
(2548, NULL),
(2549, NULL),
(2550, NULL),
(2551, NULL),
(2552, NULL),
(2553, NULL),
(2557, NULL),
(2558, NULL),
(2559, NULL),
(2560, NULL),
(2561, NULL),
(2562, NULL),
(2566, NULL),
(2567, NULL),
(2568, NULL),
(2569, NULL),
(2570, NULL),
(2571, NULL),
(2575, NULL),
(2576, NULL),
(2577, NULL),
(2578, NULL),
(2579, NULL),
(2580, NULL),
(2584, NULL),
(2585, NULL),
(2586, NULL),
(2587, NULL),
(2588, NULL),
(2589, NULL),
(2593, NULL),
(2594, NULL),
(2595, NULL),
(2596, NULL),
(2597, NULL),
(2598, NULL),
(2602, NULL),
(2603, NULL),
(2604, NULL),
(2605, NULL),
(2606, NULL),
(2607, NULL),
(2611, NULL),
(2612, NULL),
(2613, NULL),
(2614, NULL),
(2615, NULL),
(2616, NULL),
(2620, NULL),
(2621, NULL),
(2622, NULL),
(2623, NULL),
(2624, NULL),
(2625, NULL),
(2629, NULL),
(2630, NULL),
(2631, NULL),
(2632, NULL),
(2633, NULL),
(2634, NULL),
(2638, NULL),
(2639, NULL),
(2640, NULL),
(2641, NULL),
(2642, NULL),
(2643, NULL),
(2647, NULL),
(2648, NULL),
(2649, NULL),
(2650, NULL),
(2651, NULL),
(2652, NULL),
(2656, NULL),
(2657, NULL),
(2658, NULL),
(2659, NULL),
(2660, NULL),
(2661, NULL),
(2665, NULL),
(2666, NULL),
(2667, NULL),
(2668, NULL),
(2669, NULL),
(2670, NULL),
(2674, NULL),
(2675, NULL),
(2676, NULL),
(2677, NULL),
(2678, NULL),
(2679, NULL),
(2683, NULL),
(2684, NULL),
(2685, NULL),
(2686, NULL),
(2687, NULL),
(2688, NULL),
(2692, NULL),
(2693, NULL),
(2694, NULL),
(2695, NULL),
(2696, NULL),
(2697, NULL);

-- --------------------------------------------------------

--
-- Table structure for table `smp_student_courses_taken`
--

CREATE TABLE IF NOT EXISTS `smp_student_courses_taken` (
  `SMP_Student_Courses_Taken_ID` int(11) NOT NULL AUTO_INCREMENT,
  `Student_Class_ID` int(11) DEFAULT NULL,
  `Tracker_ID` int(11) NOT NULL,
  PRIMARY KEY (`SMP_Student_Courses_Taken_ID`),
  UNIQUE KEY `Student_Class_Student_Class_ID_UNIQUE` (`Student_Class_ID`),
  KEY `fk_SMP_Student_Courses_Taken_Student_Class1_idx` (`Student_Class_ID`),
  KEY `fk_SMP_Student_Courses_Taken_SMP_Student1_idx` (`Tracker_ID`)
) ENGINE=InnoDB  DEFAULT CHARSET=latin1 AUTO_INCREMENT=1001 ;

--
-- Dumping data for table `smp_student_courses_taken`
--

INSERT INTO `smp_student_courses_taken` (`SMP_Student_Courses_Taken_ID`, `Student_Class_ID`, `Tracker_ID`) VALUES
(501, NULL, 1801),
(502, NULL, 1802),
(503, NULL, 1803),
(504, NULL, 1804),
(505, NULL, 1805),
(506, NULL, 1810),
(507, NULL, 1811),
(508, NULL, 1812),
(509, NULL, 1813),
(510, NULL, 1814),
(511, NULL, 1819),
(512, NULL, 1820),
(513, NULL, 1821),
(514, NULL, 1822),
(515, NULL, 1823),
(516, NULL, 1828),
(517, NULL, 1829),
(518, NULL, 1830),
(519, NULL, 1831),
(520, NULL, 1832),
(521, NULL, 1837),
(522, NULL, 1838),
(523, NULL, 1839),
(524, NULL, 1840),
(525, NULL, 1841),
(526, NULL, 1846),
(527, NULL, 1847),
(528, NULL, 1848),
(529, NULL, 1849),
(530, NULL, 1850),
(531, NULL, 1855),
(532, NULL, 1856),
(533, NULL, 1857),
(534, NULL, 1858),
(535, NULL, 1859),
(536, NULL, 1864),
(537, NULL, 1865),
(538, NULL, 1866),
(539, NULL, 1867),
(540, NULL, 1868),
(541, NULL, 1873),
(542, NULL, 1874),
(543, NULL, 1875),
(544, NULL, 1876),
(545, NULL, 1877),
(546, NULL, 1882),
(547, NULL, 1883),
(548, NULL, 1884),
(549, NULL, 1885),
(550, NULL, 1886),
(551, NULL, 1891),
(552, NULL, 1892),
(553, NULL, 1893),
(554, NULL, 1894),
(555, NULL, 1895),
(556, NULL, 1900),
(557, NULL, 1901),
(558, NULL, 1902),
(559, NULL, 1903),
(560, NULL, 1904),
(561, NULL, 1909),
(562, NULL, 1910),
(563, NULL, 1911),
(564, NULL, 1912),
(565, NULL, 1913),
(566, NULL, 1918),
(567, NULL, 1919),
(568, NULL, 1920),
(569, NULL, 1921),
(570, NULL, 1922),
(571, NULL, 1927),
(572, NULL, 1928),
(573, NULL, 1929),
(574, NULL, 1930),
(575, NULL, 1931),
(576, NULL, 1936),
(577, NULL, 1937),
(578, NULL, 1938),
(579, NULL, 1939),
(580, NULL, 1940),
(581, NULL, 1945),
(582, NULL, 1946),
(583, NULL, 1947),
(584, NULL, 1948),
(585, NULL, 1949),
(586, NULL, 1954),
(587, NULL, 1955),
(588, NULL, 1956),
(589, NULL, 1957),
(590, NULL, 1958),
(591, NULL, 1963),
(592, NULL, 1964),
(593, NULL, 1965),
(594, NULL, 1966),
(595, NULL, 1967),
(596, NULL, 1972),
(597, NULL, 1973),
(598, NULL, 1974),
(599, NULL, 1975),
(600, NULL, 1976),
(601, NULL, 1981),
(602, NULL, 1982),
(603, NULL, 1983),
(604, NULL, 1984),
(605, NULL, 1985),
(606, NULL, 1990),
(607, NULL, 1991),
(608, NULL, 1992),
(609, NULL, 1993),
(610, NULL, 1994),
(611, NULL, 1999),
(612, NULL, 2000),
(613, NULL, 2001),
(614, NULL, 2002),
(615, NULL, 2003),
(616, NULL, 2008),
(617, NULL, 2009),
(618, NULL, 2010),
(619, NULL, 2011),
(620, NULL, 2012),
(621, NULL, 2017),
(622, NULL, 2018),
(623, NULL, 2019),
(624, NULL, 2020),
(625, NULL, 2021),
(626, NULL, 2026),
(627, NULL, 2027),
(628, NULL, 2028),
(629, NULL, 2029),
(630, NULL, 2030),
(631, NULL, 2035),
(632, NULL, 2036),
(633, NULL, 2037),
(634, NULL, 2038),
(635, NULL, 2039),
(636, NULL, 2044),
(637, NULL, 2045),
(638, NULL, 2046),
(639, NULL, 2047),
(640, NULL, 2048),
(641, NULL, 2053),
(642, NULL, 2054),
(643, NULL, 2055),
(644, NULL, 2056),
(645, NULL, 2057),
(646, NULL, 2062),
(647, NULL, 2063),
(648, NULL, 2064),
(649, NULL, 2065),
(650, NULL, 2066),
(651, NULL, 2071),
(652, NULL, 2072),
(653, NULL, 2073),
(654, NULL, 2074),
(655, NULL, 2075),
(656, NULL, 2080),
(657, NULL, 2081),
(658, NULL, 2082),
(659, NULL, 2083),
(660, NULL, 2084),
(661, NULL, 2089),
(662, NULL, 2090),
(663, NULL, 2091),
(664, NULL, 2092),
(665, NULL, 2093),
(666, NULL, 2098),
(667, NULL, 2099),
(668, NULL, 2100),
(669, NULL, 2101),
(670, NULL, 2102),
(671, NULL, 2107),
(672, NULL, 2108),
(673, NULL, 2109),
(674, NULL, 2110),
(675, NULL, 2111),
(676, NULL, 2116),
(677, NULL, 2117),
(678, NULL, 2118),
(679, NULL, 2119),
(680, NULL, 2120),
(681, NULL, 2125),
(682, NULL, 2126),
(683, NULL, 2127),
(684, NULL, 2128),
(685, NULL, 2129),
(686, NULL, 2134),
(687, NULL, 2135),
(688, NULL, 2136),
(689, NULL, 2137),
(690, NULL, 2138),
(691, NULL, 2143),
(692, NULL, 2144),
(693, NULL, 2145),
(694, NULL, 2146),
(695, NULL, 2147),
(696, NULL, 2152),
(697, NULL, 2153),
(698, NULL, 2154),
(699, NULL, 2155),
(700, NULL, 2156),
(701, NULL, 2161),
(702, NULL, 2162),
(703, NULL, 2163),
(704, NULL, 2164),
(705, NULL, 2165),
(706, NULL, 2170),
(707, NULL, 2171),
(708, NULL, 2172),
(709, NULL, 2173),
(710, NULL, 2174),
(711, NULL, 2179),
(712, NULL, 2180),
(713, NULL, 2181),
(714, NULL, 2182),
(715, NULL, 2183),
(716, NULL, 2188),
(717, NULL, 2189),
(718, NULL, 2190),
(719, NULL, 2191),
(720, NULL, 2192),
(721, NULL, 2197),
(722, NULL, 2198),
(723, NULL, 2199),
(724, NULL, 2200),
(725, NULL, 2201),
(726, NULL, 2206),
(727, NULL, 2207),
(728, NULL, 2208),
(729, NULL, 2209),
(730, NULL, 2210),
(731, NULL, 2215),
(732, NULL, 2216),
(733, NULL, 2217),
(734, NULL, 2218),
(735, NULL, 2219),
(736, NULL, 2224),
(737, NULL, 2225),
(738, NULL, 2226),
(739, NULL, 2227),
(740, NULL, 2228),
(741, NULL, 2233),
(742, NULL, 2234),
(743, NULL, 2235),
(744, NULL, 2236),
(745, NULL, 2237),
(746, NULL, 2242),
(747, NULL, 2243),
(748, NULL, 2244),
(749, NULL, 2245),
(750, NULL, 2246),
(751, NULL, 2251),
(752, NULL, 2252),
(753, NULL, 2253),
(754, NULL, 2254),
(755, NULL, 2255),
(756, NULL, 2260),
(757, NULL, 2261),
(758, NULL, 2262),
(759, NULL, 2263),
(760, NULL, 2264),
(761, NULL, 2269),
(762, NULL, 2270),
(763, NULL, 2271),
(764, NULL, 2272),
(765, NULL, 2273),
(766, NULL, 2278),
(767, NULL, 2279),
(768, NULL, 2280),
(769, NULL, 2281),
(770, NULL, 2282),
(771, NULL, 2287),
(772, NULL, 2288),
(773, NULL, 2289),
(774, NULL, 2290),
(775, NULL, 2291),
(776, NULL, 2296),
(777, NULL, 2297),
(778, NULL, 2298),
(779, NULL, 2299),
(780, NULL, 2300),
(781, NULL, 2305),
(782, NULL, 2306),
(783, NULL, 2307),
(784, NULL, 2308),
(785, NULL, 2309),
(786, NULL, 2314),
(787, NULL, 2315),
(788, NULL, 2316),
(789, NULL, 2317),
(790, NULL, 2318),
(791, NULL, 2323),
(792, NULL, 2324),
(793, NULL, 2325),
(794, NULL, 2326),
(795, NULL, 2327),
(796, NULL, 2332),
(797, NULL, 2333),
(798, NULL, 2334),
(799, NULL, 2335),
(800, NULL, 2336),
(801, NULL, 2341),
(802, NULL, 2342),
(803, NULL, 2343),
(804, NULL, 2344),
(805, NULL, 2345),
(806, NULL, 2350),
(807, NULL, 2351),
(808, NULL, 2352),
(809, NULL, 2353),
(810, NULL, 2354),
(811, NULL, 2359),
(812, NULL, 2360),
(813, NULL, 2361),
(814, NULL, 2362),
(815, NULL, 2363),
(816, NULL, 2368),
(817, NULL, 2369),
(818, NULL, 2370),
(819, NULL, 2371),
(820, NULL, 2372),
(821, NULL, 2377),
(822, NULL, 2378),
(823, NULL, 2379),
(824, NULL, 2380),
(825, NULL, 2381),
(826, NULL, 2386),
(827, NULL, 2387),
(828, NULL, 2388),
(829, NULL, 2389),
(830, NULL, 2390),
(831, NULL, 2395),
(832, NULL, 2396),
(833, NULL, 2397),
(834, NULL, 2398),
(835, NULL, 2399),
(836, NULL, 2404),
(837, NULL, 2405),
(838, NULL, 2406),
(839, NULL, 2407),
(840, NULL, 2408),
(841, NULL, 2413),
(842, NULL, 2414),
(843, NULL, 2415),
(844, NULL, 2416),
(845, NULL, 2417),
(846, NULL, 2422),
(847, NULL, 2423),
(848, NULL, 2424),
(849, NULL, 2425),
(850, NULL, 2426),
(851, NULL, 2431),
(852, NULL, 2432),
(853, NULL, 2433),
(854, NULL, 2434),
(855, NULL, 2435),
(856, NULL, 2440),
(857, NULL, 2441),
(858, NULL, 2442),
(859, NULL, 2443),
(860, NULL, 2444),
(861, NULL, 2449),
(862, NULL, 2450),
(863, NULL, 2451),
(864, NULL, 2452),
(865, NULL, 2453),
(866, NULL, 2458),
(867, NULL, 2459),
(868, NULL, 2460),
(869, NULL, 2461),
(870, NULL, 2462),
(871, NULL, 2467),
(872, NULL, 2468),
(873, NULL, 2469),
(874, NULL, 2470),
(875, NULL, 2471),
(876, NULL, 2476),
(877, NULL, 2477),
(878, NULL, 2478),
(879, NULL, 2479),
(880, NULL, 2480),
(881, NULL, 2485),
(882, NULL, 2486),
(883, NULL, 2487),
(884, NULL, 2488),
(885, NULL, 2489),
(886, NULL, 2494),
(887, NULL, 2495),
(888, NULL, 2496),
(889, NULL, 2497),
(890, NULL, 2498),
(891, NULL, 2503),
(892, NULL, 2504),
(893, NULL, 2505),
(894, NULL, 2506),
(895, NULL, 2507),
(896, NULL, 2512),
(897, NULL, 2513),
(898, NULL, 2514),
(899, NULL, 2515),
(900, NULL, 2516),
(901, NULL, 2521),
(902, NULL, 2522),
(903, NULL, 2523),
(904, NULL, 2524),
(905, NULL, 2525),
(906, NULL, 2530),
(907, NULL, 2531),
(908, NULL, 2532),
(909, NULL, 2533),
(910, NULL, 2534),
(911, NULL, 2539),
(912, NULL, 2540),
(913, NULL, 2541),
(914, NULL, 2542),
(915, NULL, 2543),
(916, NULL, 2548),
(917, NULL, 2549),
(918, NULL, 2550),
(919, NULL, 2551),
(920, NULL, 2552),
(921, NULL, 2557),
(922, NULL, 2558),
(923, NULL, 2559),
(924, NULL, 2560),
(925, NULL, 2561),
(926, NULL, 2566),
(927, NULL, 2567),
(928, NULL, 2568),
(929, NULL, 2569),
(930, NULL, 2570),
(931, NULL, 2575),
(932, NULL, 2576),
(933, NULL, 2577),
(934, NULL, 2578),
(935, NULL, 2579),
(936, NULL, 2584),
(937, NULL, 2585),
(938, NULL, 2586),
(939, NULL, 2587),
(940, NULL, 2588),
(941, NULL, 2593),
(942, NULL, 2594),
(943, NULL, 2595),
(944, NULL, 2596),
(945, NULL, 2597),
(946, NULL, 2602),
(947, NULL, 2603),
(948, NULL, 2604),
(949, NULL, 2605),
(950, NULL, 2606),
(951, NULL, 2611),
(952, NULL, 2612),
(953, NULL, 2613),
(954, NULL, 2614),
(955, NULL, 2615),
(956, NULL, 2620),
(957, NULL, 2621),
(958, NULL, 2622),
(959, NULL, 2623),
(960, NULL, 2624),
(961, NULL, 2629),
(962, NULL, 2630),
(963, NULL, 2631),
(964, NULL, 2632),
(965, NULL, 2633),
(966, NULL, 2638),
(967, NULL, 2639),
(968, NULL, 2640),
(969, NULL, 2641),
(970, NULL, 2642),
(971, NULL, 2647),
(972, NULL, 2648),
(973, NULL, 2649),
(974, NULL, 2650),
(975, NULL, 2651),
(976, NULL, 2656),
(977, NULL, 2657),
(978, NULL, 2658),
(979, NULL, 2659),
(980, NULL, 2660),
(981, NULL, 2665),
(982, NULL, 2666),
(983, NULL, 2667),
(984, NULL, 2668),
(985, NULL, 2669),
(986, NULL, 2674),
(987, NULL, 2675),
(988, NULL, 2676),
(989, NULL, 2677),
(990, NULL, 2678),
(991, NULL, 2683),
(992, NULL, 2684),
(993, NULL, 2685),
(994, NULL, 2686),
(995, NULL, 2687),
(996, NULL, 2692),
(997, NULL, 2693),
(998, NULL, 2694),
(999, NULL, 2695),
(1000, NULL, 2696);

-- --------------------------------------------------------

--
-- Table structure for table `smp_t3_application`
--

CREATE TABLE IF NOT EXISTS `smp_t3_application` (
  `T3_Application_ID` int(11) NOT NULL AUTO_INCREMENT,
  `Answer_1` text,
  `Answer_2` text,
  `Total_Number_Of_Subjects_Handled` int(11) NOT NULL,
  `Years_Teaching` int(11) NOT NULL,
  `Years_Teaching_In_Current_Institution` int(11) NOT NULL,
  `Avg_Student_Per_Class` int(11) NOT NULL,
  `Support_Offices_Available` text,
  `Instructional_Materials_Support` text,
  `Technology_Support` text,
  `Readily_Use_Lab` tinyint(1) NOT NULL DEFAULT '0',
  `Internet_Services` tinyint(1) NOT NULL DEFAULT '0',
  `Self_Assessment_Form_Business_Communication` tinyint(1) NOT NULL DEFAULT '0',
  `Self_Assessment_Form_Service_Culture` tinyint(1) NOT NULL DEFAULT '0',
  `Contract` tinyint(1) NOT NULL DEFAULT '0',
  PRIMARY KEY (`T3_Application_ID`),
  UNIQUE KEY `T3_Application_ID_UNIQUE` (`T3_Application_ID`),
  KEY `fk_SMP_T3_Application_Teacher_Application1_idx` (`T3_Application_ID`)
) ENGINE=InnoDB  DEFAULT CHARSET=latin1 AUTO_INCREMENT=4 ;

--
-- Dumping data for table `smp_t3_application`
--

INSERT INTO `smp_t3_application` (`T3_Application_ID`, `Answer_1`, `Answer_2`, `Total_Number_Of_Subjects_Handled`, `Years_Teaching`, `Years_Teaching_In_Current_Institution`, `Avg_Student_Per_Class`, `Support_Offices_Available`, `Instructional_Materials_Support`, `Technology_Support`, `Readily_Use_Lab`, `Internet_Services`, `Self_Assessment_Form_Business_Communication`, `Self_Assessment_Form_Service_Culture`, `Contract`) VALUES
(1, 'Yes', 'No', 123, 2, 3, 32, 'No.', 'Books', 'Computer', 0, 1, 1, 0, 1),
(2, 'Yes', 'No', 232, 2, 24, 3, 'YES.', 'IPAD', 'Notebook', 0, 0, 1, 1, 0),
(3, 'No', 'No', 2, 33, 3, 20, 'No', 'None', 'None', 0, 0, 1, 1, 0);

-- --------------------------------------------------------

--
-- Table structure for table `smp_t3_attendance`
--

CREATE TABLE IF NOT EXISTS `smp_t3_attendance` (
  `SMP_T3_Attendance_ID` int(11) NOT NULL AUTO_INCREMENT,
  `Time_In` tinyint(1) NOT NULL DEFAULT '0',
  `AM_Snack` tinyint(1) NOT NULL DEFAULT '0',
  `Lunch` tinyint(1) NOT NULL DEFAULT '0',
  `PM_Snack` tinyint(1) NOT NULL DEFAULT '0',
  `Time_Out` tinyint(1) NOT NULL DEFAULT '0',
  `Date` datetime DEFAULT NULL,
  `Created_At` timestamp NOT NULL DEFAULT CURRENT_TIMESTAMP,
  `Updated_At` timestamp NOT NULL DEFAULT '0000-00-00 00:00:00' ON UPDATE CURRENT_TIMESTAMP,
  PRIMARY KEY (`SMP_T3_Attendance_ID`),
  UNIQUE KEY `SMP_T3_Attendance_ID_UNIQUE` (`SMP_T3_Attendance_ID`)
) ENGINE=InnoDB  DEFAULT CHARSET=latin1 AUTO_INCREMENT=5 ;

--
-- Dumping data for table `smp_t3_attendance`
--

INSERT INTO `smp_t3_attendance` (`SMP_T3_Attendance_ID`, `Time_In`, `AM_Snack`, `Lunch`, `PM_Snack`, `Time_Out`, `Date`, `Created_At`, `Updated_At`) VALUES
(1, 1, 1, 1, 0, 0, '2012-11-11 00:00:00', '2011-11-01 00:00:00', '2011-11-02 00:00:00'),
(2, 0, 0, 0, 0, 0, '2011-11-09 00:00:00', '2011-11-01 00:00:00', '2011-11-12 00:00:00'),
(3, 1, 0, 1, 0, 1, '2011-11-12 00:00:00', '2011-11-23 00:00:00', '2011-11-12 00:00:00'),
(4, 0, 1, 0, 1, 0, '2011-11-12 00:00:00', '2011-11-14 00:00:00', '2011-11-16 00:00:00');

-- --------------------------------------------------------

--
-- Table structure for table `smp_t3_attendance_tracking`
--

CREATE TABLE IF NOT EXISTS `smp_t3_attendance_tracking` (
  `SMP_T3_Attendance_Tracking_ID` int(11) NOT NULL AUTO_INCREMENT,
  `Event` varchar(100) NOT NULL,
  `SMP_T3_Attendance_ID` int(11) NOT NULL,
  `T3_Tracker_ID` int(11) NOT NULL,
  PRIMARY KEY (`SMP_T3_Attendance_Tracking_ID`),
  UNIQUE KEY `SMP_T3_Attendance_Tracking_ID_UNIQUE` (`SMP_T3_Attendance_Tracking_ID`),
  KEY `fk_SMP_T3_Attendance_Tracking_SMP_T3_Attendance1_idx` (`SMP_T3_Attendance_ID`),
  KEY `fk_SMP_T3_Attendance_Tracking_SMP_T3_Tracker1_idx` (`T3_Tracker_ID`)
) ENGINE=InnoDB  DEFAULT CHARSET=latin1 AUTO_INCREMENT=5 ;

--
-- Dumping data for table `smp_t3_attendance_tracking`
--

INSERT INTO `smp_t3_attendance_tracking` (`SMP_T3_Attendance_Tracking_ID`, `Event`, `SMP_T3_Attendance_ID`, `T3_Tracker_ID`) VALUES
(1, 'Dance ', 1, 5),
(2, 'Singing', 2, 5),
(3, 'Cooking', 3, 6),
(4, 'Skateboarding', 4, 6);

-- --------------------------------------------------------

--
-- Table structure for table `smp_t3_site_visit`
--

CREATE TABLE IF NOT EXISTS `smp_t3_site_visit` (
  `SMP_T3_Site_Visit_ID` int(11) NOT NULL AUTO_INCREMENT,
  `Training_Location` varchar(45) NOT NULL,
  `Company_Host` varchar(45) NOT NULL,
  `Event_Date` datetime NOT NULL,
  `Feedback_Form` tinyint(1) NOT NULL DEFAULT '0',
  `Created_At` timestamp NOT NULL DEFAULT CURRENT_TIMESTAMP,
  `Updated_At` timestamp NOT NULL DEFAULT '0000-00-00 00:00:00' ON UPDATE CURRENT_TIMESTAMP,
  PRIMARY KEY (`SMP_T3_Site_Visit_ID`),
  UNIQUE KEY `SMP_T3_Site_Visit_ID_UNIQUE` (`SMP_T3_Site_Visit_ID`)
) ENGINE=InnoDB  DEFAULT CHARSET=latin1 AUTO_INCREMENT=5 ;

--
-- Dumping data for table `smp_t3_site_visit`
--

INSERT INTO `smp_t3_site_visit` (`SMP_T3_Site_Visit_ID`, `Training_Location`, `Company_Host`, `Event_Date`, `Feedback_Form`, `Created_At`, `Updated_At`) VALUES
(1, 'Quezon City', 'Ateneo', '2011-11-12 00:00:00', 0, '2011-11-12 00:00:00', '2011-11-26 00:00:00'),
(2, 'Manila City', 'La Salle', '2011-11-21 00:00:00', 1, '2011-11-21 00:00:00', '2011-11-16 00:00:00'),
(3, 'Manila CIty', 'PUP', '2011-11-19 00:00:00', 0, '2011-09-11 00:00:00', '2011-04-11 00:00:00'),
(4, 'Makati City', 'CSA', '2012-11-13 00:00:00', 1, '2014-08-09 00:00:00', '2015-09-09 00:00:00');

-- --------------------------------------------------------

--
-- Table structure for table `smp_t3_tracker`
--

CREATE TABLE IF NOT EXISTS `smp_t3_tracker` (
  `T3_Tracker_ID` int(11) NOT NULL AUTO_INCREMENT,
  `SMP_T3_Site_Visit_ID` int(11) NOT NULL,
  PRIMARY KEY (`T3_Tracker_ID`),
  UNIQUE KEY `T3_Tracker_ID_UNIQUE` (`T3_Tracker_ID`),
  KEY `fk_SMP_T3_Tracker_SMP_T3_Site_Visit1_idx` (`SMP_T3_Site_Visit_ID`),
  KEY `fk_SMP_T3_Tracker_T3_Tracker1_idx` (`T3_Tracker_ID`)
) ENGINE=InnoDB  DEFAULT CHARSET=latin1 AUTO_INCREMENT=7 ;

--
-- Dumping data for table `smp_t3_tracker`
--

INSERT INTO `smp_t3_tracker` (`T3_Tracker_ID`, `SMP_T3_Site_Visit_ID`) VALUES
(5, 1),
(6, 2);

-- --------------------------------------------------------

--
-- Table structure for table `status`
--

CREATE TABLE IF NOT EXISTS `status` (
  `Status_ID` int(11) NOT NULL AUTO_INCREMENT,
  `Name` varchar(20) NOT NULL,
  PRIMARY KEY (`Status_ID`),
  UNIQUE KEY `Status_ID_UNIQUE` (`Status_ID`)
) ENGINE=InnoDB  DEFAULT CHARSET=latin1 AUTO_INCREMENT=5 ;

--
-- Dumping data for table `status`
--

INSERT INTO `status` (`Status_ID`, `Name`) VALUES
(1, 'Passed'),
(2, 'Fail'),
(3, 'Currently Taking'),
(4, 'Dropped');

-- --------------------------------------------------------

--
-- Table structure for table `stipend_tracking`
--

CREATE TABLE IF NOT EXISTS `stipend_tracking` (
  `Stipend_Tracking_ID` int(11) NOT NULL AUTO_INCREMENT,
  `Amount` double NOT NULL DEFAULT '0',
  `Claimed` tinyint(1) NOT NULL DEFAULT '0',
  `Created_At` timestamp NOT NULL DEFAULT CURRENT_TIMESTAMP,
  `Updated_At` timestamp NOT NULL DEFAULT '0000-00-00 00:00:00' ON UPDATE CURRENT_TIMESTAMP,
  PRIMARY KEY (`Stipend_Tracking_ID`)
) ENGINE=InnoDB DEFAULT CHARSET=latin1 AUTO_INCREMENT=1 ;

-- --------------------------------------------------------

--
-- Table structure for table `stipend_tracking_list`
--

CREATE TABLE IF NOT EXISTS `stipend_tracking_list` (
  `Stipend_Tracking_List_ID` int(11) NOT NULL AUTO_INCREMENT,
  `Date` varchar(45) NOT NULL,
  `Checked_By` varchar(100) NOT NULL,
  `Stipend_Tracking_ID` int(11) NOT NULL,
  `Subject_ID` int(11) NOT NULL,
  `Teacher_ID` int(11) NOT NULL,
  PRIMARY KEY (`Stipend_Tracking_List_ID`),
  KEY `fk_Stipend_Tracking_List_Stipend_Tracking1_idx` (`Stipend_Tracking_ID`),
  KEY `fk_Stipend_Tracking_List_Subject_ID1_idx` (`Subject_ID`),
  KEY `fk_Stipend_Tracking_List_Teacher1_idx` (`Teacher_ID`)
) ENGINE=InnoDB DEFAULT CHARSET=latin1 AUTO_INCREMENT=1 ;

-- --------------------------------------------------------

--
-- Table structure for table `student`
--

CREATE TABLE IF NOT EXISTS `student` (
  `Student_ID` int(11) NOT NULL AUTO_INCREMENT,
  `School_ID` int(11) NOT NULL,
  `Last_Name` varchar(45) NOT NULL,
  `First_Name` varchar(45) NOT NULL,
  `Middle_Initial` varchar(4) NOT NULL,
  `Name_Suffix` varchar(5) DEFAULT NULL,
  `Student_ID_Number` varchar(10) NOT NULL,
  `Civil_Status` varchar(9) NOT NULL DEFAULT 'Single',
  `Birthdate` datetime NOT NULL,
  `Birthplace` varchar(45) NOT NULL DEFAULT 'Philippines',
  `Gender` char(1) NOT NULL,
  `Nationality` varchar(45) NOT NULL DEFAULT 'Filipino',
  `Street_Number` varchar(5) NOT NULL,
  `Street_Name` varchar(45) NOT NULL,
  `City` varchar(45) NOT NULL,
  `Province` varchar(45) NOT NULL,
  `Region` varchar(45) NOT NULL,
  `Alternate_Address` text,
  `Mobile_Number` varchar(13) NOT NULL,
  `Landline` varchar(9) NOT NULL,
  `Email` varchar(45) NOT NULL,
  `Facebook` varchar(45) DEFAULT NULL,
  `Course` varchar(100) NOT NULL,
  `Year` int(11) NOT NULL,
  `Expected_Year_of_Graduation` int(11) NOT NULL,
  `DOST_Scholar` tinyint(1) NOT NULL DEFAULT '0',
  `Scholar` tinyint(1) NOT NULL DEFAULT '0',
  `Interested_in_ITBPO` tinyint(1) NOT NULL,
  `Own_A_Computer` tinyint(1) DEFAULT '0',
  `Internet_Access` tinyint(1) DEFAULT '0',
  `Code` varchar(15) NOT NULL,
  PRIMARY KEY (`Student_ID`),
  UNIQUE KEY `Student_ID_UNIQUE` (`Student_ID`),
  UNIQUE KEY `Code` (`Code`),
  KEY `fk_Student_School1_idx` (`School_ID`)
) ENGINE=InnoDB  DEFAULT CHARSET=latin1 AUTO_INCREMENT=301 ;

--
-- Dumping data for table `student`
--

INSERT INTO `student` (`Student_ID`, `School_ID`, `Last_Name`, `First_Name`, `Middle_Initial`, `Name_Suffix`, `Student_ID_Number`, `Civil_Status`, `Birthdate`, `Birthplace`, `Gender`, `Nationality`, `Street_Number`, `Street_Name`, `City`, `Province`, `Region`, `Alternate_Address`, `Mobile_Number`, `Landline`, `Email`, `Facebook`, `Course`, `Year`, `Expected_Year_of_Graduation`, `DOST_Scholar`, `Scholar`, `Interested_in_ITBPO`, `Own_A_Computer`, `Internet_Access`, `Code`) VALUES
(201, 8, 'Pierce', 'Briar', 'V', '', '44059009', 'single', '1983-08-07 00:00:00', 'Pasig', 'M', 'Chinese', '697', 'Donec', 'Binangonan', 'Quezon', 'VIII', '', '3398681111168', '2295191', 'cursus.Nunc@velmaurisInteger.com', 'rjncruz', 'BS CS', 4, 2017, 1, 1, 1, 0, 0, '844059009'),
(202, 8, 'George', 'Bert', 'W', NULL, '76628711', 'Separated', '1983-02-10 00:00:00', 'Mandalyong', 'M', 'Korean', '1140', 'Proin', 'Cebu', 'Quezon', 'I', NULL, '5114714718889', '4190992', 'vitae.purus@antelectus.edu', NULL, 'AB Marketing', 4, 2015, 0, 0, 1, 0, 0, '876628711'),
(203, 8, 'Richmond', 'Adam', 'U', NULL, '11825095', 'Married', '1983-10-04 00:00:00', 'Antipolo', 'M', 'Korean', '2576', 'ante blandit viverra.', 'Cebu', 'Quezon', 'X', NULL, '4100239441264', '9468273', 'ipsum.primis@mauris.net', NULL, 'BS CoE', 3, 2018, 0, 0, 0, 0, 0, '811825095'),
(204, 8, 'Becker', 'Mercedes', 'U', NULL, '63715739', 'Married', '1980-02-23 00:00:00', 'Filinvest', 'M', 'Filipino', '1236', 'scelerisque', 'Quezon City', 'Quezon', 'XI', NULL, '9938054630067', '8485980', 'ac.mattis.ornare@nisi.ca', NULL, 'AB Management', 4, 2016, 0, 1, 1, 0, 0, '863715739'),
(205, 8, 'Vargas', 'Nyssa', 'E', NULL, '65081034', 'Separated', '1983-09-29 00:00:00', 'Malabon', 'F', 'American', '2927', 'neque. Nullam nisl.', 'Davao', 'Quezon', 'II', NULL, '4508870405610', '5361819', 'sollicitudin@nislQuisquefringilla.com', NULL, 'AB CS', 4, 2016, 1, 1, 0, 0, 0, '865081034'),
(206, 8, 'Gould', 'Jocelyn', 'V', NULL, '16771105', 'Separated', '1980-12-16 00:00:00', 'Quezon City', 'M', 'American', '4736', 'in sodales elit', 'Taytay', 'Quezon', 'VII', NULL, '6069239255506', '1904874', 'neque.In@nibhenim.edu', NULL, 'AB Marketing', 4, 2015, 0, 0, 0, 0, 0, '816771105'),
(207, 8, 'Logan', 'Eric', 'I', NULL, '56280394', 'Separated', '1982-02-09 00:00:00', 'Mandalyong', 'F', 'Korean', '4240', 'sagittis. Nullam vitae', 'Cainta', 'Quezon', 'IX', NULL, '3955955644138', '7838764', 'arcu.Curabitur.ut@imperdiet.edu', NULL, 'AB ECE', 4, 2018, 0, 1, 1, 0, 0, '856280394'),
(208, 8, 'Schultz', 'Shad', 'J', NULL, '11388768', 'Separated', '1983-07-01 00:00:00', 'Manila', 'M', 'Filipino', '1415', 'sed sem egestas', 'Binangonan', 'Quezon', 'V', NULL, '1515445202589', '3150048', 'condimentum@consequatnec.org', NULL, 'AB ECE', 4, 2018, 0, 0, 1, 0, 0, '811388768'),
(209, 8, 'Richards', 'Trevor', 'P', NULL, '83614408', 'Separated', '1981-11-22 00:00:00', 'Quezon City', 'M', 'Chinese', '2843', 'mauris', 'Taytay', 'Quezon', 'IX', NULL, '8323697656858', '2846552', 'In.condimentum.Donec@vestibulum.edu', NULL, 'AB IT', 3, 2017, 0, 1, 0, 0, 0, '883614408'),
(210, 8, 'Joseph', 'Cain', 'T', NULL, '26470806', 'Married', '1980-05-31 00:00:00', 'Manila', 'F', 'American', '212', 'nec ante blandit', 'Cebu', 'Quezon', 'IX', NULL, '5675393947400', '6005951', 'pede@arcu.org', NULL, 'AB Marketing', 4, 2017, 0, 1, 0, 0, 0, '826470806'),
(211, 8, 'Best', 'Chanda', 'H', NULL, '20574513', 'Single', '1983-07-27 00:00:00', 'Taytay', 'M', 'Filipino', '4492', 'quis', 'Beijing', 'Quezon', 'VI', NULL, '7859844489023', '2624793', 'Nunc.mauris.Morbi@sed.org', NULL, 'BS Management', 4, 2016, 0, 1, 0, 0, 0, '820574513'),
(212, 8, 'Miles', 'Ahmed', 'Z', NULL, '6810186', 'Widowed', '1982-05-04 00:00:00', 'Davao', 'F', 'American', '3902', 'est. Mauris eu', 'Cebu', 'Quezon', 'III', NULL, '6253003832418', '1570131', 'sem.vitae@et.org', NULL, 'BS IT', 1, 2018, 1, 0, 1, 0, 0, '86810186'),
(213, 8, 'Hughes', 'Boris', 'M', NULL, '82589223', 'Widowed', '1981-11-03 00:00:00', 'Malabon', 'F', 'American', '3705', 'arcu. Morbi', 'Malabon', 'Quezon', 'V', NULL, '3661897182464', '6147450', 'id.libero.Donec@blanditmattisCras.ca', NULL, 'AB CoE', 3, 2015, 0, 0, 1, 0, 0, '882589223'),
(214, 8, 'Witt', 'Shoshana', 'Q', NULL, '72840585', 'Married', '1983-12-31 00:00:00', 'Binangonan', 'F', 'Korean', '256', 'ornare, elit', 'Cebu', 'Quezon', 'II', NULL, '4534694378729', '2052296', 'elit.Etiam.laoreet@magna.ca', NULL, 'AB ECE', 3, 2016, 0, 0, 1, 0, 0, '872840585'),
(215, 8, 'Becker', 'Stewart', 'P', NULL, '61763323', 'Single', '1982-01-11 00:00:00', 'Beijing', 'F', 'Filipino', '3537', 'et, eros. Proin', 'Davao', 'Quezon', 'XI', NULL, '2552413564641', '4827834', 'lectus.justo@at.co.uk', NULL, 'BS CS', 4, 2016, 0, 0, 1, 0, 0, '861763323'),
(216, 8, 'Goodman', 'Lynn', 'F', NULL, '49172732', 'Separated', '1983-12-15 00:00:00', 'Antipolo', 'F', 'Filipino', '3133', 'eu, ligula.', 'Caloocan', 'Quezon', 'I', NULL, '3048762759193', '7526153', 'Nullam.ut.nisi@eu.net', NULL, 'BS CoE', 3, 2017, 0, 1, 0, 0, 0, '849172732'),
(217, 8, 'Miller', 'Garrett', 'D', NULL, '75935046', 'Married', '1982-03-17 00:00:00', 'Cebu', 'M', 'Korean', '736', 'tellus,', 'Antipolo', 'Quezon', 'II', NULL, '7486174920573', '6328823', 'diam.dictum.sapien@orciluctuset.org', NULL, 'AB ECE', 2, 2016, 0, 0, 1, 0, 0, '875935046'),
(218, 8, 'Hammond', 'Jenette', 'N', NULL, '18512867', 'Married', '1983-12-18 00:00:00', 'Quezon City', 'F', 'Filipino', '4604', 'Aliquam', 'Mandalyong', 'Quezon', 'VII', NULL, '7415620736777', '9094116', 'nisi.Mauris@Nunc.org', NULL, 'BS Marketing', 1, 2015, 1, 1, 1, 0, 0, '818512867'),
(219, 8, 'Cabrera', 'Callie', 'L', NULL, '80132221', 'Widowed', '1981-07-18 00:00:00', 'Taytay', 'F', 'American', '4767', 'dictum', 'Cebu', 'Quezon', 'IX', NULL, '9718979500699', '4503907', 'eros@Donec.edu', NULL, 'BS CS', 4, 2018, 1, 1, 0, 0, 0, '880132221'),
(220, 8, 'Turner', 'Lucy', 'H', NULL, '14589940', 'Single', '1981-05-15 00:00:00', 'Davao', 'F', 'American', '3640', 'Mauris', 'Malabon', 'Quezon', 'IX', NULL, '1544287838507', '4984172', 'Mauris.vestibulum.neque@mollisnoncursus.ca', NULL, 'AB CS', 3, 2016, 0, 1, 1, 0, 0, '814589940'),
(221, 61, 'Griffith', 'Brielle', 'N', NULL, '42298109', 'Married', '1983-08-03 00:00:00', 'Taytay', 'M', 'American', '2816', 'felis', 'Taytay', 'Quezon', 'VII', NULL, '2821161159779', '9926898', 'porttitor.tellus.non@necluctusfelis.com', NULL, 'BS IT', 4, 2017, 0, 0, 1, 0, 0, '6142298109'),
(222, 46, 'Ball', 'Brynne', 'C', NULL, '58300169', 'Single', '1980-05-03 00:00:00', 'Beijing', 'M', 'American', '4601', 'Curabitur', 'Malabon', 'Quezon', 'III', NULL, '1583545504603', '6973086', 'Donec.tincidunt.Donec@consequatpurus.co.uk', NULL, 'BS CS', 3, 2016, 1, 0, 1, 0, 0, '4658300169'),
(223, 9, 'Booth', 'Cheryl', 'G', NULL, '26083108', 'Single', '1981-09-06 00:00:00', 'Filinvest', 'F', 'American', '967', 'lacus pede sagittis', 'Caloocan', 'Quezon', 'VIII', NULL, '8134136981330', '4663255', 'elit.pretium@velitjustonec.ca', NULL, 'AB IT', 1, 2017, 1, 1, 0, 0, 0, '926083108'),
(224, 34, 'Walsh', 'Tarik', 'S', NULL, '41518545', 'Widowed', '1983-01-06 00:00:00', 'Davao', 'F', 'Korean', '311', 'nonummy', 'Beijing', 'Quezon', 'VI', NULL, '1624598096590', '2335755', 'sed.facilisis.vitae@nonlorem.edu', NULL, 'BS IT', 2, 2017, 1, 0, 0, 0, 0, '3441518545'),
(225, 51, 'Bass', 'Kerry', 'O', NULL, '35199771', 'Single', '1983-08-25 00:00:00', 'Cainta', 'F', 'Chinese', '516', 'ipsum ac mi', 'Cainta', 'Quezon', 'V', NULL, '6428362739272', '4709090', 'mollis.Duis@Phasellusdolorelit.org', NULL, 'BS IT', 2, 2018, 1, 0, 1, 0, 0, '5135199771'),
(226, 15, 'Franklin', 'Melvin', 'V', NULL, '1836804', 'Separated', '1981-06-05 00:00:00', 'Antipolo', 'M', 'Chinese', '1719', 'massa', 'Antipolo', 'Quezon', 'NCR', NULL, '5454053084831', '5731148', 'ipsum.Phasellus.vitae@Maurisvestibulum.net', NULL, 'BS Marketing', 4, 2016, 0, 0, 0, 0, 0, '151836804'),
(227, 24, 'Roth', 'Henry', 'S', NULL, '27686208', 'Separated', '1981-03-14 00:00:00', 'Caloocan', 'M', 'Korean', '4809', 'at', 'Malabon', 'Quezon', 'X', NULL, '1225120698567', '7866357', 'libero.nec@nequeSedeget.com', NULL, 'BS IT', 2, 2018, 0, 0, 1, 0, 0, '2427686208'),
(228, 36, 'Poole', 'Yuri', 'Z', NULL, '42298301', 'Separated', '1980-10-26 00:00:00', 'Binangonan', 'F', 'Chinese', '4270', 'non, luctus sit', 'Manila', 'Quezon', 'IX', NULL, '5881643122062', '1137844', 'dignissim.tempor.arcu@Namnulla.co.uk', NULL, 'AB Marketing', 3, 2017, 0, 0, 1, 0, 0, '3642298301'),
(229, 1, 'Roberson', 'Keaton', 'C', NULL, '67812122', 'Single', '1984-03-10 00:00:00', 'Filinvest', 'F', 'American', '2073', 'nonummy', 'Caloocan', 'Quezon', 'VIII', NULL, '4962519121821', '9166452', 'magna.Suspendisse.tristique@metus.co.uk', NULL, 'AB IT', 3, 2015, 0, 1, 0, 0, 0, '167812122'),
(230, 29, 'Byers', 'Heidi', 'U', NULL, '13658642', 'Single', '1984-05-26 00:00:00', 'Mandalyong', 'M', 'Filipino', '713', 'ornare,', 'Cainta', 'Quezon', 'X', NULL, '1634586613625', '2506798', 'lectus@faucibusid.edu', NULL, 'BS Management', 1, 2017, 0, 0, 1, 0, 0, '2913658642'),
(231, 32, 'Valenzuela', 'Arthur', 'V', NULL, '48383967', 'Widowed', '1982-07-03 00:00:00', 'Beijing', 'M', 'American', '1060', 'interdum feugiat. Sed', 'Binangonan', 'Quezon', 'IX', NULL, '4896866662427', '7176225', 'consequat.lectus@egestas.co.uk', NULL, 'BS CoE', 1, 2018, 0, 1, 1, 0, 0, '3248383967'),
(232, 2, 'Butler', 'Kim', 'M', NULL, '80572370', 'Single', '1984-11-30 00:00:00', 'Caloocan', 'M', 'Chinese', '940', 'Donec fringilla.', 'Filinvest', 'Quezon', 'XII', NULL, '8109737562946', '3401732', 'faucibus.id@magnaPraesent.ca', NULL, 'AB CoE', 1, 2015, 1, 0, 0, 0, 0, '280572370'),
(233, 26, 'Burks', 'Ivan', 'D', NULL, '44128826', 'Widowed', '1984-01-04 00:00:00', 'Binangonan', 'M', 'American', '2697', 'orci', 'Filinvest', 'Quezon', 'II', NULL, '4297038296703', '9195506', 'pellentesque@egestasSedpharetra.org', NULL, 'BS Management', 2, 2018, 0, 0, 0, 0, 0, '2644128826'),
(234, 10, 'Castro', 'Lisandra', 'D', NULL, '51699601', 'Single', '1981-10-31 00:00:00', 'Malabon', 'F', 'American', '4397', 'egestas', 'Cebu', 'Quezon', 'III', NULL, '6784740403760', '2898334', 'Praesent@infelisNulla.edu', NULL, 'BS ECE', 2, 2018, 0, 0, 0, 0, 0, '1051699601'),
(235, 18, 'Guerra', 'Julie', 'S', NULL, '20358802', 'Single', '1982-03-24 00:00:00', 'Quezon City', 'F', 'Filipino', '2703', 'Praesent', 'Beijing', 'Quezon', 'CAR', NULL, '6839802592527', '9666957', 'Curabitur@Donec.edu', NULL, 'BS Marketing', 4, 2017, 1, 0, 1, 0, 0, '1820358802'),
(236, 50, 'Castillo', 'Melissa', 'N', NULL, '37517759', 'Separated', '1983-05-17 00:00:00', 'Taytay', 'F', 'Korean', '4680', 'tincidunt, neque vitae', 'Davao', 'Quezon', 'VI', NULL, '8006052163429', '5952133', 'dignissim.Maecenas@Lorem.net', NULL, 'BS CS', 4, 2017, 0, 1, 0, 0, 0, '5037517759'),
(237, 34, 'Hogan', 'Simon', 'R', NULL, '39655432', 'Widowed', '1982-12-16 00:00:00', 'Beijing', 'M', 'American', '3789', 'egestas', 'Mandalyong', 'Quezon', 'CAR', NULL, '7965721345506', '7578359', 'magnis.dis@cursusin.org', NULL, 'AB CS', 1, 2015, 0, 0, 1, 0, 0, '3439655432'),
(238, 38, 'Humphrey', 'Aubrey', 'K', NULL, '35579774', 'Married', '1982-07-15 00:00:00', 'Beijing', 'F', 'Chinese', '2984', 'luctus et ultrices', 'Filinvest', 'Quezon', 'XI', NULL, '1239212379325', '8319533', 'Quisque.libero@odiovel.com', NULL, 'AB Marketing', 4, 2016, 0, 0, 0, 0, 0, '3835579774'),
(239, 39, 'Mcgee', 'Liberty', 'F', NULL, '29506101', 'Married', '1984-09-05 00:00:00', 'Mandalyong', 'M', 'Korean', '3527', 'in magna.', 'Davao', 'Quezon', 'VIII', NULL, '5786260643042', '9806973', 'Ut.sagittis@QuisquevariusNam.ca', NULL, 'AB Management', 1, 2015, 0, 1, 0, 0, 0, '3929506101'),
(240, 12, 'Oneill', 'Amos', 'Y', NULL, '25639527', 'Married', '1982-04-07 00:00:00', 'Quezon City', 'M', 'American', '2672', 'sagittis', 'Caloocan', 'Quezon', 'XIII', NULL, '3283527327701', '4707032', 'elit@non.net', NULL, 'BS Management', 4, 2015, 0, 0, 0, 0, 0, '1225639527'),
(241, 45, 'Ballard', 'Kirk', 'W', NULL, '30931197', 'Single', '1982-08-04 00:00:00', 'Cainta', 'M', 'Korean', '2631', 'nec', 'Manila', 'Quezon', 'III', NULL, '9824146745260', '5174800', 'Quisque@ridiculus.ca', NULL, 'BS Marketing', 2, 2016, 0, 0, 0, 0, 0, '4530931197'),
(242, 63, 'Camacho', 'Griffith', 'H', NULL, '50422074', 'Widowed', '1981-05-04 00:00:00', 'Beijing', 'M', 'Chinese', '536', 'fringilla', 'Beijing', 'Quezon', 'IX', NULL, '5344413206446', '3782368', 'sed.sapien.Nunc@quismassa.edu', NULL, 'AB ECE', 2, 2016, 0, 1, 0, 0, 0, '6350422074'),
(243, 16, 'Ball', 'Porter', 'T', NULL, '70739710', 'Widowed', '1984-07-23 00:00:00', 'Malabon', 'F', 'Filipino', '2787', 'dui. Cum sociis', 'Davao', 'Quezon', 'CAR', NULL, '6908740167040', '3796777', 'Proin.vel@Aliquamornare.net', NULL, 'BS Management', 4, 2016, 1, 1, 0, 0, 0, '1670739710'),
(244, 9, 'Singleton', 'Kalia', 'C', NULL, '60546362', 'Married', '1980-03-28 00:00:00', 'Beijing', 'F', 'Filipino', '947', 'risus quis', 'Cebu', 'Quezon', 'XIV', NULL, '1094919035211', '6370451', 'In.tincidunt.congue@ullamcorperDuiscursus.org', NULL, 'AB CoE', 1, 2015, 0, 0, 0, 0, 0, '960546362'),
(245, 26, 'Kramer', 'Ursa', 'V', NULL, '54098938', 'Separated', '1980-04-23 00:00:00', 'Cainta', 'M', 'Filipino', '4222', 'velit', 'Malabon', 'Quezon', 'XI', NULL, '5990386614575', '4040757', 'feugiat.nec.diam@etlibero.net', NULL, 'BS ECE', 2, 2016, 1, 1, 0, 0, 0, '2654098938'),
(246, 29, 'Murphy', 'Amal', 'P', NULL, '4773516', 'Separated', '1982-08-23 00:00:00', 'Cainta', 'F', 'Filipino', '1721', 'magna', 'Binangonan', 'Quezon', 'VII', NULL, '8782453407999', '4467693', 'vitae.velit@Cumsociis.com', NULL, 'BS CS', 2, 2016, 1, 0, 0, 0, 0, '294773516'),
(247, 41, 'Larson', 'Tamekah', 'N', NULL, '14354721', 'Widowed', '1982-06-30 00:00:00', 'Cebu', 'M', 'Chinese', '3828', 'fringilla', 'Taytay', 'Quezon', 'CAR', NULL, '1341996430885', '3337178', 'sapien.Aenean.massa@noncursusnon.co.uk', NULL, 'BS ECE', 4, 2016, 1, 1, 1, 0, 0, '4114354721'),
(248, 22, 'Schmidt', 'Lyle', 'J', NULL, '251349', 'Widowed', '1983-08-24 00:00:00', 'Filinvest', 'M', 'Chinese', '2965', 'scelerisque dui. Suspendisse', 'Cainta', 'Quezon', 'XI', NULL, '5168769683688', '6423911', 'lobortis@Aliquam.com', NULL, 'BS IT', 3, 2018, 1, 0, 0, 0, 0, '22251349'),
(249, 64, 'Miller', 'Mona', 'F', NULL, '30570440', 'Separated', '1980-04-01 00:00:00', 'Mandalyong', 'F', 'American', '2580', 'orci luctus et', 'Filinvest', 'Quezon', 'VI', NULL, '9323496037628', '9612731', 'elit.a@est.org', NULL, 'AB Management', 1, 2017, 1, 0, 0, 0, 0, '6430570440'),
(250, 63, 'Grimes', 'Sybill', 'G', NULL, '56312992', 'Widowed', '1982-04-01 00:00:00', 'Cebu', 'M', 'Filipino', '4821', 'enim. Etiam gravida', 'Taytay', 'Quezon', 'III', NULL, '1933742039371', '3980800', 'egestas@cubiliaCuraePhasellus.org', NULL, 'BS ECE', 1, 2018, 1, 1, 0, 0, 0, '6356312992'),
(251, 43, 'Mcleod', 'Nayda', 'W', NULL, '32739808', 'Widowed', '1981-09-29 00:00:00', 'Caloocan', 'M', 'American', '144', 'nibh', 'Beijing', 'Quezon', 'XII', NULL, '2101297394372', '4885626', 'faucibus.Morbi@consequatpurus.com', NULL, 'AB CoE', 4, 2016, 1, 1, 1, 0, 0, '4332739808'),
(252, 10, 'Porter', 'Channing', 'O', NULL, '89425616', 'Married', '1982-11-10 00:00:00', 'Cainta', 'M', 'Korean', '4402', 'dolor vitae dolor.', 'Manila', 'Quezon', 'CAR', NULL, '2112212899606', '4851800', 'at.lacus@blanditcongue.edu', NULL, 'AB CoE', 2, 2016, 0, 0, 1, 0, 0, '1089425616'),
(253, 59, 'Holt', 'Zoe', 'A', NULL, '15032937', 'Married', '1984-03-16 00:00:00', 'Manila', 'F', 'Korean', '3629', 'amet orci. Ut', 'Mandalyong', 'Quezon', 'IX', NULL, '1098845898173', '9467070', 'mauris.rhoncus.id@rutrumjusto.com', NULL, 'BS Management', 2, 2016, 0, 1, 1, 0, 0, '5915032937'),
(254, 24, 'Matthews', 'Leilani', 'H', NULL, '60412778', 'Single', '1981-01-12 00:00:00', 'Mandalyong', 'F', 'Chinese', '4525', 'erat volutpat.', 'Quezon City', 'Quezon', 'V', NULL, '2017299735918', '2003749', 'mauris@ligulaconsectetuer.edu', NULL, 'BS CS', 4, 2016, 1, 0, 1, 0, 0, '2460412778'),
(255, 11, 'Hewitt', 'Genevieve', 'H', NULL, '53725160', 'Married', '1981-10-07 00:00:00', 'Cebu', 'F', 'American', '2212', 'at', 'Antipolo', 'Quezon', 'XII', NULL, '6251318717841', '2770009', 'Duis@elementum.co.uk', NULL, 'AB Marketing', 1, 2015, 0, 1, 1, 0, 0, '1153725160'),
(256, 16, 'Barnett', 'Chantale', 'A', NULL, '16660615', 'Single', '1982-01-01 00:00:00', 'Quezon City', 'M', 'Filipino', '2486', 'quis', 'Filinvest', 'Quezon', 'III', NULL, '4512318645138', '7368689', 'hendrerit@neceleifendnon.ca', NULL, 'AB ECE', 1, 2015, 0, 0, 0, 0, 0, '1616660615'),
(257, 22, 'Newman', 'Chaney', 'U', NULL, '88476237', 'Married', '1982-07-11 00:00:00', 'Cebu', 'M', 'Korean', '4304', 'fames ac', 'Mandalyong', 'Quezon', 'I', NULL, '2550283576361', '6682262', 'dolor@porttitor.net', NULL, 'BS ECE', 2, 2016, 0, 0, 0, 0, 0, '2288476237'),
(258, 44, 'Lawrence', 'Lydia', 'G', NULL, '88933341', 'Married', '1982-06-19 00:00:00', 'Davao', 'F', 'Korean', '3824', 'velit. Pellentesque', 'Cebu', 'Quezon', 'I', NULL, '9536876082886', '6213562', 'enim.condimentum.eget@enim.co.uk', NULL, 'AB CS', 1, 2015, 1, 1, 0, 0, 0, '4488933341'),
(259, 45, 'Curtis', 'Rahim', 'T', NULL, '53821037', 'Single', '1984-07-25 00:00:00', 'Filinvest', 'F', 'Chinese', '2709', 'mollis. Phasellus libero', 'Manila', 'Quezon', 'XII', NULL, '2440594408195', '2256774', 'tempus@sempertellusid.net', NULL, 'AB ECE', 4, 2018, 0, 1, 1, 0, 0, '4553821037'),
(260, 16, 'Murray', 'Austin', 'H', NULL, '84453948', 'Separated', '1982-03-26 00:00:00', 'Caloocan', 'M', 'Filipino', '1283', 'erat vel', 'Manila', 'Quezon', 'XIII', NULL, '5288593897130', '2992899', 'quam.dignissim@sagittisplaceratCras.org', NULL, 'AB CoE', 3, 2018, 0, 0, 0, 0, 0, '1684453948'),
(261, 51, 'Burnett', 'Quinn', 'C', NULL, '23331949', 'Married', '1983-02-02 00:00:00', 'Quezon City', 'F', 'Filipino', '4936', 'Etiam', 'Quezon City', 'Quezon', 'II', NULL, '8341400563251', '3607437', 'et.nunc@InloremDonec.co.uk', NULL, 'BS ECE', 3, 2017, 1, 0, 1, 0, 0, '5123331949'),
(262, 21, 'Bryant', 'Rose', 'N', NULL, '5185305', 'Separated', '1980-11-18 00:00:00', 'Mandalyong', 'F', 'Chinese', '559', 'lobortis tellus', 'Cebu', 'Quezon', 'V', NULL, '4884869242087', '1545494', 'venenatis.a.magna@purus.edu', NULL, 'BS CoE', 1, 2016, 0, 0, 1, 0, 0, '215185305'),
(263, 2, 'Rhodes', 'Berk', 'R', NULL, '71325097', 'Married', '1980-03-20 00:00:00', 'Malabon', 'M', 'Filipino', '1268', 'nunc risus varius', 'Quezon City', 'Quezon', 'V', NULL, '2940943744499', '5021876', 'sit.amet.dapibus@velit.co.uk', NULL, 'AB CoE', 2, 2018, 0, 0, 1, 0, 0, '271325097'),
(264, 41, 'Jordan', 'Gail', 'E', NULL, '18458550', 'Married', '1983-06-02 00:00:00', 'Antipolo', 'F', 'Filipino', '4906', 'aliquet,', 'Caloocan', 'Quezon', 'XIV', NULL, '3771463731769', '9076111', 'taciti.sociosqu.ad@consectetuermauris.net', NULL, 'AB Marketing', 2, 2016, 1, 1, 0, 0, 0, '4118458550'),
(265, 71, 'Gamble', 'Davis', 'C', NULL, '10660571', 'Married', '1984-06-19 00:00:00', 'Mandalyong', 'F', 'Korean', '1816', 'fermentum risus, at', 'Cebu', 'Quezon', 'IX', NULL, '6171360637992', '1376299', 'ante.ipsum@cursusin.ca', NULL, 'BS Management', 4, 2018, 0, 0, 0, 0, 0, '7110660571'),
(266, 23, 'Morales', 'Kylee', 'K', NULL, '14480400', 'Married', '1983-07-18 00:00:00', 'Beijing', 'M', 'American', '1335', 'iaculis enim, sit', 'Quezon City', 'Quezon', 'III', NULL, '1274292236659', '9535849', 'ut.pharetra@Aeneansed.ca', NULL, 'BS CS', 3, 2018, 0, 0, 1, 0, 0, '2314480400'),
(267, 5, 'Mason', 'Nolan', 'Y', NULL, '95406407', 'Separated', '1983-12-05 00:00:00', 'Cainta', 'F', 'Filipino', '2903', 'venenatis', 'Antipolo', 'Quezon', 'CAR', NULL, '6439267155248', '2986628', 'enim.gravida@posuereatvelit.com', NULL, 'BS ECE', 2, 2016, 1, 0, 0, 0, 0, '595406407'),
(268, 72, 'Hopkins', 'Rafael', 'Y', NULL, '49908525', 'Married', '1981-06-13 00:00:00', 'Cainta', 'F', 'Chinese', '4251', 'orci. Ut semper', 'Beijing', 'Quezon', 'XIV', NULL, '5776815034449', '9215009', 'amet@varius.co.uk', NULL, 'BS Management', 1, 2016, 0, 0, 1, 0, 0, '7249908525'),
(269, 63, 'Schultz', 'Hilda', 'K', NULL, '61000801', 'Married', '1980-06-15 00:00:00', 'Caloocan', 'M', 'American', '4266', 'Donec nibh. Quisque', 'Antipolo', 'Quezon', 'CAR', NULL, '6761646110564', '1522177', 'ultrices@Nullam.co.uk', NULL, 'BS IT', 2, 2016, 0, 1, 1, 0, 0, '6361000801'),
(270, 17, 'Franks', 'Vivien', 'N', NULL, '82784887', 'Married', '1980-04-07 00:00:00', 'Cainta', 'F', 'American', '4330', 'augue eu', 'Cebu', 'Quezon', 'XIV', NULL, '6236623091623', '6962211', 'at.risus@vitaeeratvel.org', NULL, 'BS Management', 4, 2018, 1, 0, 1, 0, 0, '1782784887'),
(271, 47, 'Kerr', 'Beau', 'E', NULL, '61593758', 'Married', '1980-03-17 00:00:00', 'Malabon', 'F', 'Korean', '2622', 'Curabitur vel lectus.', 'Binangonan', 'Quezon', 'XI', NULL, '9365320418495', '7159971', 'magna@egestas.edu', NULL, 'BS CoE', 2, 2018, 1, 0, 1, 0, 0, '4761593758'),
(272, 55, 'Pittman', 'Giacomo', 'K', NULL, '40407967', 'Widowed', '1984-12-03 00:00:00', 'Antipolo', 'M', 'Chinese', '3781', 'tincidunt adipiscing. Mauris', 'Davao', 'Quezon', 'VII', NULL, '9416424534283', '5895218', 'ante@magna.co.uk', NULL, 'BS Management', 1, 2018, 0, 1, 1, 0, 0, '5540407967'),
(273, 60, 'Cannon', 'April', 'H', NULL, '68714551', 'Widowed', '1981-02-03 00:00:00', 'Beijing', 'F', 'Filipino', '4099', 'tortor. Integer aliquam', 'Caloocan', 'Quezon', 'CAR', NULL, '5624341426417', '8052347', 'vel.mauris.Integer@Etiambibendum.org', NULL, 'AB ECE', 4, 2016, 1, 1, 0, 0, 0, '6068714551'),
(274, 58, 'Richards', 'Kennan', 'K', NULL, '17716739', 'Single', '1980-10-26 00:00:00', 'Quezon City', 'F', 'Filipino', '2805', 'egestas blandit. Nam', 'Davao', 'Quezon', 'XI', NULL, '5085662158206', '9548298', 'suscipit.nonummy.Fusce@conguea.ca', NULL, 'AB Management', 2, 2018, 1, 0, 0, 0, 0, '5817716739'),
(275, 48, 'Franklin', 'Jerome', 'T', NULL, '89889373', 'Separated', '1981-10-01 00:00:00', 'Mandalyong', 'M', 'Filipino', '4619', 'nulla ante, iaculis', 'Taytay', 'Quezon', 'VI', NULL, '7269329679198', '3253573', 'a@lectusjusto.edu', NULL, 'BS IT', 4, 2016, 1, 1, 0, 0, 0, '4889889373'),
(276, 4, 'Bowen', 'Reece', 'M', NULL, '72275296', 'Married', '1981-08-22 00:00:00', 'Filinvest', 'F', 'Korean', '4294', 'in felis. Nulla', 'Quezon City', 'Quezon', 'III', NULL, '3164903025608', '4722387', 'vel.sapien.imperdiet@ipsum.edu', NULL, 'AB Management', 3, 2017, 1, 1, 1, 0, 0, '472275296'),
(277, 56, 'Oneill', 'Claudia', 'X', NULL, '2790580', 'Separated', '1983-09-29 00:00:00', 'Filinvest', 'F', 'Filipino', '2346', 'Phasellus ornare. Fusce', 'Binangonan', 'Quezon', 'XII', NULL, '1727421320974', '1474269', 'varius@nostra.ca', NULL, 'BS Marketing', 1, 2018, 0, 0, 0, 0, 0, '562790580'),
(278, 3, 'Chan', 'Quamar', 'Q', NULL, '5303019', 'Single', '1981-02-21 00:00:00', 'Cainta', 'F', 'Korean', '1638', 'Mauris', 'Quezon City', 'Quezon', 'CAR', NULL, '7861202214844', '5889885', 'elit.pharetra.ut@vestibulummassa.edu', NULL, 'AB IT', 3, 2017, 0, 0, 0, 0, 0, '35303019'),
(279, 8, 'Travis', 'Deborah', 'S', NULL, '97421346', 'Single', '1984-06-28 00:00:00', 'Mandalyong', 'M', 'Korean', '1658', 'varius', 'Mandalyong', 'Quezon', 'IX', NULL, '1555428607389', '7670889', 'arcu@rhoncusidmollis.com', NULL, 'AB Management', 1, 2016, 1, 0, 0, 0, 0, '897421346'),
(280, 23, 'Cole', 'Kelly', 'H', NULL, '67893531', 'Married', '1985-01-26 00:00:00', 'Binangonan', 'F', 'American', '3495', 'Mauris eu turpis.', 'Caloocan', 'Quezon', 'V', NULL, '9699110115412', '7193206', 'justo@quisurnaNunc.edu', NULL, 'AB Marketing', 2, 2016, 1, 0, 1, 0, 0, '2367893531'),
(281, 50, 'Carter', 'Vanna', 'F', NULL, '61712273', 'Single', '1980-02-12 00:00:00', 'Caloocan', 'F', 'American', '713', 'aliquet. Phasellus fermentum', 'Cebu', 'Quezon', 'XII', NULL, '2014832585584', '2579415', 'magna.Sed.eu@felis.com', NULL, 'BS IT', 2, 2017, 1, 0, 1, 0, 0, '5061712273'),
(282, 34, 'James', 'Laura', 'R', NULL, '99186102', 'Widowed', '1982-11-25 00:00:00', 'Cainta', 'F', 'Chinese', '1609', 'Ut tincidunt', 'Caloocan', 'Quezon', 'III', NULL, '5662455796729', '1925347', 'enim.Nunc@facilisis.co.uk', NULL, 'AB IT', 4, 2017, 1, 1, 0, 0, 0, '3499186102'),
(283, 11, 'Mitchell', 'Urielle', 'L', NULL, '97450418', 'Widowed', '1982-09-04 00:00:00', 'Mandalyong', 'F', 'Chinese', '2012', 'aliquet', 'Taytay', 'Quezon', 'I', NULL, '1273032792843', '8235034', 'Proin@sapienNunc.edu', NULL, 'BS ECE', 1, 2016, 0, 1, 0, 0, 0, '1197450418'),
(284, 57, 'Bowen', 'Aiko', 'B', NULL, '88116231', 'Married', '1984-01-19 00:00:00', 'Davao', 'M', 'American', '2335', 'eu tellus. Phasellus', 'Manila', 'Quezon', 'I', NULL, '8924474254716', '5456918', 'montes@posuerecubilia.net', NULL, 'AB CoE', 2, 2015, 0, 0, 1, 0, 0, '5788116231'),
(285, 11, 'Berg', 'Samantha', 'Y', NULL, '71014036', 'Married', '1983-04-04 00:00:00', 'Cebu', 'F', 'Chinese', '1045', 'sodales at, velit.', 'Caloocan', 'Quezon', 'XII', NULL, '6348854901734', '8771410', 'vehicula.risus.Nulla@dictumProin.org', NULL, 'AB IT', 4, 2017, 0, 1, 1, 0, 0, '1171014036'),
(286, 51, 'Atkins', 'Emmanuel', 'T', NULL, '27319447', 'Single', '1982-07-24 00:00:00', 'Mandalyong', 'F', 'American', '4313', 'lobortis mauris.', 'Quezon City', 'Quezon', 'XIII', NULL, '5320530037861', '7072575', 'eu.lacus@lobortisClassaptent.com', NULL, 'BS Marketing', 3, 2016, 1, 1, 1, 0, 0, '5127319447'),
(287, 51, 'Weeks', 'Grace', 'G', NULL, '38132099', 'Separated', '1983-05-12 00:00:00', 'Cebu', 'M', 'Filipino', '849', 'dictum mi,', 'Filinvest', 'Quezon', 'II', NULL, '9074936168268', '9216618', 'justo@accumsansedfacilisis.edu', NULL, 'AB ECE', 1, 2016, 1, 1, 0, 0, 0, '5138132099'),
(288, 22, 'Coffey', 'Oliver', 'Z', NULL, '56231736', 'Married', '1984-07-12 00:00:00', 'Caloocan', 'M', 'Korean', '349', 'tristique ac, eleifend', 'Cainta', 'Quezon', 'V', NULL, '2409365565981', '2816939', 'velit@Nulla.ca', NULL, 'AB Management', 2, 2016, 1, 0, 0, 0, 0, '2256231736'),
(289, 59, 'Gill', 'Tucker', 'H', NULL, '51031934', 'Single', '1984-12-16 00:00:00', 'Antipolo', 'F', 'American', '703', 'vitae,', 'Cainta', 'Quezon', 'V', NULL, '1808821959886', '9488986', 'ac.ipsum.Phasellus@aarcu.net', NULL, 'AB CS', 2, 2018, 1, 1, 0, 0, 0, '5951031934'),
(290, 51, 'Smith', 'Rogan', 'M', NULL, '99419062', 'Separated', '1984-10-02 00:00:00', 'Binangonan', 'M', 'Chinese', '4298', 'dui,', 'Beijing', 'Quezon', 'XIV', NULL, '6076148244552', '2226248', 'non@Fuscealiquam.org', NULL, 'BS CoE', 2, 2018, 1, 0, 1, 0, 0, '5199419062'),
(291, 53, 'Mckinney', 'Ignacia', 'W', NULL, '17255373', 'Married', '1981-03-27 00:00:00', 'Cainta', 'F', 'Korean', '2663', 'est. Nunc', 'Binangonan', 'Quezon', 'IX', NULL, '5754192793276', '7369267', 'Sed.et@atvelit.ca', NULL, 'AB Management', 1, 2017, 0, 1, 1, 0, 0, '5317255373'),
(292, 39, 'Farmer', 'Alvin', 'D', NULL, '75013098', 'Widowed', '1983-10-10 00:00:00', 'Taytay', 'M', 'Chinese', '4132', 'lobortis', 'Cebu', 'Quezon', 'III', NULL, '2716284327208', '2964358', 'interdum.ligula.eu@mattisInteger.org', NULL, 'BS Marketing', 4, 2018, 1, 1, 1, 0, 0, '3975013098'),
(293, 26, 'Trevino', 'Hyacinth', 'R', NULL, '86941276', 'Married', '1981-01-21 00:00:00', 'Cainta', 'M', 'Korean', '388', 'mi', 'Binangonan', 'Quezon', 'CAR', NULL, '9106277843471', '5721256', 'ultrices.a@vulputatenisi.com', NULL, 'BS ECE', 3, 2018, 1, 1, 1, 0, 0, '2686941276'),
(294, 50, 'Merrill', 'Kessie', 'X', NULL, '76628802', 'Widowed', '1982-08-04 00:00:00', 'Quezon City', 'F', 'American', '2099', 'gravida non,', 'Quezon City', 'Quezon', 'XIV', NULL, '1276598010212', '5606376', 'volutpat@enimNunc.co.uk', NULL, 'AB Marketing', 1, 2017, 0, 1, 0, 0, 0, '5076628802'),
(295, 43, 'Odonnell', 'Brittany', 'K', NULL, '86586805', 'Widowed', '1983-08-16 00:00:00', 'Manila', 'F', 'Filipino', '4334', 'pede,', 'Caloocan', 'Quezon', 'IX', NULL, '1560356428846', '9210714', 'mauris.sagittis.placerat@maurissagittis.co.uk', NULL, 'AB CS', 2, 2018, 0, 1, 1, 0, 0, '4386586805'),
(296, 37, 'Gordon', 'Daquan', 'T', NULL, '97912759', 'Widowed', '1983-07-08 00:00:00', 'Malabon', 'M', 'American', '3758', 'est tempor', 'Filinvest', 'Quezon', 'CAR', NULL, '7329121201764', '2265792', 'eu@magnaPhasellusdolor.org', NULL, 'BS ECE', 4, 2015, 0, 1, 0, 0, 0, '3797912759'),
(297, 16, 'Howell', 'Alden', 'M', NULL, '40963555', 'Separated', '1981-09-17 00:00:00', 'Binangonan', 'F', 'Filipino', '2854', 'aliquam, enim nec', 'Antipolo', 'Quezon', 'XIV', NULL, '3283102222718', '3393526', 'vulputate.lacus@sitametdapibus.edu', NULL, 'BS CS', 3, 2017, 1, 0, 1, 0, 0, '1640963555'),
(298, 5, 'Estes', 'Kane', 'P', NULL, '756908', 'Separated', '1983-11-18 00:00:00', 'Malabon', 'M', 'Chinese', '1378', 'eu nibh vulputate', 'Malabon', 'Quezon', 'IX', NULL, '6205014959909', '6150516', 'molestie@natoquepenatibuset.net', NULL, 'BS Marketing', 4, 2017, 0, 0, 0, 0, 0, '5756908'),
(299, 61, 'Kirkland', 'Vernon', 'Z', NULL, '1554755', 'Separated', '1981-04-05 00:00:00', 'Manila', 'M', 'American', '4909', 'magna', 'Davao', 'Quezon', 'IX', NULL, '4329570998437', '6406694', 'ac@eleifend.org', NULL, 'AB IT', 4, 2015, 1, 1, 1, 0, 0, '611554755'),
(300, 65, 'Santiago', 'Elaine', 'Z', NULL, '45569900', 'Married', '1981-04-08 00:00:00', 'Mandalyong', 'M', 'Korean', '408', 'lectus.', 'Cebu', 'Quezon', 'CAR', NULL, '1573042623698', '4906498', 'malesuada@per.edu', NULL, 'BS IT', 2, 2015, 1, 0, 0, 0, 0, '6545569900');

-- --------------------------------------------------------

--
-- Table structure for table `student_application`
--

CREATE TABLE IF NOT EXISTS `student_application` (
  `Student_Application_ID` int(11) NOT NULL AUTO_INCREMENT,
  `Date` timestamp NOT NULL DEFAULT CURRENT_TIMESTAMP,
  `Contract` tinyint(1) DEFAULT NULL,
  `Student_ID` int(11) NOT NULL,
  `Project_ID` int(11) NOT NULL,
  `Subject_ID` int(11) NOT NULL,
  PRIMARY KEY (`Student_Application_ID`),
  KEY `fk_Student_Application_Student1_idx` (`Student_ID`),
  KEY `fk_Student_Application_Project1_idx` (`Project_ID`),
  KEY `fk_Student_Application_Subject_ID1_idx` (`Subject_ID`)
) ENGINE=InnoDB  DEFAULT CHARSET=latin1 AUTO_INCREMENT=1801 ;

--
-- Dumping data for table `student_application`
--

INSERT INTO `student_application` (`Student_Application_ID`, `Date`, `Contract`, `Student_ID`, `Project_ID`, `Subject_ID`) VALUES
(901, '2014-02-18 13:19:35', 1, 201, 1, 4),
(902, '2014-02-18 13:19:36', 1, 201, 1, 5),
(903, '2014-02-18 13:19:36', 1, 201, 1, 6),
(904, '2014-02-18 13:19:36', 1, 201, 1, 7),
(905, '2014-02-18 13:19:36', 1, 201, 1, 10),
(906, '2014-02-18 13:19:36', 1, 201, 1, 11),
(907, '2014-02-18 13:19:36', 1, 201, 1, 1),
(908, '2014-02-18 13:19:36', 1, 201, 1, 2),
(909, '2014-02-18 13:19:36', 1, 201, 1, 3),
(910, '2014-02-18 13:19:37', 1, 202, 1, 4),
(911, '2014-02-18 13:19:37', 1, 202, 1, 5),
(912, '2014-02-18 13:19:37', 1, 202, 1, 6),
(913, '2014-02-18 13:19:38', 1, 202, 1, 7),
(914, '2014-02-18 13:19:38', 1, 202, 1, 10),
(915, '2014-02-18 13:19:38', 1, 202, 1, 11),
(916, '2014-02-18 13:19:38', 1, 202, 1, 1),
(917, '2014-02-18 13:19:39', 1, 202, 1, 2),
(918, '2014-02-18 13:19:40', 1, 202, 1, 3),
(919, '2014-02-18 13:19:41', 1, 203, 1, 4),
(920, '2014-02-18 13:19:41', 1, 203, 1, 5),
(921, '2014-02-18 13:19:41', 1, 203, 1, 6),
(922, '2014-02-18 13:19:41', 1, 203, 1, 7),
(923, '2014-02-18 13:19:41', 1, 203, 1, 10),
(924, '2014-02-18 13:19:41', 1, 203, 1, 11),
(925, '2014-02-18 13:19:41', 1, 203, 1, 1),
(926, '2014-02-18 13:19:41', 1, 203, 1, 2),
(927, '2014-02-18 13:19:41', 1, 203, 1, 3),
(928, '2014-02-18 13:19:41', 1, 204, 1, 4),
(929, '2014-02-18 13:19:41', 1, 204, 1, 5),
(930, '2014-02-18 13:19:41', 1, 204, 1, 6),
(931, '2014-02-18 13:19:41', 1, 204, 1, 7),
(932, '2014-02-18 13:19:41', 1, 204, 1, 10),
(933, '2014-02-18 13:19:41', 1, 204, 1, 11),
(934, '2014-02-18 13:19:41', 1, 204, 1, 1),
(935, '2014-02-18 13:19:41', 1, 204, 1, 2),
(936, '2014-02-18 13:19:41', 1, 204, 1, 3),
(937, '2014-02-18 13:19:41', 1, 205, 1, 4),
(938, '2014-02-18 13:19:41', 1, 205, 1, 5),
(939, '2014-02-18 13:19:41', 1, 205, 1, 6),
(940, '2014-02-18 13:19:41', 1, 205, 1, 7),
(941, '2014-02-18 13:19:41', 1, 205, 1, 10),
(942, '2014-02-18 13:19:41', 1, 205, 1, 11),
(943, '2014-02-18 13:19:41', 1, 205, 1, 1),
(944, '2014-02-18 13:19:41', 1, 205, 1, 2),
(945, '2014-02-18 13:19:41', 1, 205, 1, 3),
(946, '2014-02-18 13:19:41', 1, 206, 1, 4),
(947, '2014-02-18 13:19:41', 1, 206, 1, 5),
(948, '2014-02-18 13:19:41', 1, 206, 1, 6),
(949, '2014-02-18 13:19:41', 1, 206, 1, 7),
(950, '2014-02-18 13:19:41', 1, 206, 1, 10),
(951, '2014-02-18 13:19:41', 1, 206, 1, 11),
(952, '2014-02-18 13:19:41', 1, 206, 1, 1),
(953, '2014-02-18 13:19:41', 1, 206, 1, 2),
(954, '2014-02-18 13:19:41', 1, 206, 1, 3),
(955, '2014-02-18 13:19:41', 1, 207, 1, 4),
(956, '2014-02-18 13:19:41', 1, 207, 1, 5),
(957, '2014-02-18 13:19:41', 1, 207, 1, 6),
(958, '2014-02-18 13:19:41', 1, 207, 1, 7),
(959, '2014-02-18 13:19:41', 1, 207, 1, 10),
(960, '2014-02-18 13:19:41', 1, 207, 1, 11),
(961, '2014-02-18 13:19:41', 1, 207, 1, 1),
(962, '2014-02-18 13:19:41', 1, 207, 1, 2),
(963, '2014-02-18 13:19:41', 1, 207, 1, 3),
(964, '2014-02-18 13:19:41', 1, 208, 1, 4),
(965, '2014-02-18 13:19:41', 1, 208, 1, 5),
(966, '2014-02-18 13:19:41', 1, 208, 1, 6),
(967, '2014-02-18 13:19:41', 1, 208, 1, 7),
(968, '2014-02-18 13:19:41', 1, 208, 1, 10),
(969, '2014-02-18 13:19:41', 1, 208, 1, 11),
(970, '2014-02-18 13:19:41', 1, 208, 1, 1),
(971, '2014-02-18 13:19:41', 1, 208, 1, 2),
(972, '2014-02-18 13:19:41', 1, 208, 1, 3),
(973, '2014-02-18 13:19:41', 1, 209, 1, 4),
(974, '2014-02-18 13:19:41', 1, 209, 1, 5),
(975, '2014-02-18 13:19:41', 1, 209, 1, 6),
(976, '2014-02-18 13:19:41', 1, 209, 1, 7),
(977, '2014-02-18 13:19:41', 1, 209, 1, 10),
(978, '2014-02-18 13:19:41', 1, 209, 1, 11),
(979, '2014-02-18 13:19:41', 1, 209, 1, 1),
(980, '2014-02-18 13:19:41', 1, 209, 1, 2),
(981, '2014-02-18 13:19:41', 1, 209, 1, 3),
(982, '2014-02-18 13:19:41', 1, 210, 1, 4),
(983, '2014-02-18 13:19:41', 1, 210, 1, 5),
(984, '2014-02-18 13:19:41', 1, 210, 1, 6),
(985, '2014-02-18 13:19:42', 1, 210, 1, 7),
(986, '2014-02-18 13:19:42', 1, 210, 1, 10),
(987, '2014-02-18 13:19:42', 1, 210, 1, 11),
(988, '2014-02-18 13:19:42', 1, 210, 1, 1),
(989, '2014-02-18 13:19:42', 1, 210, 1, 2),
(990, '2014-02-18 13:19:42', 1, 210, 1, 3),
(991, '2014-02-18 13:19:42', 1, 211, 1, 4),
(992, '2014-02-18 13:19:42', 1, 211, 1, 5),
(993, '2014-02-18 13:19:42', 1, 211, 1, 6),
(994, '2014-02-18 13:19:42', 1, 211, 1, 7),
(995, '2014-02-18 13:19:42', 1, 211, 1, 10),
(996, '2014-02-18 13:19:42', 1, 211, 1, 11),
(997, '2014-02-18 13:19:42', 1, 211, 1, 1),
(998, '2014-02-18 13:19:42', 1, 211, 1, 2),
(999, '2014-02-18 13:19:42', 1, 211, 1, 3),
(1000, '2014-02-18 13:19:42', 1, 212, 1, 4),
(1001, '2014-02-18 13:19:42', 1, 212, 1, 5),
(1002, '2014-02-18 13:19:42', 1, 212, 1, 6),
(1003, '2014-02-18 13:19:42', 1, 212, 1, 7),
(1004, '2014-02-18 13:19:42', 1, 212, 1, 10),
(1005, '2014-02-18 13:19:42', 1, 212, 1, 11),
(1006, '2014-02-18 13:19:42', 1, 212, 1, 1),
(1007, '2014-02-18 13:19:42', 1, 212, 1, 2),
(1008, '2014-02-18 13:19:42', 1, 212, 1, 3),
(1009, '2014-02-18 13:19:42', 1, 213, 1, 4),
(1010, '2014-02-18 13:19:42', 1, 213, 1, 5),
(1011, '2014-02-18 13:19:42', 1, 213, 1, 6),
(1012, '2014-02-18 13:19:42', 1, 213, 1, 7),
(1013, '2014-02-18 13:19:42', 1, 213, 1, 10),
(1014, '2014-02-18 13:19:42', 1, 213, 1, 11),
(1015, '2014-02-18 13:19:42', 1, 213, 1, 1),
(1016, '2014-02-18 13:19:42', 1, 213, 1, 2),
(1017, '2014-02-18 13:19:42', 1, 213, 1, 3),
(1018, '2014-02-18 13:19:42', 1, 214, 1, 4),
(1019, '2014-02-18 13:19:42', 1, 214, 1, 5),
(1020, '2014-02-18 13:19:42', 1, 214, 1, 6),
(1021, '2014-02-18 13:19:42', 1, 214, 1, 7),
(1022, '2014-02-18 13:19:42', 1, 214, 1, 10),
(1023, '2014-02-18 13:19:42', 1, 214, 1, 11),
(1024, '2014-02-18 13:19:42', 1, 214, 1, 1),
(1025, '2014-02-18 13:19:42', 1, 214, 1, 2),
(1026, '2014-02-18 13:19:42', 1, 214, 1, 3),
(1027, '2014-02-18 13:19:42', 1, 215, 1, 4),
(1028, '2014-02-18 13:19:42', 1, 215, 1, 5),
(1029, '2014-02-18 13:19:42', 1, 215, 1, 6),
(1030, '2014-02-18 13:19:42', 1, 215, 1, 7),
(1031, '2014-02-18 13:19:42', 1, 215, 1, 10),
(1032, '2014-02-18 13:19:42', 1, 215, 1, 11),
(1033, '2014-02-18 13:19:42', 1, 215, 1, 1),
(1034, '2014-02-18 13:19:42', 1, 215, 1, 2),
(1035, '2014-02-18 13:19:42', 1, 215, 1, 3),
(1036, '2014-02-18 13:19:42', 1, 216, 1, 4),
(1037, '2014-02-18 13:19:42', 1, 216, 1, 5),
(1038, '2014-02-18 13:19:42', 1, 216, 1, 6),
(1039, '2014-02-18 13:19:42', 1, 216, 1, 7),
(1040, '2014-02-18 13:19:42', 1, 216, 1, 10),
(1041, '2014-02-18 13:19:42', 1, 216, 1, 11),
(1042, '2014-02-18 13:19:42', 1, 216, 1, 1),
(1043, '2014-02-18 13:19:43', 1, 216, 1, 2),
(1044, '2014-02-18 13:19:43', 1, 216, 1, 3),
(1045, '2014-02-18 13:19:43', 1, 217, 1, 4),
(1046, '2014-02-18 13:19:43', 1, 217, 1, 5),
(1047, '2014-02-18 13:19:43', 1, 217, 1, 6),
(1048, '2014-02-18 13:19:43', 1, 217, 1, 7),
(1049, '2014-02-18 13:19:43', 1, 217, 1, 10),
(1050, '2014-02-18 13:19:43', 1, 217, 1, 11),
(1051, '2014-02-18 13:19:43', 1, 217, 1, 1),
(1052, '2014-02-18 13:19:43', 1, 217, 1, 2),
(1053, '2014-02-18 13:19:43', 1, 217, 1, 3),
(1054, '2014-02-18 13:19:43', 1, 218, 1, 4),
(1055, '2014-02-18 13:19:43', 1, 218, 1, 5),
(1056, '2014-02-18 13:19:43', 1, 218, 1, 6),
(1057, '2014-02-18 13:19:43', 1, 218, 1, 7),
(1058, '2014-02-18 13:19:43', 1, 218, 1, 10),
(1059, '2014-02-18 13:19:43', 1, 218, 1, 11),
(1060, '2014-02-18 13:19:43', 1, 218, 1, 1),
(1061, '2014-02-18 13:19:43', 1, 218, 1, 2),
(1062, '2014-02-18 13:19:43', 1, 218, 1, 3),
(1063, '2014-02-18 13:19:43', 1, 219, 1, 4),
(1064, '2014-02-18 13:19:43', 1, 219, 1, 5),
(1065, '2014-02-18 13:19:43', 1, 219, 1, 6),
(1066, '2014-02-18 13:19:43', 1, 219, 1, 7),
(1067, '2014-02-18 13:19:43', 1, 219, 1, 10),
(1068, '2014-02-18 13:19:43', 1, 219, 1, 11),
(1069, '2014-02-18 13:19:43', 1, 219, 1, 1),
(1070, '2014-02-18 13:19:43', 1, 219, 1, 2),
(1071, '2014-02-18 13:19:43', 1, 219, 1, 3),
(1072, '2014-02-18 13:19:43', 1, 220, 1, 4),
(1073, '2014-02-18 13:19:43', 1, 220, 1, 5),
(1074, '2014-02-18 13:19:43', 1, 220, 1, 6),
(1075, '2014-02-18 13:19:43', 1, 220, 1, 7),
(1076, '2014-02-18 13:19:43', 1, 220, 1, 10),
(1077, '2014-02-18 13:19:43', 1, 220, 1, 11),
(1078, '2014-02-18 13:19:43', 1, 220, 1, 1),
(1079, '2014-02-18 13:19:43', 1, 220, 1, 2),
(1080, '2014-02-18 13:19:43', 1, 220, 1, 3),
(1081, '2014-02-18 13:19:43', 1, 221, 1, 4),
(1082, '2014-02-18 13:19:43', 1, 221, 1, 5),
(1083, '2014-02-18 13:19:43', 1, 221, 1, 6),
(1084, '2014-02-18 13:19:43', 1, 221, 1, 7),
(1085, '2014-02-18 13:19:43', 1, 221, 1, 10),
(1086, '2014-02-18 13:19:43', 1, 221, 1, 11),
(1087, '2014-02-18 13:19:43', 1, 221, 1, 1),
(1088, '2014-02-18 13:19:43', 1, 221, 1, 2),
(1089, '2014-02-18 13:19:43', 1, 221, 1, 3),
(1090, '2014-02-18 13:19:43', 1, 222, 1, 4),
(1091, '2014-02-18 13:19:43', 1, 222, 1, 5),
(1092, '2014-02-18 13:19:43', 1, 222, 1, 6),
(1093, '2014-02-18 13:19:43', 1, 222, 1, 7),
(1094, '2014-02-18 13:19:43', 1, 222, 1, 10),
(1095, '2014-02-18 13:19:43', 1, 222, 1, 11),
(1096, '2014-02-18 13:19:43', 1, 222, 1, 1),
(1097, '2014-02-18 13:19:43', 1, 222, 1, 2),
(1098, '2014-02-18 13:19:43', 1, 222, 1, 3),
(1099, '2014-02-18 13:19:43', 1, 223, 1, 4),
(1100, '2014-02-18 13:19:43', 1, 223, 1, 5),
(1101, '2014-02-18 13:19:43', 1, 223, 1, 6),
(1102, '2014-02-18 13:19:44', 1, 223, 1, 7),
(1103, '2014-02-18 13:19:44', 1, 223, 1, 10),
(1104, '2014-02-18 13:19:44', 1, 223, 1, 11),
(1105, '2014-02-18 13:19:44', 1, 223, 1, 1),
(1106, '2014-02-18 13:19:44', 1, 223, 1, 2),
(1107, '2014-02-18 13:19:44', 1, 223, 1, 3),
(1108, '2014-02-18 13:19:44', 1, 224, 1, 4),
(1109, '2014-02-18 13:19:44', 1, 224, 1, 5),
(1110, '2014-02-18 13:19:44', 1, 224, 1, 6),
(1111, '2014-02-18 13:19:44', 1, 224, 1, 7),
(1112, '2014-02-18 13:19:44', 1, 224, 1, 10),
(1113, '2014-02-18 13:19:44', 1, 224, 1, 11),
(1114, '2014-02-18 13:19:44', 1, 224, 1, 1),
(1115, '2014-02-18 13:19:44', 1, 224, 1, 2),
(1116, '2014-02-18 13:19:44', 1, 224, 1, 3),
(1117, '2014-02-18 13:19:44', 1, 225, 1, 4),
(1118, '2014-02-18 13:19:44', 1, 225, 1, 5),
(1119, '2014-02-18 13:19:44', 1, 225, 1, 6),
(1120, '2014-02-18 13:19:44', 1, 225, 1, 7),
(1121, '2014-02-18 13:19:44', 1, 225, 1, 10),
(1122, '2014-02-18 13:19:44', 1, 225, 1, 11),
(1123, '2014-02-18 13:19:44', 1, 225, 1, 1),
(1124, '2014-02-18 13:19:44', 1, 225, 1, 2),
(1125, '2014-02-18 13:19:44', 1, 225, 1, 3),
(1126, '2014-02-18 13:19:44', 1, 226, 1, 4),
(1127, '2014-02-18 13:19:44', 1, 226, 1, 5),
(1128, '2014-02-18 13:19:44', 1, 226, 1, 6),
(1129, '2014-02-18 13:19:44', 1, 226, 1, 7),
(1130, '2014-02-18 13:19:44', 1, 226, 1, 10),
(1131, '2014-02-18 13:19:44', 1, 226, 1, 11),
(1132, '2014-02-18 13:19:44', 1, 226, 1, 1),
(1133, '2014-02-18 13:19:44', 1, 226, 1, 2),
(1134, '2014-02-18 13:19:44', 1, 226, 1, 3),
(1135, '2014-02-18 13:19:44', 1, 227, 1, 4),
(1136, '2014-02-18 13:19:44', 1, 227, 1, 5),
(1137, '2014-02-18 13:19:44', 1, 227, 1, 6),
(1138, '2014-02-18 13:19:44', 1, 227, 1, 7),
(1139, '2014-02-18 13:19:44', 1, 227, 1, 10),
(1140, '2014-02-18 13:19:44', 1, 227, 1, 11),
(1141, '2014-02-18 13:19:44', 1, 227, 1, 1),
(1142, '2014-02-18 13:19:44', 1, 227, 1, 2),
(1143, '2014-02-18 13:19:44', 1, 227, 1, 3),
(1144, '2014-02-18 13:19:44', 1, 228, 1, 4),
(1145, '2014-02-18 13:19:44', 1, 228, 1, 5),
(1146, '2014-02-18 13:19:44', 1, 228, 1, 6),
(1147, '2014-02-18 13:19:44', 1, 228, 1, 7),
(1148, '2014-02-18 13:19:44', 1, 228, 1, 10),
(1149, '2014-02-18 13:19:44', 1, 228, 1, 11),
(1150, '2014-02-18 13:19:44', 1, 228, 1, 1),
(1151, '2014-02-18 13:19:44', 1, 228, 1, 2),
(1152, '2014-02-18 13:19:44', 1, 228, 1, 3),
(1153, '2014-02-18 13:19:44', 1, 229, 1, 4),
(1154, '2014-02-18 13:19:44', 1, 229, 1, 5),
(1155, '2014-02-18 13:19:44', 1, 229, 1, 6),
(1156, '2014-02-18 13:19:44', 1, 229, 1, 7),
(1157, '2014-02-18 13:19:44', 1, 229, 1, 10),
(1158, '2014-02-18 13:19:44', 1, 229, 1, 11),
(1159, '2014-02-18 13:19:44', 1, 229, 1, 1),
(1160, '2014-02-18 13:19:44', 1, 229, 1, 2),
(1161, '2014-02-18 13:19:44', 1, 229, 1, 3),
(1162, '2014-02-18 13:19:44', 1, 230, 1, 4),
(1163, '2014-02-18 13:19:44', 1, 230, 1, 5),
(1164, '2014-02-18 13:19:44', 1, 230, 1, 6),
(1165, '2014-02-18 13:19:45', 1, 230, 1, 7),
(1166, '2014-02-18 13:19:45', 1, 230, 1, 10),
(1167, '2014-02-18 13:19:45', 1, 230, 1, 11),
(1168, '2014-02-18 13:19:45', 1, 230, 1, 1),
(1169, '2014-02-18 13:19:45', 1, 230, 1, 2),
(1170, '2014-02-18 13:19:45', 1, 230, 1, 3),
(1171, '2014-02-18 13:19:45', 1, 231, 1, 4),
(1172, '2014-02-18 13:19:45', 1, 231, 1, 5),
(1173, '2014-02-18 13:19:45', 1, 231, 1, 6),
(1174, '2014-02-18 13:19:45', 1, 231, 1, 7),
(1175, '2014-02-18 13:19:45', 1, 231, 1, 10),
(1176, '2014-02-18 13:19:45', 1, 231, 1, 11),
(1177, '2014-02-18 13:19:45', 1, 231, 1, 1),
(1178, '2014-02-18 13:19:45', 1, 231, 1, 2),
(1179, '2014-02-18 13:19:45', 1, 231, 1, 3),
(1180, '2014-02-18 13:19:45', 1, 232, 1, 4),
(1181, '2014-02-18 13:19:45', 1, 232, 1, 5),
(1182, '2014-02-18 13:19:45', 1, 232, 1, 6),
(1183, '2014-02-18 13:19:45', 1, 232, 1, 7),
(1184, '2014-02-18 13:19:45', 1, 232, 1, 10),
(1185, '2014-02-18 13:19:45', 1, 232, 1, 11),
(1186, '2014-02-18 13:19:45', 1, 232, 1, 1),
(1187, '2014-02-18 13:19:45', 1, 232, 1, 2),
(1188, '2014-02-18 13:19:45', 1, 232, 1, 3),
(1189, '2014-02-18 13:19:45', 1, 233, 1, 4),
(1190, '2014-02-18 13:19:45', 1, 233, 1, 5),
(1191, '2014-02-18 13:19:45', 1, 233, 1, 6),
(1192, '2014-02-18 13:19:45', 1, 233, 1, 7),
(1193, '2014-02-18 13:19:45', 1, 233, 1, 10),
(1194, '2014-02-18 13:19:45', 1, 233, 1, 11),
(1195, '2014-02-18 13:19:45', 1, 233, 1, 1),
(1196, '2014-02-18 13:19:45', 1, 233, 1, 2),
(1197, '2014-02-18 13:19:45', 1, 233, 1, 3),
(1198, '2014-02-18 13:19:45', 1, 234, 1, 4),
(1199, '2014-02-18 13:19:45', 1, 234, 1, 5),
(1200, '2014-02-18 13:19:45', 1, 234, 1, 6),
(1201, '2014-02-18 13:19:45', 1, 234, 1, 7),
(1202, '2014-02-18 13:19:45', 1, 234, 1, 10),
(1203, '2014-02-18 13:19:45', 1, 234, 1, 11),
(1204, '2014-02-18 13:19:45', 1, 234, 1, 1),
(1205, '2014-02-18 13:19:45', 1, 234, 1, 2),
(1206, '2014-02-18 13:19:45', 1, 234, 1, 3),
(1207, '2014-02-18 13:19:45', 1, 235, 1, 4),
(1208, '2014-02-18 13:19:45', 1, 235, 1, 5),
(1209, '2014-02-18 13:19:45', 1, 235, 1, 6),
(1210, '2014-02-18 13:19:45', 1, 235, 1, 7),
(1211, '2014-02-18 13:19:45', 1, 235, 1, 10),
(1212, '2014-02-18 13:19:45', 1, 235, 1, 11),
(1213, '2014-02-18 13:19:45', 1, 235, 1, 1),
(1214, '2014-02-18 13:19:45', 1, 235, 1, 2),
(1215, '2014-02-18 13:19:45', 1, 235, 1, 3),
(1216, '2014-02-18 13:19:45', 1, 236, 1, 4),
(1217, '2014-02-18 13:19:45', 1, 236, 1, 5),
(1218, '2014-02-18 13:19:45', 1, 236, 1, 6),
(1219, '2014-02-18 13:19:45', 1, 236, 1, 7),
(1220, '2014-02-18 13:19:45', 1, 236, 1, 10),
(1221, '2014-02-18 13:19:45', 1, 236, 1, 11),
(1222, '2014-02-18 13:19:45', 1, 236, 1, 1),
(1223, '2014-02-18 13:19:45', 1, 236, 1, 2),
(1224, '2014-02-18 13:19:45', 1, 236, 1, 3),
(1225, '2014-02-18 13:19:45', 1, 237, 1, 4),
(1226, '2014-02-18 13:19:45', 1, 237, 1, 5),
(1227, '2014-02-18 13:19:45', 1, 237, 1, 6),
(1228, '2014-02-18 13:19:45', 1, 237, 1, 7),
(1229, '2014-02-18 13:19:45', 1, 237, 1, 10),
(1230, '2014-02-18 13:19:45', 1, 237, 1, 11),
(1231, '2014-02-18 13:19:46', 1, 237, 1, 1),
(1232, '2014-02-18 13:19:46', 1, 237, 1, 2),
(1233, '2014-02-18 13:19:46', 1, 237, 1, 3),
(1234, '2014-02-18 13:19:46', 1, 238, 1, 4),
(1235, '2014-02-18 13:19:46', 1, 238, 1, 5),
(1236, '2014-02-18 13:19:46', 1, 238, 1, 6),
(1237, '2014-02-18 13:19:46', 1, 238, 1, 7),
(1238, '2014-02-18 13:19:46', 1, 238, 1, 10),
(1239, '2014-02-18 13:19:46', 1, 238, 1, 11),
(1240, '2014-02-18 13:19:46', 1, 238, 1, 1),
(1241, '2014-02-18 13:19:46', 1, 238, 1, 2),
(1242, '2014-02-18 13:19:46', 1, 238, 1, 3),
(1243, '2014-02-18 13:19:46', 1, 239, 1, 4),
(1244, '2014-02-18 13:19:46', 1, 239, 1, 5),
(1245, '2014-02-18 13:19:46', 1, 239, 1, 6),
(1246, '2014-02-18 13:19:46', 1, 239, 1, 7),
(1247, '2014-02-18 13:19:46', 1, 239, 1, 10),
(1248, '2014-02-18 13:19:46', 1, 239, 1, 11),
(1249, '2014-02-18 13:19:46', 1, 239, 1, 1),
(1250, '2014-02-18 13:19:46', 1, 239, 1, 2),
(1251, '2014-02-18 13:19:46', 1, 239, 1, 3),
(1252, '2014-02-18 13:19:46', 1, 240, 1, 4),
(1253, '2014-02-18 13:19:46', 1, 240, 1, 5),
(1254, '2014-02-18 13:19:46', 1, 240, 1, 6),
(1255, '2014-02-18 13:19:46', 1, 240, 1, 7),
(1256, '2014-02-18 13:19:46', 1, 240, 1, 10),
(1257, '2014-02-18 13:19:46', 1, 240, 1, 11),
(1258, '2014-02-18 13:19:46', 1, 240, 1, 1),
(1259, '2014-02-18 13:19:46', 1, 240, 1, 2),
(1260, '2014-02-18 13:19:46', 1, 240, 1, 3),
(1261, '2014-02-18 13:19:46', 1, 241, 1, 4),
(1262, '2014-02-18 13:19:46', 1, 241, 1, 5),
(1263, '2014-02-18 13:19:46', 1, 241, 1, 6),
(1264, '2014-02-18 13:19:46', 1, 241, 1, 7),
(1265, '2014-02-18 13:19:46', 1, 241, 1, 10),
(1266, '2014-02-18 13:19:46', 1, 241, 1, 11),
(1267, '2014-02-18 13:19:46', 1, 241, 1, 1),
(1268, '2014-02-18 13:19:46', 1, 241, 1, 2),
(1269, '2014-02-18 13:19:46', 1, 241, 1, 3),
(1270, '2014-02-18 13:19:46', 1, 242, 1, 4),
(1271, '2014-02-18 13:19:46', 1, 242, 1, 5),
(1272, '2014-02-18 13:19:46', 1, 242, 1, 6),
(1273, '2014-02-18 13:19:46', 1, 242, 1, 7),
(1274, '2014-02-18 13:19:46', 1, 242, 1, 10),
(1275, '2014-02-18 13:19:46', 1, 242, 1, 11),
(1276, '2014-02-18 13:19:46', 1, 242, 1, 1),
(1277, '2014-02-18 13:19:46', 1, 242, 1, 2),
(1278, '2014-02-18 13:19:46', 1, 242, 1, 3),
(1279, '2014-02-18 13:19:46', 1, 243, 1, 4),
(1280, '2014-02-18 13:19:46', 1, 243, 1, 5),
(1281, '2014-02-18 13:19:46', 1, 243, 1, 6),
(1282, '2014-02-18 13:19:46', 1, 243, 1, 7),
(1283, '2014-02-18 13:19:46', 1, 243, 1, 10),
(1284, '2014-02-18 13:19:46', 1, 243, 1, 11),
(1285, '2014-02-18 13:19:46', 1, 243, 1, 1),
(1286, '2014-02-18 13:19:47', 1, 243, 1, 2),
(1287, '2014-02-18 13:19:47', 1, 243, 1, 3),
(1288, '2014-02-18 13:19:47', 1, 244, 1, 4),
(1289, '2014-02-18 13:19:47', 1, 244, 1, 5),
(1290, '2014-02-18 13:19:47', 1, 244, 1, 6),
(1291, '2014-02-18 13:19:47', 1, 244, 1, 7),
(1292, '2014-02-18 13:19:47', 1, 244, 1, 10),
(1293, '2014-02-18 13:19:47', 1, 244, 1, 11),
(1294, '2014-02-18 13:19:47', 1, 244, 1, 1),
(1295, '2014-02-18 13:19:47', 1, 244, 1, 2),
(1296, '2014-02-18 13:19:47', 1, 244, 1, 3),
(1297, '2014-02-18 13:19:47', 1, 245, 1, 4),
(1298, '2014-02-18 13:19:47', 1, 245, 1, 5),
(1299, '2014-02-18 13:19:47', 1, 245, 1, 6),
(1300, '2014-02-18 13:19:47', 1, 245, 1, 7),
(1301, '2014-02-18 13:19:47', 1, 245, 1, 10),
(1302, '2014-02-18 13:19:47', 1, 245, 1, 11),
(1303, '2014-02-18 13:19:47', 1, 245, 1, 1),
(1304, '2014-02-18 13:19:47', 1, 245, 1, 2),
(1305, '2014-02-18 13:19:47', 1, 245, 1, 3),
(1306, '2014-02-18 13:19:47', 1, 246, 1, 4),
(1307, '2014-02-18 13:19:47', 1, 246, 1, 5),
(1308, '2014-02-18 13:19:47', 1, 246, 1, 6),
(1309, '2014-02-18 13:19:47', 1, 246, 1, 7),
(1310, '2014-02-18 13:19:47', 1, 246, 1, 10),
(1311, '2014-02-18 13:19:47', 1, 246, 1, 11),
(1312, '2014-02-18 13:19:47', 1, 246, 1, 1),
(1313, '2014-02-18 13:19:47', 1, 246, 1, 2),
(1314, '2014-02-18 13:19:47', 1, 246, 1, 3),
(1315, '2014-02-18 13:19:47', 1, 247, 1, 4),
(1316, '2014-02-18 13:19:47', 1, 247, 1, 5),
(1317, '2014-02-18 13:19:47', 1, 247, 1, 6),
(1318, '2014-02-18 13:19:47', 1, 247, 1, 7),
(1319, '2014-02-18 13:19:47', 1, 247, 1, 10),
(1320, '2014-02-18 13:19:47', 1, 247, 1, 11),
(1321, '2014-02-18 13:19:47', 1, 247, 1, 1),
(1322, '2014-02-18 13:19:47', 1, 247, 1, 2),
(1323, '2014-02-18 13:19:47', 1, 247, 1, 3),
(1324, '2014-02-18 13:19:47', 1, 248, 1, 4),
(1325, '2014-02-18 13:19:47', 1, 248, 1, 5),
(1326, '2014-02-18 13:19:47', 1, 248, 1, 6),
(1327, '2014-02-18 13:19:47', 1, 248, 1, 7),
(1328, '2014-02-18 13:19:47', 1, 248, 1, 10),
(1329, '2014-02-18 13:19:47', 1, 248, 1, 11),
(1330, '2014-02-18 13:19:47', 1, 248, 1, 1),
(1331, '2014-02-18 13:19:47', 1, 248, 1, 2),
(1332, '2014-02-18 13:19:47', 1, 248, 1, 3),
(1333, '2014-02-18 13:19:47', 1, 249, 1, 4),
(1334, '2014-02-18 13:19:47', 1, 249, 1, 5),
(1335, '2014-02-18 13:19:47', 1, 249, 1, 6),
(1336, '2014-02-18 13:19:47', 1, 249, 1, 7),
(1337, '2014-02-18 13:19:47', 1, 249, 1, 10),
(1338, '2014-02-18 13:19:47', 1, 249, 1, 11),
(1339, '2014-02-18 13:19:47', 1, 249, 1, 1),
(1340, '2014-02-18 13:19:47', 1, 249, 1, 2),
(1341, '2014-02-18 13:19:47', 1, 249, 1, 3),
(1342, '2014-02-18 13:19:47', 1, 250, 1, 4),
(1343, '2014-02-18 13:19:48', 1, 250, 1, 5),
(1344, '2014-02-18 13:19:48', 1, 250, 1, 6),
(1345, '2014-02-18 13:19:48', 1, 250, 1, 7),
(1346, '2014-02-18 13:19:48', 1, 250, 1, 10),
(1347, '2014-02-18 13:19:48', 1, 250, 1, 11),
(1348, '2014-02-18 13:19:48', 1, 250, 1, 1),
(1349, '2014-02-18 13:19:48', 1, 250, 1, 2),
(1350, '2014-02-18 13:19:48', 1, 250, 1, 3),
(1351, '2014-02-18 13:19:48', 0, 251, 1, 4),
(1352, '2014-02-18 13:19:48', 0, 251, 1, 5),
(1353, '2014-02-18 13:19:48', 0, 251, 1, 6),
(1354, '2014-02-18 13:19:48', 0, 251, 1, 7),
(1355, '2014-02-18 13:19:48', 0, 251, 1, 10),
(1356, '2014-02-18 13:19:48', 0, 251, 1, 11),
(1357, '2014-02-18 13:19:48', 0, 251, 1, 1),
(1358, '2014-02-18 13:19:48', 0, 251, 1, 2),
(1359, '2014-02-18 13:19:48', 0, 251, 1, 3),
(1360, '2014-02-18 13:19:48', 0, 252, 1, 4),
(1361, '2014-02-18 13:19:48', 0, 252, 1, 5),
(1362, '2014-02-18 13:19:48', 0, 252, 1, 6),
(1363, '2014-02-18 13:19:48', 0, 252, 1, 7),
(1364, '2014-02-18 13:19:48', 0, 252, 1, 10),
(1365, '2014-02-18 13:19:48', 0, 252, 1, 11),
(1366, '2014-02-18 13:19:48', 0, 252, 1, 1),
(1367, '2014-02-18 13:19:48', 0, 252, 1, 2),
(1368, '2014-02-18 13:19:48', 0, 252, 1, 3),
(1369, '2014-02-18 13:19:48', 0, 253, 1, 4),
(1370, '2014-02-18 13:19:48', 0, 253, 1, 5),
(1371, '2014-02-18 13:19:48', 0, 253, 1, 6),
(1372, '2014-02-18 13:19:48', 0, 253, 1, 7),
(1373, '2014-02-18 13:19:48', 0, 253, 1, 10),
(1374, '2014-02-18 13:19:48', 0, 253, 1, 11),
(1375, '2014-02-18 13:19:48', 0, 253, 1, 1),
(1376, '2014-02-18 13:19:48', 0, 253, 1, 2),
(1377, '2014-02-18 13:19:48', 0, 253, 1, 3),
(1378, '2014-02-18 13:19:48', 0, 254, 1, 4),
(1379, '2014-02-18 13:19:48', 0, 254, 1, 5),
(1380, '2014-02-18 13:19:48', 0, 254, 1, 6),
(1381, '2014-02-18 13:19:48', 0, 254, 1, 7),
(1382, '2014-02-18 13:19:48', 0, 254, 1, 10),
(1383, '2014-02-18 13:19:48', 0, 254, 1, 11),
(1384, '2014-02-18 13:19:48', 0, 254, 1, 1),
(1385, '2014-02-18 13:19:48', 0, 254, 1, 2),
(1386, '2014-02-18 13:19:48', 0, 254, 1, 3),
(1387, '2014-02-18 13:19:48', 0, 255, 1, 4),
(1388, '2014-02-18 13:19:48', 0, 255, 1, 5),
(1389, '2014-02-18 13:19:48', 0, 255, 1, 6),
(1390, '2014-02-18 13:19:48', 0, 255, 1, 7),
(1391, '2014-02-18 13:19:48', 0, 255, 1, 10),
(1392, '2014-02-18 13:19:48', 0, 255, 1, 11),
(1393, '2014-02-18 13:19:48', 0, 255, 1, 1),
(1394, '2014-02-18 13:19:48', 0, 255, 1, 2),
(1395, '2014-02-18 13:19:48', 0, 255, 1, 3),
(1396, '2014-02-18 13:19:48', 0, 256, 1, 4),
(1397, '2014-02-18 13:19:48', 0, 256, 1, 5),
(1398, '2014-02-18 13:19:48', 0, 256, 1, 6),
(1399, '2014-02-18 13:19:48', 0, 256, 1, 7),
(1400, '2014-02-18 13:19:48', 0, 256, 1, 10),
(1401, '2014-02-18 13:19:48', 0, 256, 1, 11),
(1402, '2014-02-18 13:19:48', 0, 256, 1, 1),
(1403, '2014-02-18 13:19:48', 0, 256, 1, 2),
(1404, '2014-02-18 13:19:48', 0, 256, 1, 3),
(1405, '2014-02-18 13:19:48', 0, 257, 1, 4),
(1406, '2014-02-18 13:19:48', 0, 257, 1, 5),
(1407, '2014-02-18 13:19:48', 0, 257, 1, 6),
(1408, '2014-02-18 13:19:49', 0, 257, 1, 7),
(1409, '2014-02-18 13:19:49', 0, 257, 1, 10),
(1410, '2014-02-18 13:19:49', 0, 257, 1, 11),
(1411, '2014-02-18 13:19:49', 0, 257, 1, 1),
(1412, '2014-02-18 13:19:49', 0, 257, 1, 2),
(1413, '2014-02-18 13:19:49', 0, 257, 1, 3),
(1414, '2014-02-18 13:19:49', 0, 258, 1, 4),
(1415, '2014-02-18 13:19:49', 0, 258, 1, 5),
(1416, '2014-02-18 13:19:49', 0, 258, 1, 6),
(1417, '2014-02-18 13:19:49', 0, 258, 1, 7),
(1418, '2014-02-18 13:19:49', 0, 258, 1, 10),
(1419, '2014-02-18 13:19:49', 0, 258, 1, 11),
(1420, '2014-02-18 13:19:49', 0, 258, 1, 1),
(1421, '2014-02-18 13:19:49', 0, 258, 1, 2),
(1422, '2014-02-18 13:19:49', 0, 258, 1, 3),
(1423, '2014-02-18 13:19:49', 0, 259, 1, 4),
(1424, '2014-02-18 13:19:49', 0, 259, 1, 5),
(1425, '2014-02-18 13:19:49', 0, 259, 1, 6),
(1426, '2014-02-18 13:19:49', 0, 259, 1, 7),
(1427, '2014-02-18 13:19:49', 0, 259, 1, 10),
(1428, '2014-02-18 13:19:49', 0, 259, 1, 11),
(1429, '2014-02-18 13:19:49', 0, 259, 1, 1),
(1430, '2014-02-18 13:19:49', 0, 259, 1, 2),
(1431, '2014-02-18 13:19:49', 0, 259, 1, 3),
(1432, '2014-02-18 13:19:49', 0, 260, 1, 4),
(1433, '2014-02-18 13:19:49', 0, 260, 1, 5),
(1434, '2014-02-18 13:19:49', 0, 260, 1, 6),
(1435, '2014-02-18 13:19:49', 0, 260, 1, 7),
(1436, '2014-02-18 13:19:49', 0, 260, 1, 10),
(1437, '2014-02-18 13:19:49', 0, 260, 1, 11),
(1438, '2014-02-18 13:19:49', 0, 260, 1, 1),
(1439, '2014-02-18 13:19:49', 0, 260, 1, 2),
(1440, '2014-02-18 13:19:49', 0, 260, 1, 3),
(1441, '2014-02-18 13:19:49', 0, 261, 1, 4),
(1442, '2014-02-18 13:19:49', 0, 261, 1, 5),
(1443, '2014-02-18 13:19:49', 0, 261, 1, 6),
(1444, '2014-02-18 13:19:49', 0, 261, 1, 7),
(1445, '2014-02-18 13:19:49', 0, 261, 1, 10),
(1446, '2014-02-18 13:19:49', 0, 261, 1, 11),
(1447, '2014-02-18 13:19:49', 0, 261, 1, 1),
(1448, '2014-02-18 13:19:49', 0, 261, 1, 2),
(1449, '2014-02-18 13:19:49', 0, 261, 1, 3),
(1450, '2014-02-18 13:19:49', 0, 262, 1, 4),
(1451, '2014-02-18 13:19:49', 0, 262, 1, 5),
(1452, '2014-02-18 13:19:49', 0, 262, 1, 6),
(1453, '2014-02-18 13:19:49', 0, 262, 1, 7),
(1454, '2014-02-18 13:19:49', 0, 262, 1, 10),
(1455, '2014-02-18 13:19:49', 0, 262, 1, 11),
(1456, '2014-02-18 13:19:49', 0, 262, 1, 1),
(1457, '2014-02-18 13:19:49', 0, 262, 1, 2),
(1458, '2014-02-18 13:19:49', 0, 262, 1, 3),
(1459, '2014-02-18 13:19:49', 0, 263, 1, 4),
(1460, '2014-02-18 13:19:49', 0, 263, 1, 5),
(1461, '2014-02-18 13:19:49', 0, 263, 1, 6),
(1462, '2014-02-18 13:19:49', 0, 263, 1, 7),
(1463, '2014-02-18 13:19:49', 0, 263, 1, 10),
(1464, '2014-02-18 13:19:49', 0, 263, 1, 11),
(1465, '2014-02-18 13:19:49', 0, 263, 1, 1),
(1466, '2014-02-18 13:19:49', 0, 263, 1, 2),
(1467, '2014-02-18 13:19:49', 0, 263, 1, 3),
(1468, '2014-02-18 13:19:49', 0, 264, 1, 4),
(1469, '2014-02-18 13:19:49', 0, 264, 1, 5),
(1470, '2014-02-18 13:19:49', 0, 264, 1, 6),
(1471, '2014-02-18 13:19:50', 0, 264, 1, 7),
(1472, '2014-02-18 13:19:50', 0, 264, 1, 10),
(1473, '2014-02-18 13:19:50', 0, 264, 1, 11),
(1474, '2014-02-18 13:19:50', 0, 264, 1, 1),
(1475, '2014-02-18 13:19:50', 0, 264, 1, 2),
(1476, '2014-02-18 13:19:50', 0, 264, 1, 3),
(1477, '2014-02-18 13:19:50', 0, 265, 1, 4),
(1478, '2014-02-18 13:19:50', 0, 265, 1, 5),
(1479, '2014-02-18 13:19:50', 0, 265, 1, 6),
(1480, '2014-02-18 13:19:50', 0, 265, 1, 7),
(1481, '2014-02-18 13:19:50', 0, 265, 1, 10),
(1482, '2014-02-18 13:19:50', 0, 265, 1, 11),
(1483, '2014-02-18 13:19:50', 0, 265, 1, 1),
(1484, '2014-02-18 13:19:50', 0, 265, 1, 2),
(1485, '2014-02-18 13:19:50', 0, 265, 1, 3),
(1486, '2014-02-18 13:19:50', 0, 266, 1, 4),
(1487, '2014-02-18 13:19:50', 0, 266, 1, 5),
(1488, '2014-02-18 13:19:50', 0, 266, 1, 6),
(1489, '2014-02-18 13:19:50', 0, 266, 1, 7),
(1490, '2014-02-18 13:19:50', 0, 266, 1, 10),
(1491, '2014-02-18 13:19:50', 0, 266, 1, 11),
(1492, '2014-02-18 13:19:50', 0, 266, 1, 1),
(1493, '2014-02-18 13:19:50', 0, 266, 1, 2),
(1494, '2014-02-18 13:19:50', 0, 266, 1, 3),
(1495, '2014-02-18 13:19:50', 0, 267, 1, 4),
(1496, '2014-02-18 13:19:50', 0, 267, 1, 5),
(1497, '2014-02-18 13:19:50', 0, 267, 1, 6),
(1498, '2014-02-18 13:19:50', 0, 267, 1, 7),
(1499, '2014-02-18 13:19:50', 0, 267, 1, 10),
(1500, '2014-02-18 13:19:50', 0, 267, 1, 11),
(1501, '2014-02-18 13:19:50', 0, 267, 1, 1),
(1502, '2014-02-18 13:19:50', 0, 267, 1, 2),
(1503, '2014-02-18 13:19:50', 0, 267, 1, 3),
(1504, '2014-02-18 13:19:50', 0, 268, 1, 4),
(1505, '2014-02-18 13:19:50', 0, 268, 1, 5),
(1506, '2014-02-18 13:19:50', 0, 268, 1, 6),
(1507, '2014-02-18 13:19:50', 0, 268, 1, 7),
(1508, '2014-02-18 13:19:50', 0, 268, 1, 10),
(1509, '2014-02-18 13:19:50', 0, 268, 1, 11),
(1510, '2014-02-18 13:19:50', 0, 268, 1, 1),
(1511, '2014-02-18 13:19:50', 0, 268, 1, 2),
(1512, '2014-02-18 13:19:50', 0, 268, 1, 3),
(1513, '2014-02-18 13:19:50', 0, 269, 1, 4),
(1514, '2014-02-18 13:19:50', 0, 269, 1, 5),
(1515, '2014-02-18 13:19:50', 0, 269, 1, 6),
(1516, '2014-02-18 13:19:50', 0, 269, 1, 7),
(1517, '2014-02-18 13:19:50', 0, 269, 1, 10),
(1518, '2014-02-18 13:19:50', 0, 269, 1, 11),
(1519, '2014-02-18 13:19:50', 0, 269, 1, 1),
(1520, '2014-02-18 13:19:50', 0, 269, 1, 2),
(1521, '2014-02-18 13:19:50', 0, 269, 1, 3),
(1522, '2014-02-18 13:19:50', 0, 270, 1, 4),
(1523, '2014-02-18 13:19:50', 0, 270, 1, 5),
(1524, '2014-02-18 13:19:50', 0, 270, 1, 6),
(1525, '2014-02-18 13:19:50', 0, 270, 1, 7),
(1526, '2014-02-18 13:19:50', 0, 270, 1, 10),
(1527, '2014-02-18 13:19:50', 0, 270, 1, 11),
(1528, '2014-02-18 13:19:50', 0, 270, 1, 1),
(1529, '2014-02-18 13:19:50', 0, 270, 1, 2),
(1530, '2014-02-18 13:19:50', 0, 270, 1, 3),
(1531, '2014-02-18 13:19:50', 0, 271, 1, 4),
(1532, '2014-02-18 13:19:51', 0, 271, 1, 5),
(1533, '2014-02-18 13:19:51', 0, 271, 1, 6),
(1534, '2014-02-18 13:19:51', 0, 271, 1, 7),
(1535, '2014-02-18 13:19:51', 0, 271, 1, 10),
(1536, '2014-02-18 13:19:51', 0, 271, 1, 11),
(1537, '2014-02-18 13:19:51', 0, 271, 1, 1),
(1538, '2014-02-18 13:19:51', 0, 271, 1, 2),
(1539, '2014-02-18 13:19:51', 0, 271, 1, 3),
(1540, '2014-02-18 13:19:51', 0, 272, 1, 4),
(1541, '2014-02-18 13:19:51', 0, 272, 1, 5),
(1542, '2014-02-18 13:19:51', 0, 272, 1, 6),
(1543, '2014-02-18 13:19:51', 0, 272, 1, 7),
(1544, '2014-02-18 13:19:51', 0, 272, 1, 10),
(1545, '2014-02-18 13:19:51', 0, 272, 1, 11),
(1546, '2014-02-18 13:19:51', 0, 272, 1, 1),
(1547, '2014-02-18 13:19:51', 0, 272, 1, 2),
(1548, '2014-02-18 13:19:51', 0, 272, 1, 3),
(1549, '2014-02-18 13:19:51', 0, 273, 1, 4),
(1550, '2014-02-18 13:19:51', 0, 273, 1, 5),
(1551, '2014-02-18 13:19:51', 0, 273, 1, 6),
(1552, '2014-02-18 13:19:51', 0, 273, 1, 7),
(1553, '2014-02-18 13:19:51', 0, 273, 1, 10),
(1554, '2014-02-18 13:19:51', 0, 273, 1, 11),
(1555, '2014-02-18 13:19:51', 0, 273, 1, 1),
(1556, '2014-02-18 13:19:51', 0, 273, 1, 2),
(1557, '2014-02-18 13:19:51', 0, 273, 1, 3),
(1558, '2014-02-18 13:19:51', 0, 274, 1, 4),
(1559, '2014-02-18 13:19:51', 0, 274, 1, 5),
(1560, '2014-02-18 13:19:51', 0, 274, 1, 6),
(1561, '2014-02-18 13:19:51', 0, 274, 1, 7),
(1562, '2014-02-18 13:19:51', 0, 274, 1, 10),
(1563, '2014-02-18 13:19:51', 0, 274, 1, 11),
(1564, '2014-02-18 13:19:51', 0, 274, 1, 1),
(1565, '2014-02-18 13:19:51', 0, 274, 1, 2),
(1566, '2014-02-18 13:19:51', 0, 274, 1, 3),
(1567, '2014-02-18 13:19:51', 0, 275, 1, 4),
(1568, '2014-02-18 13:19:51', 0, 275, 1, 5),
(1569, '2014-02-18 13:19:51', 0, 275, 1, 6),
(1570, '2014-02-18 13:19:51', 0, 275, 1, 7),
(1571, '2014-02-18 13:19:51', 0, 275, 1, 10),
(1572, '2014-02-18 13:19:51', 0, 275, 1, 11),
(1573, '2014-02-18 13:19:51', 0, 275, 1, 1),
(1574, '2014-02-18 13:19:51', 0, 275, 1, 2),
(1575, '2014-02-18 13:19:51', 0, 275, 1, 3),
(1576, '2014-02-18 13:19:52', 0, 276, 1, 4),
(1577, '2014-02-18 13:19:52', 0, 276, 1, 5),
(1578, '2014-02-18 13:19:52', 0, 276, 1, 6),
(1579, '2014-02-18 13:19:52', 0, 276, 1, 7),
(1580, '2014-02-18 13:19:52', 0, 276, 1, 10),
(1581, '2014-02-18 13:19:52', 0, 276, 1, 11),
(1582, '2014-02-18 13:19:52', 0, 276, 1, 1),
(1583, '2014-02-18 13:19:52', 0, 276, 1, 2),
(1584, '2014-02-18 13:19:52', 0, 276, 1, 3),
(1585, '2014-02-18 13:19:52', 0, 277, 1, 4),
(1586, '2014-02-18 13:19:52', 0, 277, 1, 5),
(1587, '2014-02-18 13:19:52', 0, 277, 1, 6),
(1588, '2014-02-18 13:19:52', 0, 277, 1, 7),
(1589, '2014-02-18 13:19:52', 0, 277, 1, 10),
(1590, '2014-02-18 13:19:52', 0, 277, 1, 11),
(1591, '2014-02-18 13:19:52', 0, 277, 1, 1),
(1592, '2014-02-18 13:19:52', 0, 277, 1, 2),
(1593, '2014-02-18 13:19:52', 0, 277, 1, 3),
(1594, '2014-02-18 13:19:52', 0, 278, 1, 4),
(1595, '2014-02-18 13:19:52', 0, 278, 1, 5),
(1596, '2014-02-18 13:19:52', 0, 278, 1, 6),
(1597, '2014-02-18 13:19:52', 0, 278, 1, 7),
(1598, '2014-02-18 13:19:52', 0, 278, 1, 10),
(1599, '2014-02-18 13:19:52', 0, 278, 1, 11),
(1600, '2014-02-18 13:19:52', 0, 278, 1, 1),
(1601, '2014-02-18 13:19:52', 0, 278, 1, 2),
(1602, '2014-02-18 13:19:52', 0, 278, 1, 3),
(1603, '2014-02-18 13:19:52', 0, 279, 1, 4),
(1604, '2014-02-18 13:19:52', 0, 279, 1, 5),
(1605, '2014-02-18 13:19:52', 0, 279, 1, 6),
(1606, '2014-02-18 13:19:52', 0, 279, 1, 7),
(1607, '2014-02-18 13:19:52', 0, 279, 1, 10),
(1608, '2014-02-18 13:19:52', 0, 279, 1, 11),
(1609, '2014-02-18 13:19:52', 0, 279, 1, 1),
(1610, '2014-02-18 13:19:52', 0, 279, 1, 2),
(1611, '2014-02-18 13:19:52', 0, 279, 1, 3),
(1612, '2014-02-18 13:19:52', 0, 280, 1, 4),
(1613, '2014-02-18 13:19:52', 0, 280, 1, 5),
(1614, '2014-02-18 13:19:52', 0, 280, 1, 6),
(1615, '2014-02-18 13:19:52', 0, 280, 1, 7),
(1616, '2014-02-18 13:19:52', 0, 280, 1, 10),
(1617, '2014-02-18 13:19:52', 0, 280, 1, 11),
(1618, '2014-02-18 13:19:52', 0, 280, 1, 1),
(1619, '2014-02-18 13:19:52', 0, 280, 1, 2),
(1620, '2014-02-18 13:19:52', 0, 280, 1, 3),
(1621, '2014-02-18 13:19:52', 0, 281, 1, 4),
(1622, '2014-02-18 13:19:52', 0, 281, 1, 5),
(1623, '2014-02-18 13:19:52', 0, 281, 1, 6),
(1624, '2014-02-18 13:19:52', 0, 281, 1, 7),
(1625, '2014-02-18 13:19:52', 0, 281, 1, 10),
(1626, '2014-02-18 13:19:52', 0, 281, 1, 11),
(1627, '2014-02-18 13:19:52', 0, 281, 1, 1),
(1628, '2014-02-18 13:19:53', 0, 281, 1, 2),
(1629, '2014-02-18 13:19:53', 0, 281, 1, 3),
(1630, '2014-02-18 13:19:53', 0, 282, 1, 4),
(1631, '2014-02-18 13:19:53', 0, 282, 1, 5),
(1632, '2014-02-18 13:19:53', 0, 282, 1, 6),
(1633, '2014-02-18 13:19:53', 0, 282, 1, 7),
(1634, '2014-02-18 13:19:53', 0, 282, 1, 10),
(1635, '2014-02-18 13:19:53', 0, 282, 1, 11),
(1636, '2014-02-18 13:19:53', 0, 282, 1, 1),
(1637, '2014-02-18 13:19:53', 0, 282, 1, 2),
(1638, '2014-02-18 13:19:53', 0, 282, 1, 3),
(1639, '2014-02-18 13:19:53', 0, 283, 1, 4),
(1640, '2014-02-18 13:19:53', 0, 283, 1, 5),
(1641, '2014-02-18 13:19:53', 0, 283, 1, 6),
(1642, '2014-02-18 13:19:53', 0, 283, 1, 7),
(1643, '2014-02-18 13:19:53', 0, 283, 1, 10),
(1644, '2014-02-18 13:19:53', 0, 283, 1, 11),
(1645, '2014-02-18 13:19:53', 0, 283, 1, 1),
(1646, '2014-02-18 13:19:53', 0, 283, 1, 2),
(1647, '2014-02-18 13:19:53', 0, 283, 1, 3),
(1648, '2014-02-18 13:19:53', 0, 284, 1, 4),
(1649, '2014-02-18 13:19:53', 0, 284, 1, 5),
(1650, '2014-02-18 13:19:53', 0, 284, 1, 6),
(1651, '2014-02-18 13:19:53', 0, 284, 1, 7),
(1652, '2014-02-18 13:19:53', 0, 284, 1, 10),
(1653, '2014-02-18 13:19:53', 0, 284, 1, 11),
(1654, '2014-02-18 13:19:53', 0, 284, 1, 1),
(1655, '2014-02-18 13:19:53', 0, 284, 1, 2),
(1656, '2014-02-18 13:19:53', 0, 284, 1, 3),
(1657, '2014-02-18 13:19:53', 0, 285, 1, 4),
(1658, '2014-02-18 13:19:53', 0, 285, 1, 5),
(1659, '2014-02-18 13:19:53', 0, 285, 1, 6),
(1660, '2014-02-18 13:19:53', 0, 285, 1, 7),
(1661, '2014-02-18 13:19:53', 0, 285, 1, 10),
(1662, '2014-02-18 13:19:53', 0, 285, 1, 11),
(1663, '2014-02-18 13:19:53', 0, 285, 1, 1),
(1664, '2014-02-18 13:19:54', 0, 285, 1, 2),
(1665, '2014-02-18 13:19:54', 0, 285, 1, 3),
(1666, '2014-02-18 13:19:54', 0, 286, 1, 4),
(1667, '2014-02-18 13:19:54', 0, 286, 1, 5),
(1668, '2014-02-18 13:19:54', 0, 286, 1, 6),
(1669, '2014-02-18 13:19:54', 0, 286, 1, 7),
(1670, '2014-02-18 13:19:54', 0, 286, 1, 10),
(1671, '2014-02-18 13:19:54', 0, 286, 1, 11),
(1672, '2014-02-18 13:19:54', 0, 286, 1, 1),
(1673, '2014-02-18 13:19:54', 0, 286, 1, 2),
(1674, '2014-02-18 13:19:54', 0, 286, 1, 3),
(1675, '2014-02-18 13:19:54', 0, 287, 1, 4),
(1676, '2014-02-18 13:19:54', 0, 287, 1, 5),
(1677, '2014-02-18 13:19:54', 0, 287, 1, 6),
(1678, '2014-02-18 13:19:54', 0, 287, 1, 7),
(1679, '2014-02-18 13:19:54', 0, 287, 1, 10),
(1680, '2014-02-18 13:19:54', 0, 287, 1, 11),
(1681, '2014-02-18 13:19:54', 0, 287, 1, 1),
(1682, '2014-02-18 13:19:54', 0, 287, 1, 2),
(1683, '2014-02-18 13:19:54', 0, 287, 1, 3),
(1684, '2014-02-18 13:19:54', 0, 288, 1, 4),
(1685, '2014-02-18 13:19:54', 0, 288, 1, 5),
(1686, '2014-02-18 13:19:54', 0, 288, 1, 6),
(1687, '2014-02-18 13:19:54', 0, 288, 1, 7),
(1688, '2014-02-18 13:19:54', 0, 288, 1, 10),
(1689, '2014-02-18 13:19:54', 0, 288, 1, 11),
(1690, '2014-02-18 13:19:54', 0, 288, 1, 1),
(1691, '2014-02-18 13:19:54', 0, 288, 1, 2),
(1692, '2014-02-18 13:19:54', 0, 288, 1, 3),
(1693, '2014-02-18 13:19:54', 0, 289, 1, 4),
(1694, '2014-02-18 13:19:54', 0, 289, 1, 5),
(1695, '2014-02-18 13:19:54', 0, 289, 1, 6),
(1696, '2014-02-18 13:19:54', 0, 289, 1, 7),
(1697, '2014-02-18 13:19:54', 0, 289, 1, 10),
(1698, '2014-02-18 13:19:54', 0, 289, 1, 11),
(1699, '2014-02-18 13:19:54', 0, 289, 1, 1),
(1700, '2014-02-18 13:19:54', 0, 289, 1, 2),
(1701, '2014-02-18 13:19:54', 0, 289, 1, 3),
(1702, '2014-02-18 13:19:54', 0, 290, 1, 4),
(1703, '2014-02-18 13:19:54', 0, 290, 1, 5),
(1704, '2014-02-18 13:19:54', 0, 290, 1, 6),
(1705, '2014-02-18 13:19:54', 0, 290, 1, 7),
(1706, '2014-02-18 13:19:54', 0, 290, 1, 10),
(1707, '2014-02-18 13:19:54', 0, 290, 1, 11),
(1708, '2014-02-18 13:19:54', 0, 290, 1, 1),
(1709, '2014-02-18 13:19:54', 0, 290, 1, 2),
(1710, '2014-02-18 13:19:54', 0, 290, 1, 3),
(1711, '2014-02-18 13:19:54', 0, 291, 1, 4),
(1712, '2014-02-18 13:19:54', 0, 291, 1, 5),
(1713, '2014-02-18 13:19:55', 0, 291, 1, 6),
(1714, '2014-02-18 13:19:55', 0, 291, 1, 7),
(1715, '2014-02-18 13:19:55', 0, 291, 1, 10),
(1716, '2014-02-18 13:19:55', 0, 291, 1, 11),
(1717, '2014-02-18 13:19:55', 0, 291, 1, 1),
(1718, '2014-02-18 13:19:55', 0, 291, 1, 2),
(1719, '2014-02-18 13:19:55', 0, 291, 1, 3),
(1720, '2014-02-18 13:19:55', 0, 292, 1, 4),
(1721, '2014-02-18 13:19:55', 0, 292, 1, 5),
(1722, '2014-02-18 13:19:55', 0, 292, 1, 6),
(1723, '2014-02-18 13:19:55', 0, 292, 1, 7),
(1724, '2014-02-18 13:19:55', 0, 292, 1, 10),
(1725, '2014-02-18 13:19:55', 0, 292, 1, 11),
(1726, '2014-02-18 13:19:55', 0, 292, 1, 1),
(1727, '2014-02-18 13:19:55', 0, 292, 1, 2),
(1728, '2014-02-18 13:19:55', 0, 292, 1, 3),
(1729, '2014-02-18 13:19:55', 0, 293, 1, 4),
(1730, '2014-02-18 13:19:55', 0, 293, 1, 5),
(1731, '2014-02-18 13:19:55', 0, 293, 1, 6),
(1732, '2014-02-18 13:19:55', 0, 293, 1, 7),
(1733, '2014-02-18 13:19:55', 0, 293, 1, 10),
(1734, '2014-02-18 13:19:55', 0, 293, 1, 11),
(1735, '2014-02-18 13:19:55', 0, 293, 1, 1),
(1736, '2014-02-18 13:19:55', 0, 293, 1, 2),
(1737, '2014-02-18 13:19:55', 0, 293, 1, 3),
(1738, '2014-02-18 13:19:56', 0, 294, 1, 4),
(1739, '2014-02-18 13:19:56', 0, 294, 1, 5),
(1740, '2014-02-18 13:19:56', 0, 294, 1, 6),
(1741, '2014-02-18 13:19:56', 0, 294, 1, 7),
(1742, '2014-02-18 13:19:56', 0, 294, 1, 10),
(1743, '2014-02-18 13:19:56', 0, 294, 1, 11),
(1744, '2014-02-18 13:19:56', 0, 294, 1, 1),
(1745, '2014-02-18 13:19:56', 0, 294, 1, 2),
(1746, '2014-02-18 13:19:56', 0, 294, 1, 3),
(1747, '2014-02-18 13:19:56', 0, 295, 1, 4),
(1748, '2014-02-18 13:19:56', 0, 295, 1, 5),
(1749, '2014-02-18 13:19:56', 0, 295, 1, 6),
(1750, '2014-02-18 13:19:56', 0, 295, 1, 7),
(1751, '2014-02-18 13:19:56', 0, 295, 1, 10),
(1752, '2014-02-18 13:19:56', 0, 295, 1, 11),
(1753, '2014-02-18 13:19:56', 0, 295, 1, 1),
(1754, '2014-02-18 13:19:56', 0, 295, 1, 2),
(1755, '2014-02-18 13:19:56', 0, 295, 1, 3),
(1756, '2014-02-18 13:19:56', 0, 296, 1, 4),
(1757, '2014-02-18 13:19:56', 0, 296, 1, 5),
(1758, '2014-02-18 13:19:56', 0, 296, 1, 6),
(1759, '2014-02-18 13:19:56', 0, 296, 1, 7),
(1760, '2014-02-18 13:19:56', 0, 296, 1, 10),
(1761, '2014-02-18 13:19:56', 0, 296, 1, 11),
(1762, '2014-02-18 13:19:56', 0, 296, 1, 1),
(1763, '2014-02-18 13:19:56', 0, 296, 1, 2),
(1764, '2014-02-18 13:19:56', 0, 296, 1, 3),
(1765, '2014-02-18 13:19:56', 0, 297, 1, 4),
(1766, '2014-02-18 13:19:56', 0, 297, 1, 5),
(1767, '2014-02-18 13:19:56', 0, 297, 1, 6),
(1768, '2014-02-18 13:19:56', 0, 297, 1, 7),
(1769, '2014-02-18 13:19:56', 0, 297, 1, 10),
(1770, '2014-02-18 13:19:56', 0, 297, 1, 11),
(1771, '2014-02-18 13:19:56', 0, 297, 1, 1),
(1772, '2014-02-18 13:19:56', 0, 297, 1, 2),
(1773, '2014-02-18 13:19:56', 0, 297, 1, 3),
(1774, '2014-02-18 13:19:56', 0, 298, 1, 4),
(1775, '2014-02-18 13:19:56', 0, 298, 1, 5),
(1776, '2014-02-18 13:19:56', 0, 298, 1, 6),
(1777, '2014-02-18 13:19:56', 0, 298, 1, 7),
(1778, '2014-02-18 13:19:56', 0, 298, 1, 10),
(1779, '2014-02-18 13:19:56', 0, 298, 1, 11),
(1780, '2014-02-18 13:19:56', 0, 298, 1, 1),
(1781, '2014-02-18 13:19:56', 0, 298, 1, 2),
(1782, '2014-02-18 13:19:56', 0, 298, 1, 3),
(1783, '2014-02-18 13:19:56', 0, 299, 1, 4),
(1784, '2014-02-18 13:19:56', 0, 299, 1, 5),
(1785, '2014-02-18 13:19:56', 0, 299, 1, 6),
(1786, '2014-02-18 13:19:56', 0, 299, 1, 7),
(1787, '2014-02-18 13:19:56', 0, 299, 1, 10),
(1788, '2014-02-18 13:19:56', 0, 299, 1, 11),
(1789, '2014-02-18 13:19:56', 0, 299, 1, 1),
(1790, '2014-02-18 13:19:57', 0, 299, 1, 2),
(1791, '2014-02-18 13:19:57', 0, 299, 1, 3),
(1792, '2014-02-18 13:19:57', 0, 300, 1, 4),
(1793, '2014-02-18 13:19:57', 0, 300, 1, 5),
(1794, '2014-02-18 13:19:57', 0, 300, 1, 6),
(1795, '2014-02-18 13:19:57', 0, 300, 1, 7),
(1796, '2014-02-18 13:19:57', 0, 300, 1, 10),
(1797, '2014-02-18 13:19:57', 0, 300, 1, 11),
(1798, '2014-02-18 13:19:57', 0, 300, 1, 1),
(1799, '2014-02-18 13:19:57', 0, 300, 1, 2),
(1800, '2014-02-18 13:19:57', 0, 300, 1, 3);

-- --------------------------------------------------------

--
-- Table structure for table `student_class`
--

CREATE TABLE IF NOT EXISTS `student_class` (
  `Student_Class_ID` int(11) NOT NULL AUTO_INCREMENT,
  `Class_ID` int(11) NOT NULL,
  `Student_ID` int(11) NOT NULL,
  PRIMARY KEY (`Student_Class_ID`),
  UNIQUE KEY `Student_Class_ID_UNIQUE` (`Student_Class_ID`),
  KEY `fk_Student_Class_Class1_idx` (`Class_ID`),
  KEY `fk_Student_Class_Student1_idx` (`Student_ID`)
) ENGINE=InnoDB  DEFAULT CHARSET=latin1 AUTO_INCREMENT=21 ;

--
-- Dumping data for table `student_class`
--

INSERT INTO `student_class` (`Student_Class_ID`, `Class_ID`, `Student_ID`) VALUES
(1, 11, 201),
(2, 11, 202),
(3, 11, 203),
(4, 11, 204),
(5, 11, 205),
(6, 11, 206),
(7, 11, 207),
(8, 11, 208),
(9, 11, 209),
(10, 11, 210),
(11, 11, 211),
(12, 11, 212),
(13, 11, 213),
(14, 11, 214),
(15, 11, 215),
(16, 11, 216),
(17, 11, 217),
(18, 11, 218),
(19, 11, 219),
(20, 11, 220);

-- --------------------------------------------------------

--
-- Table structure for table `student_computer_skills`
--

CREATE TABLE IF NOT EXISTS `student_computer_skills` (
  `Student_Computer_Skills_ID` int(11) NOT NULL AUTO_INCREMENT,
  `Student_ID` int(11) NOT NULL,
  `Computer_Skills_ID` int(11) NOT NULL,
  `Level_Of_Proficiency` varchar(45) DEFAULT NULL,
  PRIMARY KEY (`Student_Computer_Skills_ID`),
  UNIQUE KEY `Student_Computer_Skills_ID_UNIQUE` (`Student_Computer_Skills_ID`),
  KEY `fk_Student_Computer_Skills_Student1_idx` (`Student_ID`),
  KEY `fk_Student_Computer_Skills_Computer_Skills1_idx` (`Computer_Skills_ID`)
) ENGINE=InnoDB DEFAULT CHARSET=latin1 AUTO_INCREMENT=1 ;

-- --------------------------------------------------------

--
-- Table structure for table `student_organization_affiliations`
--

CREATE TABLE IF NOT EXISTS `student_organization_affiliations` (
  `Student_Organization_Affiliations_ID` int(11) NOT NULL AUTO_INCREMENT,
  `Organization_Affiliations_ID` int(11) NOT NULL,
  `Student_ID` int(11) NOT NULL,
  PRIMARY KEY (`Student_Organization_Affiliations_ID`),
  UNIQUE KEY `Student_Organization_Affiliations_ID_UNIQUE` (`Student_Organization_Affiliations_ID`),
  KEY `fk_Student_Organization_Affiliations_Organization_Affiliati_idx` (`Organization_Affiliations_ID`),
  KEY `fk_Student_Organization_Affiliations_Student1_idx` (`Student_ID`)
) ENGINE=InnoDB DEFAULT CHARSET=latin1 AUTO_INCREMENT=1 ;

-- --------------------------------------------------------

--
-- Table structure for table `student_skills`
--

CREATE TABLE IF NOT EXISTS `student_skills` (
  `Student_Skills_ID` int(11) NOT NULL AUTO_INCREMENT,
  `Student_ID` int(11) NOT NULL,
  `Skills_ID` int(11) NOT NULL,
  PRIMARY KEY (`Student_Skills_ID`),
  UNIQUE KEY `Student_Skills_ID_UNIQUE` (`Student_Skills_ID`),
  KEY `fk_Student_Skills_Student1_idx` (`Student_ID`),
  KEY `fk_Student_Skills_Skills1_idx` (`Skills_ID`)
) ENGINE=InnoDB DEFAULT CHARSET=latin1 AUTO_INCREMENT=1 ;

-- --------------------------------------------------------

--
-- Table structure for table `student_tracker`
--

CREATE TABLE IF NOT EXISTS `student_tracker` (
  `Student_Tracker_ID` int(11) NOT NULL AUTO_INCREMENT,
  `Tracker_ID` int(11) NOT NULL,
  `Student_ID` int(11) NOT NULL,
  PRIMARY KEY (`Student_Tracker_ID`),
  UNIQUE KEY `Student_Tracker_ID_UNIQUE` (`Student_Tracker_ID`),
  KEY `fk_Student_Tracker_Tracker1_idx` (`Tracker_ID`),
  KEY `fk_Student_Tracker_Student1_idx` (`Student_ID`)
) ENGINE=InnoDB  DEFAULT CHARSET=latin1 AUTO_INCREMENT=2701 ;

--
-- Dumping data for table `student_tracker`
--

INSERT INTO `student_tracker` (`Student_Tracker_ID`, `Tracker_ID`, `Student_ID`) VALUES
(1801, 1801, 201),
(1802, 1802, 201),
(1803, 1803, 201),
(1804, 1804, 201),
(1805, 1805, 201),
(1806, 1806, 201),
(1807, 1807, 201),
(1808, 1808, 201),
(1809, 1809, 201),
(1810, 1810, 202),
(1811, 1811, 202),
(1812, 1812, 202),
(1813, 1813, 202),
(1814, 1814, 202),
(1815, 1815, 202),
(1816, 1816, 202),
(1817, 1817, 202),
(1818, 1818, 202),
(1819, 1819, 203),
(1820, 1820, 203),
(1821, 1821, 203),
(1822, 1822, 203),
(1823, 1823, 203),
(1824, 1824, 203),
(1825, 1825, 203),
(1826, 1826, 203),
(1827, 1827, 203),
(1828, 1828, 204),
(1829, 1829, 204),
(1830, 1830, 204),
(1831, 1831, 204),
(1832, 1832, 204),
(1833, 1833, 204),
(1834, 1834, 204),
(1835, 1835, 204),
(1836, 1836, 204),
(1837, 1837, 205),
(1838, 1838, 205),
(1839, 1839, 205),
(1840, 1840, 205),
(1841, 1841, 205),
(1842, 1842, 205),
(1843, 1843, 205),
(1844, 1844, 205),
(1845, 1845, 205),
(1846, 1846, 206),
(1847, 1847, 206),
(1848, 1848, 206),
(1849, 1849, 206),
(1850, 1850, 206),
(1851, 1851, 206),
(1852, 1852, 206),
(1853, 1853, 206),
(1854, 1854, 206),
(1855, 1855, 207),
(1856, 1856, 207),
(1857, 1857, 207),
(1858, 1858, 207),
(1859, 1859, 207),
(1860, 1860, 207),
(1861, 1861, 207),
(1862, 1862, 207),
(1863, 1863, 207),
(1864, 1864, 208),
(1865, 1865, 208),
(1866, 1866, 208),
(1867, 1867, 208),
(1868, 1868, 208),
(1869, 1869, 208),
(1870, 1870, 208),
(1871, 1871, 208),
(1872, 1872, 208),
(1873, 1873, 209),
(1874, 1874, 209),
(1875, 1875, 209),
(1876, 1876, 209),
(1877, 1877, 209),
(1878, 1878, 209),
(1879, 1879, 209),
(1880, 1880, 209),
(1881, 1881, 209),
(1882, 1882, 210),
(1883, 1883, 210),
(1884, 1884, 210),
(1885, 1885, 210),
(1886, 1886, 210),
(1887, 1887, 210),
(1888, 1888, 210),
(1889, 1889, 210),
(1890, 1890, 210),
(1891, 1891, 211),
(1892, 1892, 211),
(1893, 1893, 211),
(1894, 1894, 211),
(1895, 1895, 211),
(1896, 1896, 211),
(1897, 1897, 211),
(1898, 1898, 211),
(1899, 1899, 211),
(1900, 1900, 212),
(1901, 1901, 212),
(1902, 1902, 212),
(1903, 1903, 212),
(1904, 1904, 212),
(1905, 1905, 212),
(1906, 1906, 212),
(1907, 1907, 212),
(1908, 1908, 212),
(1909, 1909, 213),
(1910, 1910, 213),
(1911, 1911, 213),
(1912, 1912, 213),
(1913, 1913, 213),
(1914, 1914, 213),
(1915, 1915, 213),
(1916, 1916, 213),
(1917, 1917, 213),
(1918, 1918, 214),
(1919, 1919, 214),
(1920, 1920, 214),
(1921, 1921, 214),
(1922, 1922, 214),
(1923, 1923, 214),
(1924, 1924, 214),
(1925, 1925, 214),
(1926, 1926, 214),
(1927, 1927, 215),
(1928, 1928, 215),
(1929, 1929, 215),
(1930, 1930, 215),
(1931, 1931, 215),
(1932, 1932, 215),
(1933, 1933, 215),
(1934, 1934, 215),
(1935, 1935, 215),
(1936, 1936, 216),
(1937, 1937, 216),
(1938, 1938, 216),
(1939, 1939, 216),
(1940, 1940, 216),
(1941, 1941, 216),
(1942, 1942, 216),
(1943, 1943, 216),
(1944, 1944, 216),
(1945, 1945, 217),
(1946, 1946, 217),
(1947, 1947, 217),
(1948, 1948, 217),
(1949, 1949, 217),
(1950, 1950, 217),
(1951, 1951, 217),
(1952, 1952, 217),
(1953, 1953, 217),
(1954, 1954, 218),
(1955, 1955, 218),
(1956, 1956, 218),
(1957, 1957, 218),
(1958, 1958, 218),
(1959, 1959, 218),
(1960, 1960, 218),
(1961, 1961, 218),
(1962, 1962, 218),
(1963, 1963, 219),
(1964, 1964, 219),
(1965, 1965, 219),
(1966, 1966, 219),
(1967, 1967, 219),
(1968, 1968, 219),
(1969, 1969, 219),
(1970, 1970, 219),
(1971, 1971, 219),
(1972, 1972, 220),
(1973, 1973, 220),
(1974, 1974, 220),
(1975, 1975, 220),
(1976, 1976, 220),
(1977, 1977, 220),
(1978, 1978, 220),
(1979, 1979, 220),
(1980, 1980, 220),
(1981, 1981, 221),
(1982, 1982, 221),
(1983, 1983, 221),
(1984, 1984, 221),
(1985, 1985, 221),
(1986, 1986, 221),
(1987, 1987, 221),
(1988, 1988, 221),
(1989, 1989, 221),
(1990, 1990, 222),
(1991, 1991, 222),
(1992, 1992, 222),
(1993, 1993, 222),
(1994, 1994, 222),
(1995, 1995, 222),
(1996, 1996, 222),
(1997, 1997, 222),
(1998, 1998, 222),
(1999, 1999, 223),
(2000, 2000, 223),
(2001, 2001, 223),
(2002, 2002, 223),
(2003, 2003, 223),
(2004, 2004, 223),
(2005, 2005, 223),
(2006, 2006, 223),
(2007, 2007, 223),
(2008, 2008, 224),
(2009, 2009, 224),
(2010, 2010, 224),
(2011, 2011, 224),
(2012, 2012, 224),
(2013, 2013, 224),
(2014, 2014, 224),
(2015, 2015, 224),
(2016, 2016, 224),
(2017, 2017, 225),
(2018, 2018, 225),
(2019, 2019, 225),
(2020, 2020, 225),
(2021, 2021, 225),
(2022, 2022, 225),
(2023, 2023, 225),
(2024, 2024, 225),
(2025, 2025, 225),
(2026, 2026, 226),
(2027, 2027, 226),
(2028, 2028, 226),
(2029, 2029, 226),
(2030, 2030, 226),
(2031, 2031, 226),
(2032, 2032, 226),
(2033, 2033, 226),
(2034, 2034, 226),
(2035, 2035, 227),
(2036, 2036, 227),
(2037, 2037, 227),
(2038, 2038, 227),
(2039, 2039, 227),
(2040, 2040, 227),
(2041, 2041, 227),
(2042, 2042, 227),
(2043, 2043, 227),
(2044, 2044, 228),
(2045, 2045, 228),
(2046, 2046, 228),
(2047, 2047, 228),
(2048, 2048, 228),
(2049, 2049, 228),
(2050, 2050, 228),
(2051, 2051, 228),
(2052, 2052, 228),
(2053, 2053, 229),
(2054, 2054, 229),
(2055, 2055, 229),
(2056, 2056, 229),
(2057, 2057, 229),
(2058, 2058, 229),
(2059, 2059, 229),
(2060, 2060, 229),
(2061, 2061, 229),
(2062, 2062, 230),
(2063, 2063, 230),
(2064, 2064, 230),
(2065, 2065, 230),
(2066, 2066, 230),
(2067, 2067, 230),
(2068, 2068, 230),
(2069, 2069, 230),
(2070, 2070, 230),
(2071, 2071, 231),
(2072, 2072, 231),
(2073, 2073, 231),
(2074, 2074, 231),
(2075, 2075, 231),
(2076, 2076, 231),
(2077, 2077, 231),
(2078, 2078, 231),
(2079, 2079, 231),
(2080, 2080, 232),
(2081, 2081, 232),
(2082, 2082, 232),
(2083, 2083, 232),
(2084, 2084, 232),
(2085, 2085, 232),
(2086, 2086, 232),
(2087, 2087, 232),
(2088, 2088, 232),
(2089, 2089, 233),
(2090, 2090, 233),
(2091, 2091, 233),
(2092, 2092, 233),
(2093, 2093, 233),
(2094, 2094, 233),
(2095, 2095, 233),
(2096, 2096, 233),
(2097, 2097, 233),
(2098, 2098, 234),
(2099, 2099, 234),
(2100, 2100, 234),
(2101, 2101, 234),
(2102, 2102, 234),
(2103, 2103, 234),
(2104, 2104, 234),
(2105, 2105, 234),
(2106, 2106, 234),
(2107, 2107, 235),
(2108, 2108, 235),
(2109, 2109, 235),
(2110, 2110, 235),
(2111, 2111, 235),
(2112, 2112, 235),
(2113, 2113, 235),
(2114, 2114, 235),
(2115, 2115, 235),
(2116, 2116, 236),
(2117, 2117, 236),
(2118, 2118, 236),
(2119, 2119, 236),
(2120, 2120, 236),
(2121, 2121, 236),
(2122, 2122, 236),
(2123, 2123, 236),
(2124, 2124, 236),
(2125, 2125, 237),
(2126, 2126, 237),
(2127, 2127, 237),
(2128, 2128, 237),
(2129, 2129, 237),
(2130, 2130, 237),
(2131, 2131, 237),
(2132, 2132, 237),
(2133, 2133, 237),
(2134, 2134, 238),
(2135, 2135, 238),
(2136, 2136, 238),
(2137, 2137, 238),
(2138, 2138, 238),
(2139, 2139, 238),
(2140, 2140, 238),
(2141, 2141, 238),
(2142, 2142, 238),
(2143, 2143, 239),
(2144, 2144, 239),
(2145, 2145, 239),
(2146, 2146, 239),
(2147, 2147, 239),
(2148, 2148, 239),
(2149, 2149, 239),
(2150, 2150, 239),
(2151, 2151, 239),
(2152, 2152, 240),
(2153, 2153, 240),
(2154, 2154, 240),
(2155, 2155, 240),
(2156, 2156, 240),
(2157, 2157, 240),
(2158, 2158, 240),
(2159, 2159, 240),
(2160, 2160, 240),
(2161, 2161, 241),
(2162, 2162, 241),
(2163, 2163, 241),
(2164, 2164, 241),
(2165, 2165, 241),
(2166, 2166, 241),
(2167, 2167, 241),
(2168, 2168, 241),
(2169, 2169, 241),
(2170, 2170, 242),
(2171, 2171, 242),
(2172, 2172, 242),
(2173, 2173, 242),
(2174, 2174, 242),
(2175, 2175, 242),
(2176, 2176, 242),
(2177, 2177, 242),
(2178, 2178, 242),
(2179, 2179, 243),
(2180, 2180, 243),
(2181, 2181, 243),
(2182, 2182, 243),
(2183, 2183, 243),
(2184, 2184, 243),
(2185, 2185, 243),
(2186, 2186, 243),
(2187, 2187, 243),
(2188, 2188, 244),
(2189, 2189, 244),
(2190, 2190, 244),
(2191, 2191, 244),
(2192, 2192, 244),
(2193, 2193, 244),
(2194, 2194, 244),
(2195, 2195, 244),
(2196, 2196, 244),
(2197, 2197, 245),
(2198, 2198, 245),
(2199, 2199, 245),
(2200, 2200, 245),
(2201, 2201, 245),
(2202, 2202, 245),
(2203, 2203, 245),
(2204, 2204, 245),
(2205, 2205, 245),
(2206, 2206, 246),
(2207, 2207, 246),
(2208, 2208, 246),
(2209, 2209, 246),
(2210, 2210, 246),
(2211, 2211, 246),
(2212, 2212, 246),
(2213, 2213, 246),
(2214, 2214, 246),
(2215, 2215, 247),
(2216, 2216, 247),
(2217, 2217, 247),
(2218, 2218, 247),
(2219, 2219, 247),
(2220, 2220, 247),
(2221, 2221, 247),
(2222, 2222, 247),
(2223, 2223, 247),
(2224, 2224, 248),
(2225, 2225, 248),
(2226, 2226, 248),
(2227, 2227, 248),
(2228, 2228, 248),
(2229, 2229, 248),
(2230, 2230, 248),
(2231, 2231, 248),
(2232, 2232, 248),
(2233, 2233, 249),
(2234, 2234, 249),
(2235, 2235, 249),
(2236, 2236, 249),
(2237, 2237, 249),
(2238, 2238, 249),
(2239, 2239, 249),
(2240, 2240, 249),
(2241, 2241, 249),
(2242, 2242, 250),
(2243, 2243, 250),
(2244, 2244, 250),
(2245, 2245, 250),
(2246, 2246, 250),
(2247, 2247, 250),
(2248, 2248, 250),
(2249, 2249, 250),
(2250, 2250, 250),
(2251, 2251, 251),
(2252, 2252, 251),
(2253, 2253, 251),
(2254, 2254, 251),
(2255, 2255, 251),
(2256, 2256, 251),
(2257, 2257, 251),
(2258, 2258, 251),
(2259, 2259, 251),
(2260, 2260, 252),
(2261, 2261, 252),
(2262, 2262, 252),
(2263, 2263, 252),
(2264, 2264, 252),
(2265, 2265, 252),
(2266, 2266, 252),
(2267, 2267, 252),
(2268, 2268, 252),
(2269, 2269, 253),
(2270, 2270, 253),
(2271, 2271, 253),
(2272, 2272, 253),
(2273, 2273, 253),
(2274, 2274, 253),
(2275, 2275, 253),
(2276, 2276, 253),
(2277, 2277, 253),
(2278, 2278, 254),
(2279, 2279, 254),
(2280, 2280, 254),
(2281, 2281, 254),
(2282, 2282, 254),
(2283, 2283, 254),
(2284, 2284, 254),
(2285, 2285, 254),
(2286, 2286, 254),
(2287, 2287, 255),
(2288, 2288, 255),
(2289, 2289, 255),
(2290, 2290, 255),
(2291, 2291, 255),
(2292, 2292, 255),
(2293, 2293, 255),
(2294, 2294, 255),
(2295, 2295, 255),
(2296, 2296, 256),
(2297, 2297, 256),
(2298, 2298, 256),
(2299, 2299, 256),
(2300, 2300, 256),
(2301, 2301, 256),
(2302, 2302, 256),
(2303, 2303, 256),
(2304, 2304, 256),
(2305, 2305, 257),
(2306, 2306, 257),
(2307, 2307, 257),
(2308, 2308, 257),
(2309, 2309, 257),
(2310, 2310, 257),
(2311, 2311, 257),
(2312, 2312, 257),
(2313, 2313, 257),
(2314, 2314, 258),
(2315, 2315, 258),
(2316, 2316, 258),
(2317, 2317, 258),
(2318, 2318, 258),
(2319, 2319, 258),
(2320, 2320, 258),
(2321, 2321, 258),
(2322, 2322, 258),
(2323, 2323, 259),
(2324, 2324, 259),
(2325, 2325, 259),
(2326, 2326, 259),
(2327, 2327, 259),
(2328, 2328, 259),
(2329, 2329, 259),
(2330, 2330, 259),
(2331, 2331, 259),
(2332, 2332, 260),
(2333, 2333, 260),
(2334, 2334, 260),
(2335, 2335, 260),
(2336, 2336, 260),
(2337, 2337, 260),
(2338, 2338, 260),
(2339, 2339, 260),
(2340, 2340, 260),
(2341, 2341, 261),
(2342, 2342, 261),
(2343, 2343, 261),
(2344, 2344, 261),
(2345, 2345, 261),
(2346, 2346, 261),
(2347, 2347, 261),
(2348, 2348, 261),
(2349, 2349, 261),
(2350, 2350, 262),
(2351, 2351, 262),
(2352, 2352, 262),
(2353, 2353, 262),
(2354, 2354, 262),
(2355, 2355, 262),
(2356, 2356, 262),
(2357, 2357, 262),
(2358, 2358, 262),
(2359, 2359, 263),
(2360, 2360, 263),
(2361, 2361, 263),
(2362, 2362, 263),
(2363, 2363, 263),
(2364, 2364, 263),
(2365, 2365, 263),
(2366, 2366, 263),
(2367, 2367, 263),
(2368, 2368, 264),
(2369, 2369, 264),
(2370, 2370, 264),
(2371, 2371, 264),
(2372, 2372, 264),
(2373, 2373, 264),
(2374, 2374, 264),
(2375, 2375, 264),
(2376, 2376, 264),
(2377, 2377, 265),
(2378, 2378, 265),
(2379, 2379, 265),
(2380, 2380, 265),
(2381, 2381, 265),
(2382, 2382, 265),
(2383, 2383, 265),
(2384, 2384, 265),
(2385, 2385, 265),
(2386, 2386, 266),
(2387, 2387, 266),
(2388, 2388, 266),
(2389, 2389, 266),
(2390, 2390, 266),
(2391, 2391, 266),
(2392, 2392, 266),
(2393, 2393, 266),
(2394, 2394, 266),
(2395, 2395, 267),
(2396, 2396, 267),
(2397, 2397, 267),
(2398, 2398, 267),
(2399, 2399, 267),
(2400, 2400, 267),
(2401, 2401, 267),
(2402, 2402, 267),
(2403, 2403, 267),
(2404, 2404, 268),
(2405, 2405, 268),
(2406, 2406, 268),
(2407, 2407, 268),
(2408, 2408, 268),
(2409, 2409, 268),
(2410, 2410, 268),
(2411, 2411, 268),
(2412, 2412, 268),
(2413, 2413, 269),
(2414, 2414, 269),
(2415, 2415, 269),
(2416, 2416, 269),
(2417, 2417, 269),
(2418, 2418, 269),
(2419, 2419, 269),
(2420, 2420, 269),
(2421, 2421, 269),
(2422, 2422, 270),
(2423, 2423, 270),
(2424, 2424, 270),
(2425, 2425, 270),
(2426, 2426, 270),
(2427, 2427, 270),
(2428, 2428, 270),
(2429, 2429, 270),
(2430, 2430, 270),
(2431, 2431, 271),
(2432, 2432, 271),
(2433, 2433, 271),
(2434, 2434, 271),
(2435, 2435, 271),
(2436, 2436, 271),
(2437, 2437, 271),
(2438, 2438, 271),
(2439, 2439, 271),
(2440, 2440, 272),
(2441, 2441, 272),
(2442, 2442, 272),
(2443, 2443, 272),
(2444, 2444, 272),
(2445, 2445, 272),
(2446, 2446, 272),
(2447, 2447, 272),
(2448, 2448, 272),
(2449, 2449, 273),
(2450, 2450, 273),
(2451, 2451, 273),
(2452, 2452, 273),
(2453, 2453, 273),
(2454, 2454, 273),
(2455, 2455, 273),
(2456, 2456, 273),
(2457, 2457, 273),
(2458, 2458, 274),
(2459, 2459, 274),
(2460, 2460, 274),
(2461, 2461, 274),
(2462, 2462, 274),
(2463, 2463, 274),
(2464, 2464, 274),
(2465, 2465, 274),
(2466, 2466, 274),
(2467, 2467, 275),
(2468, 2468, 275),
(2469, 2469, 275),
(2470, 2470, 275),
(2471, 2471, 275),
(2472, 2472, 275),
(2473, 2473, 275),
(2474, 2474, 275),
(2475, 2475, 275),
(2476, 2476, 276),
(2477, 2477, 276),
(2478, 2478, 276),
(2479, 2479, 276),
(2480, 2480, 276),
(2481, 2481, 276),
(2482, 2482, 276),
(2483, 2483, 276),
(2484, 2484, 276),
(2485, 2485, 277),
(2486, 2486, 277),
(2487, 2487, 277),
(2488, 2488, 277),
(2489, 2489, 277),
(2490, 2490, 277),
(2491, 2491, 277),
(2492, 2492, 277),
(2493, 2493, 277),
(2494, 2494, 278),
(2495, 2495, 278),
(2496, 2496, 278),
(2497, 2497, 278),
(2498, 2498, 278),
(2499, 2499, 278),
(2500, 2500, 278),
(2501, 2501, 278),
(2502, 2502, 278),
(2503, 2503, 279),
(2504, 2504, 279),
(2505, 2505, 279),
(2506, 2506, 279),
(2507, 2507, 279),
(2508, 2508, 279),
(2509, 2509, 279),
(2510, 2510, 279),
(2511, 2511, 279),
(2512, 2512, 280),
(2513, 2513, 280),
(2514, 2514, 280),
(2515, 2515, 280),
(2516, 2516, 280),
(2517, 2517, 280),
(2518, 2518, 280),
(2519, 2519, 280),
(2520, 2520, 280),
(2521, 2521, 281),
(2522, 2522, 281),
(2523, 2523, 281),
(2524, 2524, 281),
(2525, 2525, 281),
(2526, 2526, 281),
(2527, 2527, 281),
(2528, 2528, 281),
(2529, 2529, 281),
(2530, 2530, 282),
(2531, 2531, 282),
(2532, 2532, 282),
(2533, 2533, 282),
(2534, 2534, 282),
(2535, 2535, 282),
(2536, 2536, 282),
(2537, 2537, 282),
(2538, 2538, 282),
(2539, 2539, 283),
(2540, 2540, 283),
(2541, 2541, 283),
(2542, 2542, 283),
(2543, 2543, 283),
(2544, 2544, 283),
(2545, 2545, 283),
(2546, 2546, 283),
(2547, 2547, 283),
(2548, 2548, 284),
(2549, 2549, 284),
(2550, 2550, 284),
(2551, 2551, 284),
(2552, 2552, 284),
(2553, 2553, 284),
(2554, 2554, 284),
(2555, 2555, 284),
(2556, 2556, 284),
(2557, 2557, 285),
(2558, 2558, 285),
(2559, 2559, 285),
(2560, 2560, 285),
(2561, 2561, 285),
(2562, 2562, 285),
(2563, 2563, 285),
(2564, 2564, 285),
(2565, 2565, 285),
(2566, 2566, 286),
(2567, 2567, 286),
(2568, 2568, 286),
(2569, 2569, 286),
(2570, 2570, 286),
(2571, 2571, 286),
(2572, 2572, 286),
(2573, 2573, 286),
(2574, 2574, 286),
(2575, 2575, 287),
(2576, 2576, 287),
(2577, 2577, 287),
(2578, 2578, 287),
(2579, 2579, 287),
(2580, 2580, 287),
(2581, 2581, 287),
(2582, 2582, 287),
(2583, 2583, 287),
(2584, 2584, 288),
(2585, 2585, 288),
(2586, 2586, 288),
(2587, 2587, 288),
(2588, 2588, 288),
(2589, 2589, 288),
(2590, 2590, 288),
(2591, 2591, 288),
(2592, 2592, 288),
(2593, 2593, 289),
(2594, 2594, 289),
(2595, 2595, 289),
(2596, 2596, 289),
(2597, 2597, 289),
(2598, 2598, 289),
(2599, 2599, 289),
(2600, 2600, 289),
(2601, 2601, 289),
(2602, 2602, 290),
(2603, 2603, 290),
(2604, 2604, 290),
(2605, 2605, 290),
(2606, 2606, 290),
(2607, 2607, 290),
(2608, 2608, 290),
(2609, 2609, 290),
(2610, 2610, 290),
(2611, 2611, 291),
(2612, 2612, 291),
(2613, 2613, 291),
(2614, 2614, 291),
(2615, 2615, 291),
(2616, 2616, 291),
(2617, 2617, 291),
(2618, 2618, 291),
(2619, 2619, 291),
(2620, 2620, 292),
(2621, 2621, 292),
(2622, 2622, 292),
(2623, 2623, 292),
(2624, 2624, 292),
(2625, 2625, 292),
(2626, 2626, 292),
(2627, 2627, 292),
(2628, 2628, 292),
(2629, 2629, 293),
(2630, 2630, 293),
(2631, 2631, 293),
(2632, 2632, 293),
(2633, 2633, 293),
(2634, 2634, 293),
(2635, 2635, 293),
(2636, 2636, 293),
(2637, 2637, 293),
(2638, 2638, 294),
(2639, 2639, 294),
(2640, 2640, 294),
(2641, 2641, 294),
(2642, 2642, 294),
(2643, 2643, 294),
(2644, 2644, 294),
(2645, 2645, 294),
(2646, 2646, 294),
(2647, 2647, 295),
(2648, 2648, 295),
(2649, 2649, 295),
(2650, 2650, 295),
(2651, 2651, 295),
(2652, 2652, 295),
(2653, 2653, 295),
(2654, 2654, 295),
(2655, 2655, 295),
(2656, 2656, 296),
(2657, 2657, 296),
(2658, 2658, 296),
(2659, 2659, 296),
(2660, 2660, 296),
(2661, 2661, 296),
(2662, 2662, 296),
(2663, 2663, 296),
(2664, 2664, 296),
(2665, 2665, 297),
(2666, 2666, 297),
(2667, 2667, 297),
(2668, 2668, 297),
(2669, 2669, 297),
(2670, 2670, 297),
(2671, 2671, 297),
(2672, 2672, 297),
(2673, 2673, 297),
(2674, 2674, 298),
(2675, 2675, 298),
(2676, 2676, 298),
(2677, 2677, 298),
(2678, 2678, 298),
(2679, 2679, 298),
(2680, 2680, 298),
(2681, 2681, 298),
(2682, 2682, 298),
(2683, 2683, 299),
(2684, 2684, 299),
(2685, 2685, 299),
(2686, 2686, 299),
(2687, 2687, 299),
(2688, 2688, 299),
(2689, 2689, 299),
(2690, 2690, 299),
(2691, 2691, 299),
(2692, 2692, 300),
(2693, 2693, 300),
(2694, 2694, 300),
(2695, 2695, 300),
(2696, 2696, 300),
(2697, 2697, 300),
(2698, 2698, 300),
(2699, 2699, 300),
(2700, 2700, 300);

-- --------------------------------------------------------

--
-- Table structure for table `subject`
--

CREATE TABLE IF NOT EXISTS `subject` (
  `Subject_ID` int(11) NOT NULL AUTO_INCREMENT,
  `Subject_Name` varchar(45) NOT NULL,
  `Subject_Code` varchar(15) NOT NULL,
  PRIMARY KEY (`Subject_ID`),
  UNIQUE KEY `Subject_ID_UNIQUE` (`Subject_ID`),
  UNIQUE KEY `Subject_Code_UNIQUE` (`Subject_Code`)
) ENGINE=InnoDB  DEFAULT CHARSET=latin1 AUTO_INCREMENT=12 ;

--
-- Dumping data for table `subject`
--

INSERT INTO `subject` (`Subject_ID`, `Subject_Name`, `Subject_Code`) VALUES
(1, 'Global Competitiive Assessment Test', 'GCAT'),
(2, 'Basic English Skills Test', 'BEST'),
(3, 'Advanced English Proficiency Test', 'AdEPT'),
(4, 'Service Culture', 'SC101'),
(5, 'Systems Thinking', 'SYSTH101'),
(6, 'Business Process Outsourcing 1', 'BPO101'),
(7, 'Business Process Outsourcing 2', 'BPO102'),
(8, 'Language', 'BEST/AdEPT'),
(9, 'BPO Process', 'BPO101/102'),
(10, 'Business Communication', 'BizCom'),
(11, 'Internship', 'Intern');

-- --------------------------------------------------------

--
-- Table structure for table `t3_application`
--

CREATE TABLE IF NOT EXISTS `t3_application` (
  `T3_Application_ID` int(11) NOT NULL AUTO_INCREMENT,
  `Date` varchar(45) NOT NULL,
  `Created_At` timestamp NOT NULL DEFAULT CURRENT_TIMESTAMP,
  `Updated_At` timestamp NOT NULL DEFAULT '0000-00-00 00:00:00' ON UPDATE CURRENT_TIMESTAMP,
  `Subject_ID` int(11) NOT NULL,
  PRIMARY KEY (`T3_Application_ID`),
  UNIQUE KEY `T3_Application_ID_UNIQUE` (`T3_Application_ID`),
  KEY `fk_Teacher_Application_Subject1_idx` (`Subject_ID`)
) ENGINE=InnoDB  DEFAULT CHARSET=latin1 AUTO_INCREMENT=7 ;

--
-- Dumping data for table `t3_application`
--

INSERT INTO `t3_application` (`T3_Application_ID`, `Date`, `Created_At`, `Updated_At`, `Subject_ID`) VALUES
(1, '2011-12-11', '2012-12-12 00:00:00', '2014-02-12 13:37:43', 4),
(2, '2013-11-24', '2009-11-11 00:00:00', '2014-02-12 13:37:43', 5),
(3, '2019-12-11', '2008-12-12 00:00:00', '2014-02-12 13:37:43', 6),
(4, '2012-11-11', '2006-06-09 00:00:00', '2014-02-12 13:22:28', 8),
(5, '2009-09-22', '2006-05-22 00:00:00', '2014-02-12 13:22:29', 2),
(6, '2011-11-12', '2012-09-22 00:00:00', '2012-11-12 00:00:00', 3);

-- --------------------------------------------------------

--
-- Table structure for table `t3_class`
--

CREATE TABLE IF NOT EXISTS `t3_class` (
  `T3_Class_ID` int(11) NOT NULL AUTO_INCREMENT,
  `School_ID` int(11) NOT NULL,
  `Subject_ID` int(11) NOT NULL,
  `Master_Trainer_ID` int(11) NOT NULL,
  `School_Year` varchar(10) NOT NULL,
  `Name` varchar(45) NOT NULL,
  `Created_At` timestamp NOT NULL DEFAULT CURRENT_TIMESTAMP,
  PRIMARY KEY (`T3_Class_ID`),
  UNIQUE KEY `T3_Class_ID_UNIQUE` (`T3_Class_ID`),
  KEY `fk_Section_School2` (`School_ID`),
  KEY `fk_Class_Subject1_idx` (`Subject_ID`),
  KEY `fk_T3_Class_Master_Trainer1_idx` (`Master_Trainer_ID`)
) ENGINE=InnoDB  DEFAULT CHARSET=latin1 AUTO_INCREMENT=9 ;

--
-- Dumping data for table `t3_class`
--

INSERT INTO `t3_class` (`T3_Class_ID`, `School_ID`, `Subject_ID`, `Master_Trainer_ID`, `School_Year`, `Name`, `Created_At`) VALUES
(1, 1, 1, 1, '2013-2014', 'A', '2014-01-30 11:37:04'),
(2, 2, 1, 2, '2013-2014', 'B', '2014-01-30 11:37:04'),
(3, 3, 1, 3, '2012-2013', 'C', '2014-01-30 11:37:04'),
(4, 4, 1, 4, '2010-2011', 'D', '2014-01-30 11:37:04'),
(5, 1, 2, 4, '2009-2010', 'E', '2014-01-30 11:37:04'),
(6, 2, 2, 3, '2011-2012', 'F', '2014-01-30 11:37:04'),
(7, 3, 2, 2, '2012-2014', 'G', '2014-01-30 11:37:04'),
(8, 1, 3, 1, '2011-2011', 'H', '2014-01-30 11:37:04');

-- --------------------------------------------------------

--
-- Table structure for table `t3_tracker`
--

CREATE TABLE IF NOT EXISTS `t3_tracker` (
  `T3_Tracker_ID` int(11) NOT NULL AUTO_INCREMENT,
  `Status_ID` int(11) NOT NULL,
  `Contract` tinyint(1) NOT NULL DEFAULT '0',
  `Remarks` varchar(250) DEFAULT NULL,
  `Subject_ID` int(11) NOT NULL,
  `Created_At` timestamp NOT NULL DEFAULT CURRENT_TIMESTAMP,
  `Updated_At` timestamp NOT NULL DEFAULT '0000-00-00 00:00:00' ON UPDATE CURRENT_TIMESTAMP,
  PRIMARY KEY (`T3_Tracker_ID`),
  UNIQUE KEY `T3_Tracker_ID_UNIQUE` (`T3_Tracker_ID`),
  KEY `fk_Teacher_Tracker_Status1_idx` (`Status_ID`),
  KEY `fk_Teacher_Tracker_Subject1_idx` (`Subject_ID`)
) ENGINE=InnoDB  DEFAULT CHARSET=latin1 AUTO_INCREMENT=26 ;

--
-- Dumping data for table `t3_tracker`
--

INSERT INTO `t3_tracker` (`T3_Tracker_ID`, `Status_ID`, `Contract`, `Remarks`, `Subject_ID`, `Created_At`, `Updated_At`) VALUES
(1, 1, 0, 'Really', 1, '2013-01-01 00:00:00', '2013-11-13 00:00:00'),
(2, 1, 1, 'Go ', 1, '2013-03-31 00:00:00', '2001-01-01 00:00:00'),
(3, 1, 0, 'Hell Yeah Im Halfway', 1, '2013-02-14 00:00:00', '2011-12-11 00:00:00'),
(4, 1, 1, 'At 14 they asked', 1, '2013-04-01 00:00:00', '2011-11-02 00:00:00'),
(5, 1, 0, 'Owowow', 1, '2013-06-30 00:00:00', '2011-11-06 00:00:00'),
(6, 1, 1, 'Schoolin''', 1, '2011-11-06 00:00:00', '2011-11-01 00:00:00'),
(7, 2, 1, 'Don''t stop running', 4, '2012-11-09 00:00:00', '2011-11-02 00:00:00'),
(8, 1, 0, 'Who needs it', 3, '2011-11-08 00:00:00', '2011-11-03 00:00:00'),
(9, 2, 1, 'Whoa', 4, '2012-11-08 00:00:00', '2011-11-03 00:00:00'),
(10, 1, 1, NULL, 2, '2012-11-08 00:00:00', '2014-02-11 14:22:36'),
(11, 1, 1, NULL, 3, '2012-11-08 00:00:00', '2014-02-11 14:22:36'),
(12, 1, 1, NULL, 1, '2012-11-08 00:00:00', '2014-02-11 14:22:36'),
(13, 1, 1, NULL, 1, '2012-11-08 00:00:00', '2014-02-11 14:22:36'),
(14, 1, 1, NULL, 1, '2012-11-08 00:00:00', '2014-02-11 14:22:36'),
(15, 1, 1, NULL, 1, '2012-11-08 00:00:00', '2014-02-11 14:22:36'),
(16, 1, 1, NULL, 1, '2012-11-08 00:00:00', '2014-02-11 14:22:36'),
(17, 1, 1, NULL, 1, '2012-11-08 00:00:00', '2014-02-11 14:22:36'),
(18, 1, 1, NULL, 1, '2012-11-08 00:00:00', '2014-02-11 14:22:36'),
(19, 1, 1, NULL, 1, '2012-11-08 00:00:00', '2014-02-11 14:22:36'),
(20, 1, 1, NULL, 1, '2012-11-08 00:00:00', '2014-02-11 14:22:36'),
(21, 1, 1, NULL, 1, '2012-11-08 00:00:00', '2014-02-11 14:22:36'),
(22, 1, 1, NULL, 1, '2012-11-08 00:00:00', '2014-02-11 14:22:36'),
(23, 1, 0, NULL, 1, '2012-11-08 00:00:00', '2014-02-11 14:22:36'),
(24, 1, 0, NULL, 1, '2012-11-08 00:00:00', '2014-02-11 14:22:36'),
(25, 1, 1, NULL, 1, '2012-11-08 00:00:00', '2014-02-11 14:22:36');

-- --------------------------------------------------------

--
-- Table structure for table `teacher`
--

CREATE TABLE IF NOT EXISTS `teacher` (
  `Teacher_ID` int(11) NOT NULL AUTO_INCREMENT,
  `Code` varchar(45) NOT NULL,
  `Name_Suffix` varchar(5) DEFAULT NULL,
  `Last_Name` varchar(45) NOT NULL,
  `First_Name` varchar(45) NOT NULL,
  `Middle_Initial` char(1) NOT NULL,
  `Birthdate` datetime NOT NULL,
  `Birthplace` varchar(45) NOT NULL DEFAULT 'Philippines',
  `Nationality` varchar(45) NOT NULL DEFAULT 'Filipino',
  `Total_Year_of_Teaching` int(11) NOT NULL,
  `Civil_Status` varchar(9) NOT NULL DEFAULT 'Single',
  `Gender` char(1) NOT NULL,
  `Desktop` tinyint(1) NOT NULL DEFAULT '0',
  `Laptop` tinyint(1) NOT NULL DEFAULT '0',
  `Internet` tinyint(1) NOT NULL DEFAULT '0',
  `Street_Number` varchar(5) NOT NULL,
  `Street_Name` varchar(45) NOT NULL,
  `City` varchar(45) NOT NULL,
  `Province` varchar(45) NOT NULL,
  `Region` varchar(45) NOT NULL,
  `Alternate_Address` text,
  `Mobile_Number` varchar(13) NOT NULL,
  `Landline` varchar(9) NOT NULL,
  `Email` varchar(45) NOT NULL,
  `Facebook` varchar(45) DEFAULT NULL,
  `Employment_Status` varchar(4) NOT NULL,
  `Current_Position` varchar(45) NOT NULL,
  `Current_Department` varchar(250) DEFAULT NULL,
  `School_ID` int(11) NOT NULL,
  `Name_of_Supervisor` varchar(45) NOT NULL,
  `Supervisor_Contact_Details` varchar(11) NOT NULL,
  `Position_of_Supervisor` varchar(45) DEFAULT NULL,
  `Classes_Handling` text,
  `Resume` tinyint(1) NOT NULL,
  `Photo` tinyint(1) NOT NULL DEFAULT '0',
  `Proof_of_Certification` tinyint(1) NOT NULL DEFAULT '0',
  `Diploma_TOR` tinyint(1) NOT NULL DEFAULT '0',
  `Created_At` timestamp NOT NULL DEFAULT CURRENT_TIMESTAMP,
  `Updated_At` timestamp NOT NULL DEFAULT '0000-00-00 00:00:00' ON UPDATE CURRENT_TIMESTAMP,
  PRIMARY KEY (`Teacher_ID`),
  UNIQUE KEY `Teacher_ID_UNIQUE` (`Teacher_ID`),
  KEY `fk_Teacher_School1_idx` (`School_ID`)
) ENGINE=InnoDB  DEFAULT CHARSET=latin1 AUTO_INCREMENT=33 ;

--
-- Dumping data for table `teacher`
--

INSERT INTO `teacher` (`Teacher_ID`, `Code`, `Name_Suffix`, `Last_Name`, `First_Name`, `Middle_Initial`, `Birthdate`, `Birthplace`, `Nationality`, `Total_Year_of_Teaching`, `Civil_Status`, `Gender`, `Desktop`, `Laptop`, `Internet`, `Street_Number`, `Street_Name`, `City`, `Province`, `Region`, `Alternate_Address`, `Mobile_Number`, `Landline`, `Email`, `Facebook`, `Employment_Status`, `Current_Position`, `Current_Department`, `School_ID`, `Name_of_Supervisor`, `Supervisor_Contact_Details`, `Position_of_Supervisor`, `Classes_Handling`, `Resume`, `Photo`, `Proof_of_Certification`, `Diploma_TOR`, `Created_At`, `Updated_At`) VALUES
(1, 'CODE123', 'Jr.', 'Swift', 'Mike', 'A', '1967-11-14 00:24:34', 'Quezon City', 'Filipino', 4, 'Single', 'm', 1, 1, 0, '8', 'Samar', 'Quezon City', 'Metro Manila', '5', 'Basco, Batanes', '091159503612', '3336644', 'rj@gmail.com', 'isa', 'Full', 'Teacher', 'DISCS', 1, 'John Leveur', '09159999911', 'Boss', 'CS150', 1, 0, 1, 0, '2013-12-11 16:00:00', '2014-02-01 09:16:11'),
(2, 'CODE432', NULL, 'Tan', 'Gillian', 'P', '1992-01-01 00:24:34', 'Beijing, China', 'Filipino', 3, 'Married', 'f', 1, 0, 1, '7', 'Pura', 'Manila City', 'Metro Manila', 'NCR', 'Laoag City', '098112344321', '3215432', 'gil@gmail.com', 'Gigi', 'Full', 'Teacher 2', 'DISCS', 2, 'Michael Bryan', '09111222334', 'Manager', 'MIS101', 0, 0, 1, 0, '2013-10-30 16:00:00', '2014-02-01 09:16:11'),
(3, 'CODE123', 'Jr.', 'Fajardo', 'Francis', 'B', '1991-11-12 00:24:34', 'Caloocan City, Philippines', 'Filipino', 10, 'Married', 'm', 0, 0, 0, '2', 'Arrupe', 'Malabon City', 'Metro Manila ', 'NCR', 'Ormoc City', '123456711111', '32123421', 'fr@gmail.com', 'Francis', 'Full', 'Teacher 4', 'DISCS', 3, 'Fernando Lopez', '09212123456', 'Manager', 'CS160', 1, 1, 1, 1, '2011-11-23 16:00:00', '2014-02-01 09:16:11'),
(4, 'CODE143', NULL, 'Calzado', 'Iza', 'C', '1967-11-14 00:24:34', 'Los Angeles, USA', 'American', 22, 'Single', 'f', 0, 1, 1, '6750', 'Ayala', 'Makati City', 'Metro Manila', 'NCR', 'Cebu City', '212321220291', '2132321', 'iza@yahoo.com', 'Iza', 'Full', 'Teacher 10', 'DISCS', 17, 'Barack Obama', '09121431431', 'Principal', 'MIS101', 1, 0, 0, 0, '2012-11-23 16:00:00', '2014-02-01 09:16:11'),
(5, '153', NULL, 'Cheng', 'Joy', 'A', '1967-11-14 00:24:34', 'Manila', 'Filipino', 1, 'Single', 'f', 1, 0, 1, '1', 'Maluggay', 'Makati', 'Metro Manila', 'NCR', 'Davao', '626126311454', '3614988', 'iza@yahoo.com', 'Iza', 'Full', 'Teacher', 'DISCS', 1, 'Joy Federico', '09064939966', 'Principal', 'MIS121', 1, 0, 1, 0, '2012-11-23 16:00:00', '2014-02-01 09:16:11'),
(6, '454', NULL, 'Chen', 'Iza', 'B', '1967-11-14 00:24:34', 'Manila', 'Filipino', 21, 'Single', 'f', 1, 0, 1, '2', '1st', 'Caloccan', 'Metro Manila', 'NCR', 'Bacolod', '541514546444', '3632266', 'iza@yahoo.com', 'Iza', 'Full', 'Teacher', 'DISCS', 2, 'Joy Federico', '12154564867', 'Principal', 'MIS131', 0, 1, 0, 1, '2012-11-23 16:00:00', '2014-02-01 09:16:11'),
(7, '153', NULL, 'Chua', 'Red', 'C', '1967-11-14 00:24:34', 'Manila', 'Filipino', 4, 'Single', 'f', 1, 0, 1, '3', '2nd', 'Caloccan', 'Metro Manila', 'NCR', 'Tacloban', '13213.210103', '3659324', 'iza@yahoo.com', 'Iza', 'Full', 'Teacher', 'DISCS', 3, 'Joy Federico', '15148657486', 'Principal', 'MIS151', 1, 0, 0, 1, '2012-11-23 16:00:00', '2014-02-01 09:16:11'),
(8, '131', NULL, 'Cua', 'Blue', 'D', '1967-11-14 00:24:34', 'Manila', 'Filipino', 10, 'Single', 'f', 1, 0, 1, '4', '3rd', 'Caloccan', 'Metro Manila', 'NCR', 'Samar', '484851465131', '8787872', 'iza@yahoo.com', 'Iza', 'Full', 'Teacher', 'DISCS', 4, 'Joy Federico', '15145634685', 'Principal', 'MIS141', 0, 0, 0, 1, '2012-11-23 16:00:00', '2014-02-01 09:16:11'),
(9, '25', NULL, 'Tan', 'Green', 'E', '1967-11-14 00:24:34', 'Manila', 'Filipino', 3, 'Single', 'f', 1, 0, 0, '5', '4th', 'Caloccan', 'Metro Manila', 'NCR', 'Leyte', '131253465465', '9876543', 'iza@yahoo.com', 'Iza', 'Full', 'Teacher', 'DISCS', 5, 'Joy Federico', '13143126344', 'Principal', 'CS21', 0, 0, 0, 1, '2012-11-23 16:00:00', '2014-02-01 09:16:11'),
(10, '131', NULL, 'Tiong', 'Yellow', 'F', '1967-11-14 00:24:34', 'Manila', 'Filipino', 1, 'Single', 'f', 1, 0, 0, '6', '5th', 'Caloccan', 'Metro Manila', 'NCR', 'Bicol', '134865488484', '3216547', 'iza@yahoo.com', 'Iza', 'Full', 'Teacher', 'DISCS', 6, 'Joy Federico', '16476463461', 'Principal', 'CS21', 0, 1, 1, 1, '2012-11-23 16:00:00', '2014-02-01 09:16:11'),
(11, '4564', NULL, 'Zhen', 'Black', 'G', '1967-11-14 00:24:34', 'Manila', 'Filipino', 5, 'Single', 'f', 1, 1, 0, '7', '6th', 'Caloccan', 'Metro Manila', 'NCR', 'Baguio', '154135213143', '9874562', 'iza@yahoo.com', 'Iza', 'Full', 'Teacher', 'DISCS', 7, 'Joy Federico', '03163136161', 'Principal', 'CS21', 1, 1, 1, 1, '2012-11-23 16:00:00', '2014-02-01 09:16:11'),
(12, '131', NULL, 'Sy', 'Brown', 'H', '1967-11-14 00:24:34', 'Manila', 'Filipino', 1, 'Single', 'm', 1, 0, 0, '8', '7th', 'Caloccan', 'Metro Manila', 'NCR', 'Batangas', '132156454151', '9876541', 'iza@yahoo.com', 'Iza', 'Full', 'Teacher', 'DISCS', 8, 'Joy Federico', '03125531465', 'Principal', 'CS21', 1, 0, 1, 1, '2012-11-23 16:00:00', '2014-02-01 09:16:11'),
(13, '55', NULL, 'See', 'Teal', 'I', '1967-11-14 00:24:34', 'Manila', 'Filipino', 4, 'Single', 'f', 1, 0, 1, '9', '8th', 'Caloccan', 'Metro Manila', 'NCR', 'Bulacan', '515151454545', '7894561', 'iza@yahoo.com', 'Iza', 'Full', 'Teacher', 'DISCS', 9, 'Joy Federico', '16351403146', 'Principal', 'CS21', 1, 0, 1, 1, '2012-11-23 16:00:00', '2014-02-01 09:16:11'),
(14, '11', NULL, 'Kim', 'Pink', 'J', '1967-11-14 00:24:34', 'Manila', 'Filipino', 2, 'Single', 'm', 1, 1, 1, '10', '9th', 'Caloccan', 'Metro Manila', 'NCR', 'Cebu', '023102548122', '7894562', 'iza@yahoo.com', 'Iza', 'Full', 'Teacher', 'DISCS', 10, 'Joy Federico', '15614023146', 'Principal', 'CS21', 1, 0, 1, 1, '2012-11-23 16:00:00', '2014-02-01 09:16:11'),
(15, '51', NULL, 'Park', 'Purple', 'K', '1967-11-14 00:24:34', 'Manila', 'Filipino', 4, 'Single', 'm', 1, 0, 1, '11', '10th', 'Caloccan', 'Metro Manila', 'NCR', 'Palawan', '102534856414', '7894563', 'iza@yahoo.com', 'Iza', 'Full', 'Teacher', 'DISCS', 11, 'Joy Federico', '16148654320', 'Dean', 'CS21', 1, 1, 0, 1, '2012-11-23 16:00:00', '2014-02-01 09:16:11'),
(16, '122', NULL, 'Lim', 'Violet', 'L', '1967-11-14 00:24:34', 'Manila', 'Filipino', 13, 'Single', 'm', 0, 1, 1, '12', '11th', 'Caloccan', 'Metro Manila', 'NCR', 'Bohol', '145451431131', '7893215', 'iza@yahoo.com', 'Iza', 'Full', 'Teacher', 'DISCS', 12, 'Joy Federico', '15313143514', 'Dean', 'CS21', 1, 0, 0, 0, '2012-11-23 16:00:00', '2014-02-01 09:16:11'),
(17, '335', NULL, 'Lee', 'Beige', 'M', '1967-11-14 00:24:34', 'Manila', 'Filipino', 13, 'Single', 'm', 0, 0, 0, '13', 'Rizal', 'Manila', 'Metro Manila', 'NCR', 'Iloilo', '185748965488', '9873216', 'iza@yahoo.com', 'Iza', 'Full', 'Teacher', 'DISCS', 13, 'Joy Federico', '10031631461', 'Dean', 'CS21', 0, 0, 1, 0, '2012-11-23 16:00:00', '2014-02-01 09:16:11'),
(18, '484', NULL, 'Zhong', 'Khaki', 'N', '1967-11-14 00:24:34', 'Manila', 'Filipino', 4, 'Single', 'm', 0, 1, 0, '14', 'Arnais', 'Makati', 'Metro Manila', 'NCR', 'Bacolod', '165148574897', '9773214', 'iza@yahoo.com', 'Iza', 'Full', 'Teacher', 'DISCS', 14, 'Joy Federico', '31235146545', 'Dean', 'CS21', 0, 1, 0, 0, '2012-11-23 16:00:00', '2014-02-01 09:16:11'),
(19, '646', NULL, 'Leong', 'Maroon', 'O', '1967-11-14 00:24:34', 'Manila', 'Filipino', 5, 'Married', 'm', 1, 0, 0, '15', 'Katipunan', 'Quezon City', 'Metro Manila', 'NCR', 'Sulu', '874885748567', '9873216', 'iza@yahoo.com', 'Iza', 'Full', 'Teacher', 'DISCS', 15, 'Joy Federico', '15314531455', 'Dean', 'CS21', 1, 0, 0, 0, '2012-11-23 16:00:00', '2014-02-01 09:16:11'),
(20, '231', NULL, 'Jeong', 'Cyan', 'P', '1967-11-14 00:24:34', 'Manila', 'Filipino', 10, 'Widowed', 'f', 1, 1, 0, '16', 'Esteban', 'Quezon City', 'Metro Manila', 'NCR', 'Mindoro', '148564768787', '2654878', 'iza@yahoo.com', 'Iza', 'Full', 'Teacher', 'DISCS', 16, 'Joy Federico', '10231032153', 'Deam', 'CS21', 1, 0, 1, 0, '2012-11-23 16:00:00', '2014-02-01 09:16:11'),
(32, '8PAP20140118', '', 'Peralta', 'Phil', 'A', '2014-01-18 00:00:00', 'Caloocan', 'Ibatan', 1, 'single', 'm', 1, 0, 1, '54 C.', 'efsadf', 'Caloocan', 'Metro Manila', 'asdfsa', '54 C. Cordero', '56', '14', 'joi_4real@yahoo.com', '', 'Part', 'Prof', '', 8, 'Joy Federico', '090909', '', '', 1, 0, 1, 0, '2014-01-20 14:55:58', '2014-02-12 08:08:53');

-- --------------------------------------------------------

--
-- Table structure for table `teacher_affiliation_to_organization`
--

CREATE TABLE IF NOT EXISTS `teacher_affiliation_to_organization` (
  `Teacher_Affiliation_to_Organization_ID` int(11) NOT NULL AUTO_INCREMENT,
  `Organization` varchar(45) NOT NULL,
  `Description` varchar(45) DEFAULT NULL,
  `Positions` varchar(45) DEFAULT NULL,
  `Years_Affiliated` int(11) DEFAULT NULL,
  `Teacher_ID` int(11) NOT NULL,
  PRIMARY KEY (`Teacher_Affiliation_to_Organization_ID`),
  KEY `fk_Teacher_Affliation_to_Organization_Teacher1_idx` (`Teacher_ID`)
) ENGINE=InnoDB  DEFAULT CHARSET=latin1 AUTO_INCREMENT=4 ;

--
-- Dumping data for table `teacher_affiliation_to_organization`
--

INSERT INTO `teacher_affiliation_to_organization` (`Teacher_Affiliation_to_Organization_ID`, `Organization`, `Description`, `Positions`, `Years_Affiliated`, `Teacher_ID`) VALUES
(3, 'Taliban', 'Middle East', 'Insurgent', 4, 32);

-- --------------------------------------------------------

--
-- Table structure for table `teacher_awards`
--

CREATE TABLE IF NOT EXISTS `teacher_awards` (
  `Teacher_Awards_ID` int(11) NOT NULL AUTO_INCREMENT,
  `Award` varchar(45) NOT NULL,
  `Awarding_Body` varchar(45) NOT NULL,
  `Date_Received` datetime DEFAULT NULL,
  `Teacher_ID` int(11) NOT NULL,
  PRIMARY KEY (`Teacher_Awards_ID`),
  UNIQUE KEY `Teacher_Awards_ID_UNIQUE` (`Teacher_Awards_ID`),
  KEY `fk_Teacher_Awards_Teacher1_idx` (`Teacher_ID`)
) ENGINE=InnoDB  DEFAULT CHARSET=latin1 AUTO_INCREMENT=8 ;

--
-- Dumping data for table `teacher_awards`
--

INSERT INTO `teacher_awards` (`Teacher_Awards_ID`, `Award`, `Awarding_Body`, `Date_Received`, `Teacher_ID`) VALUES
(1, 'Best in English', 'FAMAS', '1992-12-11 00:00:00', 1),
(2, 'Best in Math', 'Mathers', '1911-11-11 00:00:00', 1),
(3, 'Oscar', 'Academy', '1999-11-12 00:00:00', 1),
(4, 'Emmy', 'America', '2012-09-11 00:00:00', 1),
(7, 'Medal of Honor', 'PSG', '2014-01-20 00:00:00', 32);

-- --------------------------------------------------------

--
-- Table structure for table `teacher_certification`
--

CREATE TABLE IF NOT EXISTS `teacher_certification` (
  `Teacher_Certification_ID` int(11) NOT NULL AUTO_INCREMENT,
  `Certification` varchar(45) NOT NULL,
  `Certifying_Body` varchar(250) NOT NULL,
  `Date_Received` datetime NOT NULL,
  `Teacher_ID` int(11) NOT NULL,
  PRIMARY KEY (`Teacher_Certification_ID`),
  UNIQUE KEY `Teacher_Certification_ID_UNIQUE` (`Teacher_Certification_ID`),
  KEY `fk_Teacher_Certification_Teacher1_idx` (`Teacher_ID`)
) ENGINE=InnoDB  DEFAULT CHARSET=latin1 AUTO_INCREMENT=8 ;

--
-- Dumping data for table `teacher_certification`
--

INSERT INTO `teacher_certification` (`Teacher_Certification_ID`, `Certification`, `Certifying_Body`, `Date_Received`, `Teacher_ID`) VALUES
(1, 'Math', 'Math Body ', '1992-12-11 00:34:00', 1),
(2, 'Science', 'DOST', '1993-12-26 00:22:22', 2),
(3, 'Geography', 'Makati Geologist', '2012-12-11 00:00:00', 2),
(4, 'English', 'English Society', '1993-12-11 00:00:00', 3),
(7, 'TESDA', 'TESDA', '2014-01-20 00:00:00', 32);

-- --------------------------------------------------------

--
-- Table structure for table `teacher_class`
--

CREATE TABLE IF NOT EXISTS `teacher_class` (
  `Teacher_Class_ID` int(11) NOT NULL AUTO_INCREMENT,
  `T3_Class_ID` int(11) NOT NULL,
  `Teacher_ID` int(11) NOT NULL,
  PRIMARY KEY (`Teacher_Class_ID`),
  UNIQUE KEY `Teacher_Class_ID_UNIQUE` (`Teacher_Class_ID`),
  KEY `fk_Student_Class_Class1` (`T3_Class_ID`),
  KEY `fk_Teacher_Class_Teacher1_idx` (`Teacher_ID`)
) ENGINE=InnoDB DEFAULT CHARSET=latin1 AUTO_INCREMENT=1 ;

-- --------------------------------------------------------

--
-- Table structure for table `teacher_computer_familiarity`
--

CREATE TABLE IF NOT EXISTS `teacher_computer_familiarity` (
  `Teacher_Computer_Familiarity_ID` int(11) NOT NULL AUTO_INCREMENT,
  `Teacher_ID` int(11) NOT NULL,
  `Computer_Skills_ID` int(11) NOT NULL,
  PRIMARY KEY (`Teacher_Computer_Familiarity_ID`),
  UNIQUE KEY `Teacher_Computer_Familiarity_ID_UNIQUE` (`Teacher_Computer_Familiarity_ID`),
  KEY `fk_Teacher_Computer_Familiarity_Teacher1_idx` (`Teacher_ID`),
  KEY `fk_Teacher_Computer_Familiarity_Skills1_idx` (`Computer_Skills_ID`)
) ENGINE=InnoDB  DEFAULT CHARSET=latin1 AUTO_INCREMENT=7 ;

--
-- Dumping data for table `teacher_computer_familiarity`
--

INSERT INTO `teacher_computer_familiarity` (`Teacher_Computer_Familiarity_ID`, `Teacher_ID`, `Computer_Skills_ID`) VALUES
(1, 1, 1),
(2, 2, 1),
(3, 1, 2),
(4, 2, 2),
(5, 3, 3),
(6, 4, 1);

-- --------------------------------------------------------

--
-- Table structure for table `teacher_computer_profiency`
--

CREATE TABLE IF NOT EXISTS `teacher_computer_profiency` (
  `Teacher_Computer_Profiency_ID` int(11) NOT NULL AUTO_INCREMENT,
  `Computer_Skills_ID` int(11) NOT NULL,
  `Teacher_ID` int(11) NOT NULL,
  PRIMARY KEY (`Teacher_Computer_Profiency_ID`),
  UNIQUE KEY `Teacher_Computer_Profiency_ID_UNIQUE` (`Teacher_Computer_Profiency_ID`),
  KEY `fk_Teacher_Computer_Profiency_Skills1_idx` (`Computer_Skills_ID`),
  KEY `fk_Teacher_Computer_Profiency_Teacher1_idx` (`Teacher_ID`)
) ENGINE=InnoDB  DEFAULT CHARSET=latin1 AUTO_INCREMENT=7 ;

--
-- Dumping data for table `teacher_computer_profiency`
--

INSERT INTO `teacher_computer_profiency` (`Teacher_Computer_Profiency_ID`, `Computer_Skills_ID`, `Teacher_ID`) VALUES
(1, 1, 1),
(2, 2, 1),
(3, 3, 1),
(4, 1, 2),
(5, 3, 3),
(6, 2, 3);

-- --------------------------------------------------------

--
-- Table structure for table `teacher_other_skills`
--

CREATE TABLE IF NOT EXISTS `teacher_other_skills` (
  `Teacher_Other_Skills_ID` int(11) NOT NULL AUTO_INCREMENT,
  `Skills_ID` int(11) NOT NULL,
  `Teacher_ID` int(11) NOT NULL,
  PRIMARY KEY (`Teacher_Other_Skills_ID`),
  UNIQUE KEY `Teacher_Other_Skills_ID_UNIQUE` (`Teacher_Other_Skills_ID`),
  KEY `fk_Teacher_Other_Skills_Skills1_idx` (`Skills_ID`),
  KEY `fk_Teacher_Other_Skills_Teacher1_idx` (`Teacher_ID`)
) ENGINE=InnoDB  DEFAULT CHARSET=latin1 AUTO_INCREMENT=5 ;

--
-- Dumping data for table `teacher_other_skills`
--

INSERT INTO `teacher_other_skills` (`Teacher_Other_Skills_ID`, `Skills_ID`, `Teacher_ID`) VALUES
(1, 1, 1),
(2, 2, 1),
(3, 1, 3),
(4, 4, 2);

-- --------------------------------------------------------

--
-- Table structure for table `teacher_professional_reference`
--

CREATE TABLE IF NOT EXISTS `teacher_professional_reference` (
  `Teacher_Professional_Reference_ID` int(11) NOT NULL AUTO_INCREMENT,
  `Email` varchar(45) NOT NULL,
  `Name` varchar(45) NOT NULL,
  `Position` varchar(45) DEFAULT NULL,
  `Company` varchar(45) NOT NULL,
  `Phone` varchar(11) NOT NULL,
  `Teacher_ID` int(11) NOT NULL,
  PRIMARY KEY (`Teacher_Professional_Reference_ID`),
  KEY `fk_Teacher_Professional_Reference_Teacher1_idx` (`Teacher_ID`)
) ENGINE=InnoDB  DEFAULT CHARSET=latin1 AUTO_INCREMENT=8 ;

--
-- Dumping data for table `teacher_professional_reference`
--

INSERT INTO `teacher_professional_reference` (`Teacher_Professional_Reference_ID`, `Email`, `Name`, `Position`, `Company`, `Phone`, `Teacher_ID`) VALUES
(1, 'jpa@gmail.com', 'Mike Co', 'Teacher 21', 'TeachMe.org', '4212123', 1),
(2, 'mla@gmail.com', 'Tanner Mo', 'Engineer', 'EngineerMe.org', '4333121', 2),
(3, 'hack@gmail.com', 'Packer Yu', 'Hacker', 'Hack Company', '4323112', 3),
(4, 'jack@yahoo.com', 'Jack Lantern', 'Jacker', 'Olero Company', '4323234', 2),
(7, 'joi_4real@yahoo.com', 'Joy Federico', 'Intern', 'Citibank', '63906493996', 32);

-- --------------------------------------------------------

--
-- Table structure for table `teacher_relevant_experiences`
--

CREATE TABLE IF NOT EXISTS `teacher_relevant_experiences` (
  `Teacher_Relevant_Experiences_ID` int(11) NOT NULL AUTO_INCREMENT,
  `Organization` varchar(250) NOT NULL,
  `Position` varchar(45) NOT NULL,
  `Description` varchar(250) DEFAULT NULL,
  `Date` datetime NOT NULL,
  `Teacher_ID` int(11) NOT NULL,
  PRIMARY KEY (`Teacher_Relevant_Experiences_ID`),
  KEY `fk_Teacher_Relevant_Experiences_Teacher1_idx` (`Teacher_ID`)
) ENGINE=InnoDB  DEFAULT CHARSET=latin1 AUTO_INCREMENT=8 ;

--
-- Dumping data for table `teacher_relevant_experiences`
--

INSERT INTO `teacher_relevant_experiences` (`Teacher_Relevant_Experiences_ID`, `Organization`, `Position`, `Description`, `Date`, `Teacher_ID`) VALUES
(1, 'Ayala', 'Instructor', 'Instructed employees', '2013-11-16 00:00:00', 1),
(2, 'Accenture', 'Asst Instructor', 'Assisted the instructor', '2013-11-14 00:00:00', 2),
(3, 'Mandarin Skies', 'Cook', 'Cooked Food', '2012-11-11 00:00:00', 3),
(4, 'Arakama', 'Manager', 'Managed people', '2011-11-11 00:00:00', 4),
(7, 'NPA', 'General', 'Terrorist', '2014-01-20 00:00:00', 32);

-- --------------------------------------------------------

--
-- Table structure for table `teacher_t3_application`
--

CREATE TABLE IF NOT EXISTS `teacher_t3_application` (
  `Teacher_T3_Application_ID` int(11) NOT NULL AUTO_INCREMENT,
  `Teacher_ID` int(11) NOT NULL,
  `T3_Application_ID` int(11) NOT NULL,
  PRIMARY KEY (`Teacher_T3_Application_ID`),
  UNIQUE KEY `Teacher_ID_UNIQUE` (`Teacher_ID`),
  KEY `fk_Teacher_T3_Application_Teacher1_idx` (`Teacher_ID`),
  KEY `fk_Teacher_T3_Application_T3_Application1_idx` (`T3_Application_ID`)
) ENGINE=InnoDB  DEFAULT CHARSET=latin1 AUTO_INCREMENT=7 ;

--
-- Dumping data for table `teacher_t3_application`
--

INSERT INTO `teacher_t3_application` (`Teacher_T3_Application_ID`, `Teacher_ID`, `T3_Application_ID`) VALUES
(1, 1, 1),
(2, 2, 2),
(3, 3, 3),
(4, 4, 4),
(5, 5, 5),
(6, 6, 6);

-- --------------------------------------------------------

--
-- Table structure for table `teacher_t3_tracker`
--

CREATE TABLE IF NOT EXISTS `teacher_t3_tracker` (
  `Teacher_T3_Tracker_ID` int(11) NOT NULL AUTO_INCREMENT,
  `T3_Tracker_ID` int(11) NOT NULL,
  `Teacher_ID` int(11) NOT NULL,
  PRIMARY KEY (`Teacher_T3_Tracker_ID`),
  UNIQUE KEY `Teacher_T3_Tracker_ID_UNIQUE` (`Teacher_T3_Tracker_ID`),
  KEY `fk_Teacher_T3_Tracker_T3_Tracker1_idx` (`T3_Tracker_ID`),
  KEY `fk_Teacher_T3_Tracker_Teacher1_idx` (`Teacher_ID`)
) ENGINE=InnoDB  DEFAULT CHARSET=latin1 AUTO_INCREMENT=26 ;

--
-- Dumping data for table `teacher_t3_tracker`
--

INSERT INTO `teacher_t3_tracker` (`Teacher_T3_Tracker_ID`, `T3_Tracker_ID`, `Teacher_ID`) VALUES
(1, 1, 1),
(2, 2, 2),
(3, 3, 3),
(4, 4, 4),
(5, 5, 5),
(6, 6, 6),
(7, 7, 7),
(8, 8, 8),
(9, 9, 9),
(10, 10, 10),
(11, 11, 11),
(12, 12, 12),
(13, 13, 13),
(14, 14, 14),
(15, 15, 15),
(16, 16, 16),
(17, 17, 17),
(18, 18, 18),
(19, 19, 19),
(20, 20, 20),
(21, 21, 1),
(22, 22, 2),
(23, 23, 3),
(24, 24, 4),
(25, 25, 5);

-- --------------------------------------------------------

--
-- Table structure for table `teacher_training_experience`
--

CREATE TABLE IF NOT EXISTS `teacher_training_experience` (
  `Teacher_Training_Experience_ID` int(11) NOT NULL AUTO_INCREMENT,
  `Teacher_ID` int(11) NOT NULL,
  `Institution` varchar(250) NOT NULL,
  `Position` varchar(45) NOT NULL,
  `Date` int(4) NOT NULL,
  `Level_Taught` varchar(250) NOT NULL,
  `Courses_Taught` text NOT NULL,
  `Number_of_Years_in_Institution` int(11) NOT NULL,
  PRIMARY KEY (`Teacher_Training_Experience_ID`),
  UNIQUE KEY `Teacher_Training_Experience_ID_UNIQUE` (`Teacher_Training_Experience_ID`),
  KEY `fk_Teacher_Training_Experience_Teacher_idx` (`Teacher_ID`)
) ENGINE=InnoDB  DEFAULT CHARSET=latin1 AUTO_INCREMENT=11 ;

--
-- Dumping data for table `teacher_training_experience`
--

INSERT INTO `teacher_training_experience` (`Teacher_Training_Experience_ID`, `Teacher_ID`, `Institution`, `Position`, `Date`, `Level_Taught`, `Courses_Taught`, `Number_of_Years_in_Institution`) VALUES
(1, 2, 'Ateneo de Manila', 'Secretary', 2011, 'Tertiary', 'Math', 2),
(2, 1, 'De La Salle', 'President', 2011, 'High School', 'Geography', 4),
(3, 3, 'PUP', 'Teacher', 2012, 'Tertiary', 'Math, Science', 3),
(4, 3, 'Makati Science High School', 'Teacher', 2013, 'Grade School', 'Algebra, Calculus', 2),
(10, 32, 'Ateneo de Manila University', 'Professor', 2011, 'College', 'En11, Lit13', 3);

-- --------------------------------------------------------

--
-- Table structure for table `tracker`
--

CREATE TABLE IF NOT EXISTS `tracker` (
  `Tracker_ID` int(11) NOT NULL AUTO_INCREMENT,
  `Remarks` varchar(255) DEFAULT NULL,
  `Status_ID` int(11) NOT NULL,
  `Times_Taken` int(11) NOT NULL DEFAULT '1',
  `Subject_ID` int(11) NOT NULL,
  `Created_At` timestamp NOT NULL DEFAULT CURRENT_TIMESTAMP,
  `Updated_At` timestamp NOT NULL DEFAULT '0000-00-00 00:00:00' ON UPDATE CURRENT_TIMESTAMP,
  PRIMARY KEY (`Tracker_ID`),
  UNIQUE KEY `Tracker_ID_UNIQUE` (`Tracker_ID`),
  KEY `fk_Tracker_Status1_idx` (`Status_ID`),
  KEY `fk_Tracker_Subject1_idx` (`Subject_ID`)
) ENGINE=InnoDB  DEFAULT CHARSET=latin1 AUTO_INCREMENT=2701 ;

--
-- Dumping data for table `tracker`
--

INSERT INTO `tracker` (`Tracker_ID`, `Remarks`, `Status_ID`, `Times_Taken`, `Subject_ID`, `Created_At`, `Updated_At`) VALUES
(1801, NULL, 3, 1, 4, '2014-02-18 13:19:35', '0000-00-00 00:00:00'),
(1802, NULL, 3, 1, 5, '2014-02-18 13:19:36', '0000-00-00 00:00:00'),
(1803, NULL, 3, 1, 6, '2014-02-18 13:19:36', '0000-00-00 00:00:00'),
(1804, NULL, 3, 1, 7, '2014-02-18 13:19:36', '0000-00-00 00:00:00'),
(1805, NULL, 3, 1, 10, '2014-02-18 13:19:36', '0000-00-00 00:00:00'),
(1806, NULL, 3, 1, 11, '2014-02-18 13:19:36', '0000-00-00 00:00:00'),
(1807, NULL, 3, 1, 1, '2014-02-18 13:19:36', '0000-00-00 00:00:00'),
(1808, NULL, 3, 1, 2, '2014-02-18 13:19:36', '0000-00-00 00:00:00'),
(1809, NULL, 3, 1, 3, '2014-02-18 13:19:36', '0000-00-00 00:00:00'),
(1810, NULL, 3, 1, 4, '2014-02-18 13:19:37', '0000-00-00 00:00:00'),
(1811, NULL, 3, 1, 5, '2014-02-18 13:19:37', '0000-00-00 00:00:00'),
(1812, NULL, 3, 1, 6, '2014-02-18 13:19:37', '0000-00-00 00:00:00'),
(1813, NULL, 3, 1, 7, '2014-02-18 13:19:38', '0000-00-00 00:00:00'),
(1814, NULL, 3, 1, 10, '2014-02-18 13:19:38', '0000-00-00 00:00:00'),
(1815, NULL, 3, 1, 11, '2014-02-18 13:19:38', '0000-00-00 00:00:00'),
(1816, NULL, 3, 1, 1, '2014-02-18 13:19:38', '0000-00-00 00:00:00'),
(1817, NULL, 3, 1, 2, '2014-02-18 13:19:39', '0000-00-00 00:00:00'),
(1818, NULL, 3, 1, 3, '2014-02-18 13:19:41', '0000-00-00 00:00:00'),
(1819, NULL, 3, 1, 4, '2014-02-18 13:19:41', '0000-00-00 00:00:00'),
(1820, NULL, 3, 1, 5, '2014-02-18 13:19:41', '0000-00-00 00:00:00'),
(1821, NULL, 3, 1, 6, '2014-02-18 13:19:41', '0000-00-00 00:00:00'),
(1822, NULL, 3, 1, 7, '2014-02-18 13:19:41', '0000-00-00 00:00:00'),
(1823, NULL, 3, 1, 10, '2014-02-18 13:19:41', '0000-00-00 00:00:00'),
(1824, NULL, 3, 1, 11, '2014-02-18 13:19:41', '0000-00-00 00:00:00'),
(1825, NULL, 3, 1, 1, '2014-02-18 13:19:41', '0000-00-00 00:00:00'),
(1826, NULL, 3, 1, 2, '2014-02-18 13:19:41', '0000-00-00 00:00:00'),
(1827, NULL, 3, 1, 3, '2014-02-18 13:19:41', '0000-00-00 00:00:00'),
(1828, NULL, 3, 1, 4, '2014-02-18 13:19:41', '0000-00-00 00:00:00'),
(1829, NULL, 3, 1, 5, '2014-02-18 13:19:41', '0000-00-00 00:00:00'),
(1830, NULL, 3, 1, 6, '2014-02-18 13:19:41', '0000-00-00 00:00:00'),
(1831, NULL, 3, 1, 7, '2014-02-18 13:19:41', '0000-00-00 00:00:00'),
(1832, NULL, 3, 1, 10, '2014-02-18 13:19:41', '0000-00-00 00:00:00'),
(1833, NULL, 3, 1, 11, '2014-02-18 13:19:41', '0000-00-00 00:00:00'),
(1834, NULL, 3, 1, 1, '2014-02-18 13:19:41', '0000-00-00 00:00:00'),
(1835, NULL, 3, 1, 2, '2014-02-18 13:19:41', '0000-00-00 00:00:00'),
(1836, NULL, 3, 1, 3, '2014-02-18 13:19:41', '0000-00-00 00:00:00'),
(1837, NULL, 3, 1, 4, '2014-02-18 13:19:41', '0000-00-00 00:00:00'),
(1838, NULL, 3, 1, 5, '2014-02-18 13:19:41', '0000-00-00 00:00:00'),
(1839, NULL, 3, 1, 6, '2014-02-18 13:19:41', '0000-00-00 00:00:00'),
(1840, NULL, 3, 1, 7, '2014-02-18 13:19:41', '0000-00-00 00:00:00'),
(1841, NULL, 3, 1, 10, '2014-02-18 13:19:41', '0000-00-00 00:00:00'),
(1842, NULL, 3, 1, 11, '2014-02-18 13:19:41', '0000-00-00 00:00:00'),
(1843, NULL, 3, 1, 1, '2014-02-18 13:19:41', '0000-00-00 00:00:00'),
(1844, NULL, 3, 1, 2, '2014-02-18 13:19:41', '0000-00-00 00:00:00'),
(1845, NULL, 3, 1, 3, '2014-02-18 13:19:41', '0000-00-00 00:00:00'),
(1846, NULL, 3, 1, 4, '2014-02-18 13:19:41', '0000-00-00 00:00:00'),
(1847, NULL, 3, 1, 5, '2014-02-18 13:19:41', '0000-00-00 00:00:00'),
(1848, NULL, 3, 1, 6, '2014-02-18 13:19:41', '0000-00-00 00:00:00'),
(1849, NULL, 3, 1, 7, '2014-02-18 13:19:41', '0000-00-00 00:00:00'),
(1850, NULL, 3, 1, 10, '2014-02-18 13:19:41', '0000-00-00 00:00:00'),
(1851, NULL, 3, 1, 11, '2014-02-18 13:19:41', '0000-00-00 00:00:00'),
(1852, NULL, 3, 1, 1, '2014-02-18 13:19:41', '0000-00-00 00:00:00'),
(1853, NULL, 3, 1, 2, '2014-02-18 13:19:41', '0000-00-00 00:00:00'),
(1854, NULL, 3, 1, 3, '2014-02-18 13:19:41', '0000-00-00 00:00:00'),
(1855, NULL, 3, 1, 4, '2014-02-18 13:19:41', '0000-00-00 00:00:00'),
(1856, NULL, 3, 1, 5, '2014-02-18 13:19:41', '0000-00-00 00:00:00'),
(1857, NULL, 3, 1, 6, '2014-02-18 13:19:41', '0000-00-00 00:00:00'),
(1858, NULL, 3, 1, 7, '2014-02-18 13:19:41', '0000-00-00 00:00:00'),
(1859, NULL, 3, 1, 10, '2014-02-18 13:19:41', '0000-00-00 00:00:00'),
(1860, NULL, 3, 1, 11, '2014-02-18 13:19:41', '0000-00-00 00:00:00'),
(1861, NULL, 3, 1, 1, '2014-02-18 13:19:41', '0000-00-00 00:00:00'),
(1862, NULL, 3, 1, 2, '2014-02-18 13:19:41', '0000-00-00 00:00:00'),
(1863, NULL, 3, 1, 3, '2014-02-18 13:19:41', '0000-00-00 00:00:00'),
(1864, NULL, 3, 1, 4, '2014-02-18 13:19:41', '0000-00-00 00:00:00'),
(1865, NULL, 3, 1, 5, '2014-02-18 13:19:41', '0000-00-00 00:00:00'),
(1866, NULL, 3, 1, 6, '2014-02-18 13:19:41', '0000-00-00 00:00:00'),
(1867, NULL, 3, 1, 7, '2014-02-18 13:19:41', '0000-00-00 00:00:00'),
(1868, NULL, 3, 1, 10, '2014-02-18 13:19:41', '0000-00-00 00:00:00'),
(1869, NULL, 3, 1, 11, '2014-02-18 13:19:41', '0000-00-00 00:00:00'),
(1870, NULL, 3, 1, 1, '2014-02-18 13:19:41', '0000-00-00 00:00:00'),
(1871, NULL, 3, 1, 2, '2014-02-18 13:19:41', '0000-00-00 00:00:00'),
(1872, NULL, 3, 1, 3, '2014-02-18 13:19:41', '0000-00-00 00:00:00'),
(1873, NULL, 3, 1, 4, '2014-02-18 13:19:41', '0000-00-00 00:00:00'),
(1874, NULL, 3, 1, 5, '2014-02-18 13:19:41', '0000-00-00 00:00:00'),
(1875, NULL, 3, 1, 6, '2014-02-18 13:19:41', '0000-00-00 00:00:00'),
(1876, NULL, 3, 1, 7, '2014-02-18 13:19:41', '0000-00-00 00:00:00'),
(1877, NULL, 3, 1, 10, '2014-02-18 13:19:41', '0000-00-00 00:00:00'),
(1878, NULL, 3, 1, 11, '2014-02-18 13:19:41', '0000-00-00 00:00:00'),
(1879, NULL, 3, 1, 1, '2014-02-18 13:19:41', '0000-00-00 00:00:00'),
(1880, NULL, 3, 1, 2, '2014-02-18 13:19:41', '0000-00-00 00:00:00'),
(1881, NULL, 3, 1, 3, '2014-02-18 13:19:41', '0000-00-00 00:00:00'),
(1882, NULL, 3, 1, 4, '2014-02-18 13:19:41', '0000-00-00 00:00:00'),
(1883, NULL, 3, 1, 5, '2014-02-18 13:19:41', '0000-00-00 00:00:00'),
(1884, NULL, 3, 1, 6, '2014-02-18 13:19:41', '0000-00-00 00:00:00'),
(1885, NULL, 3, 1, 7, '2014-02-18 13:19:42', '0000-00-00 00:00:00'),
(1886, NULL, 3, 1, 10, '2014-02-18 13:19:42', '0000-00-00 00:00:00'),
(1887, NULL, 3, 1, 11, '2014-02-18 13:19:42', '0000-00-00 00:00:00'),
(1888, NULL, 3, 1, 1, '2014-02-18 13:19:42', '0000-00-00 00:00:00'),
(1889, NULL, 3, 1, 2, '2014-02-18 13:19:42', '0000-00-00 00:00:00'),
(1890, NULL, 3, 1, 3, '2014-02-18 13:19:42', '0000-00-00 00:00:00'),
(1891, NULL, 3, 1, 4, '2014-02-18 13:19:42', '0000-00-00 00:00:00'),
(1892, NULL, 3, 1, 5, '2014-02-18 13:19:42', '0000-00-00 00:00:00'),
(1893, NULL, 3, 1, 6, '2014-02-18 13:19:42', '0000-00-00 00:00:00'),
(1894, NULL, 3, 1, 7, '2014-02-18 13:19:42', '0000-00-00 00:00:00'),
(1895, NULL, 3, 1, 10, '2014-02-18 13:19:42', '0000-00-00 00:00:00'),
(1896, NULL, 3, 1, 11, '2014-02-18 13:19:42', '0000-00-00 00:00:00'),
(1897, NULL, 3, 1, 1, '2014-02-18 13:19:42', '0000-00-00 00:00:00'),
(1898, NULL, 3, 1, 2, '2014-02-18 13:19:42', '0000-00-00 00:00:00'),
(1899, NULL, 3, 1, 3, '2014-02-18 13:19:42', '0000-00-00 00:00:00'),
(1900, NULL, 3, 1, 4, '2014-02-18 13:19:42', '0000-00-00 00:00:00'),
(1901, NULL, 3, 1, 5, '2014-02-18 13:19:42', '0000-00-00 00:00:00'),
(1902, NULL, 3, 1, 6, '2014-02-18 13:19:42', '0000-00-00 00:00:00'),
(1903, NULL, 3, 1, 7, '2014-02-18 13:19:42', '0000-00-00 00:00:00'),
(1904, NULL, 3, 1, 10, '2014-02-18 13:19:42', '0000-00-00 00:00:00'),
(1905, NULL, 3, 1, 11, '2014-02-18 13:19:42', '0000-00-00 00:00:00'),
(1906, NULL, 3, 1, 1, '2014-02-18 13:19:42', '0000-00-00 00:00:00'),
(1907, NULL, 3, 1, 2, '2014-02-18 13:19:42', '0000-00-00 00:00:00'),
(1908, NULL, 3, 1, 3, '2014-02-18 13:19:42', '0000-00-00 00:00:00'),
(1909, NULL, 3, 1, 4, '2014-02-18 13:19:42', '0000-00-00 00:00:00'),
(1910, NULL, 3, 1, 5, '2014-02-18 13:19:42', '0000-00-00 00:00:00'),
(1911, NULL, 3, 1, 6, '2014-02-18 13:19:42', '0000-00-00 00:00:00'),
(1912, NULL, 3, 1, 7, '2014-02-18 13:19:42', '0000-00-00 00:00:00'),
(1913, NULL, 3, 1, 10, '2014-02-18 13:19:42', '0000-00-00 00:00:00'),
(1914, NULL, 3, 1, 11, '2014-02-18 13:19:42', '0000-00-00 00:00:00'),
(1915, NULL, 3, 1, 1, '2014-02-18 13:19:42', '0000-00-00 00:00:00'),
(1916, NULL, 3, 1, 2, '2014-02-18 13:19:42', '0000-00-00 00:00:00'),
(1917, NULL, 3, 1, 3, '2014-02-18 13:19:42', '0000-00-00 00:00:00'),
(1918, NULL, 3, 1, 4, '2014-02-18 13:19:42', '0000-00-00 00:00:00'),
(1919, NULL, 3, 1, 5, '2014-02-18 13:19:42', '0000-00-00 00:00:00'),
(1920, NULL, 3, 1, 6, '2014-02-18 13:19:42', '0000-00-00 00:00:00'),
(1921, NULL, 3, 1, 7, '2014-02-18 13:19:42', '0000-00-00 00:00:00'),
(1922, NULL, 3, 1, 10, '2014-02-18 13:19:42', '0000-00-00 00:00:00'),
(1923, NULL, 3, 1, 11, '2014-02-18 13:19:42', '0000-00-00 00:00:00'),
(1924, NULL, 3, 1, 1, '2014-02-18 13:19:42', '0000-00-00 00:00:00'),
(1925, NULL, 3, 1, 2, '2014-02-18 13:19:42', '0000-00-00 00:00:00'),
(1926, NULL, 3, 1, 3, '2014-02-18 13:19:42', '0000-00-00 00:00:00'),
(1927, NULL, 3, 1, 4, '2014-02-18 13:19:42', '0000-00-00 00:00:00'),
(1928, NULL, 3, 1, 5, '2014-02-18 13:19:42', '0000-00-00 00:00:00'),
(1929, NULL, 3, 1, 6, '2014-02-18 13:19:42', '0000-00-00 00:00:00'),
(1930, NULL, 3, 1, 7, '2014-02-18 13:19:42', '0000-00-00 00:00:00'),
(1931, NULL, 3, 1, 10, '2014-02-18 13:19:42', '0000-00-00 00:00:00'),
(1932, NULL, 3, 1, 11, '2014-02-18 13:19:42', '0000-00-00 00:00:00'),
(1933, NULL, 3, 1, 1, '2014-02-18 13:19:42', '0000-00-00 00:00:00'),
(1934, NULL, 3, 1, 2, '2014-02-18 13:19:42', '0000-00-00 00:00:00'),
(1935, NULL, 3, 1, 3, '2014-02-18 13:19:42', '0000-00-00 00:00:00'),
(1936, NULL, 3, 1, 4, '2014-02-18 13:19:42', '0000-00-00 00:00:00'),
(1937, NULL, 3, 1, 5, '2014-02-18 13:19:42', '0000-00-00 00:00:00'),
(1938, NULL, 3, 1, 6, '2014-02-18 13:19:42', '0000-00-00 00:00:00'),
(1939, NULL, 3, 1, 7, '2014-02-18 13:19:42', '0000-00-00 00:00:00'),
(1940, NULL, 3, 1, 10, '2014-02-18 13:19:42', '0000-00-00 00:00:00'),
(1941, NULL, 3, 1, 11, '2014-02-18 13:19:42', '0000-00-00 00:00:00'),
(1942, NULL, 3, 1, 1, '2014-02-18 13:19:42', '0000-00-00 00:00:00'),
(1943, NULL, 3, 1, 2, '2014-02-18 13:19:43', '0000-00-00 00:00:00'),
(1944, NULL, 3, 1, 3, '2014-02-18 13:19:43', '0000-00-00 00:00:00'),
(1945, NULL, 3, 1, 4, '2014-02-18 13:19:43', '0000-00-00 00:00:00'),
(1946, NULL, 3, 1, 5, '2014-02-18 13:19:43', '0000-00-00 00:00:00'),
(1947, NULL, 3, 1, 6, '2014-02-18 13:19:43', '0000-00-00 00:00:00'),
(1948, NULL, 3, 1, 7, '2014-02-18 13:19:43', '0000-00-00 00:00:00'),
(1949, NULL, 3, 1, 10, '2014-02-18 13:19:43', '0000-00-00 00:00:00'),
(1950, NULL, 3, 1, 11, '2014-02-18 13:19:43', '0000-00-00 00:00:00'),
(1951, NULL, 3, 1, 1, '2014-02-18 13:19:43', '0000-00-00 00:00:00'),
(1952, NULL, 3, 1, 2, '2014-02-18 13:19:43', '0000-00-00 00:00:00'),
(1953, NULL, 3, 1, 3, '2014-02-18 13:19:43', '0000-00-00 00:00:00'),
(1954, NULL, 3, 1, 4, '2014-02-18 13:19:43', '0000-00-00 00:00:00'),
(1955, NULL, 3, 1, 5, '2014-02-18 13:19:43', '0000-00-00 00:00:00'),
(1956, NULL, 3, 1, 6, '2014-02-18 13:19:43', '0000-00-00 00:00:00'),
(1957, NULL, 3, 1, 7, '2014-02-18 13:19:43', '0000-00-00 00:00:00'),
(1958, NULL, 3, 1, 10, '2014-02-18 13:19:43', '0000-00-00 00:00:00'),
(1959, NULL, 3, 1, 11, '2014-02-18 13:19:43', '0000-00-00 00:00:00'),
(1960, NULL, 3, 1, 1, '2014-02-18 13:19:43', '0000-00-00 00:00:00'),
(1961, NULL, 3, 1, 2, '2014-02-18 13:19:43', '0000-00-00 00:00:00'),
(1962, NULL, 3, 1, 3, '2014-02-18 13:19:43', '0000-00-00 00:00:00'),
(1963, NULL, 3, 1, 4, '2014-02-18 13:19:43', '0000-00-00 00:00:00'),
(1964, NULL, 3, 1, 5, '2014-02-18 13:19:43', '0000-00-00 00:00:00'),
(1965, NULL, 3, 1, 6, '2014-02-18 13:19:43', '0000-00-00 00:00:00'),
(1966, NULL, 3, 1, 7, '2014-02-18 13:19:43', '0000-00-00 00:00:00'),
(1967, NULL, 3, 1, 10, '2014-02-18 13:19:43', '0000-00-00 00:00:00'),
(1968, NULL, 3, 1, 11, '2014-02-18 13:19:43', '0000-00-00 00:00:00'),
(1969, NULL, 3, 1, 1, '2014-02-18 13:19:43', '0000-00-00 00:00:00'),
(1970, NULL, 3, 1, 2, '2014-02-18 13:19:43', '0000-00-00 00:00:00'),
(1971, NULL, 3, 1, 3, '2014-02-18 13:19:43', '0000-00-00 00:00:00'),
(1972, NULL, 3, 1, 4, '2014-02-18 13:19:43', '0000-00-00 00:00:00'),
(1973, NULL, 3, 1, 5, '2014-02-18 13:19:43', '0000-00-00 00:00:00'),
(1974, NULL, 3, 1, 6, '2014-02-18 13:19:43', '0000-00-00 00:00:00'),
(1975, NULL, 3, 1, 7, '2014-02-18 13:19:43', '0000-00-00 00:00:00'),
(1976, NULL, 3, 1, 10, '2014-02-18 13:19:43', '0000-00-00 00:00:00'),
(1977, NULL, 3, 1, 11, '2014-02-18 13:19:43', '0000-00-00 00:00:00'),
(1978, NULL, 3, 1, 1, '2014-02-18 13:19:43', '0000-00-00 00:00:00'),
(1979, NULL, 3, 1, 2, '2014-02-18 13:19:43', '0000-00-00 00:00:00'),
(1980, NULL, 3, 1, 3, '2014-02-18 13:19:43', '0000-00-00 00:00:00'),
(1981, NULL, 3, 1, 4, '2014-02-18 13:19:43', '0000-00-00 00:00:00'),
(1982, NULL, 3, 1, 5, '2014-02-18 13:19:43', '0000-00-00 00:00:00'),
(1983, NULL, 3, 1, 6, '2014-02-18 13:19:43', '0000-00-00 00:00:00'),
(1984, NULL, 3, 1, 7, '2014-02-18 13:19:43', '0000-00-00 00:00:00'),
(1985, NULL, 3, 1, 10, '2014-02-18 13:19:43', '0000-00-00 00:00:00'),
(1986, NULL, 3, 1, 11, '2014-02-18 13:19:43', '0000-00-00 00:00:00'),
(1987, NULL, 3, 1, 1, '2014-02-18 13:19:43', '0000-00-00 00:00:00'),
(1988, NULL, 3, 1, 2, '2014-02-18 13:19:43', '0000-00-00 00:00:00'),
(1989, NULL, 3, 1, 3, '2014-02-18 13:19:43', '0000-00-00 00:00:00'),
(1990, NULL, 3, 1, 4, '2014-02-18 13:19:43', '0000-00-00 00:00:00'),
(1991, NULL, 3, 1, 5, '2014-02-18 13:19:43', '0000-00-00 00:00:00'),
(1992, NULL, 3, 1, 6, '2014-02-18 13:19:43', '0000-00-00 00:00:00'),
(1993, NULL, 3, 1, 7, '2014-02-18 13:19:43', '0000-00-00 00:00:00'),
(1994, NULL, 3, 1, 10, '2014-02-18 13:19:43', '0000-00-00 00:00:00'),
(1995, NULL, 3, 1, 11, '2014-02-18 13:19:43', '0000-00-00 00:00:00'),
(1996, NULL, 3, 1, 1, '2014-02-18 13:19:43', '0000-00-00 00:00:00'),
(1997, NULL, 3, 1, 2, '2014-02-18 13:19:43', '0000-00-00 00:00:00'),
(1998, NULL, 3, 1, 3, '2014-02-18 13:19:43', '0000-00-00 00:00:00'),
(1999, NULL, 3, 1, 4, '2014-02-18 13:19:43', '0000-00-00 00:00:00'),
(2000, NULL, 3, 1, 5, '2014-02-18 13:19:43', '0000-00-00 00:00:00'),
(2001, NULL, 3, 1, 6, '2014-02-18 13:19:43', '0000-00-00 00:00:00'),
(2002, NULL, 3, 1, 7, '2014-02-18 13:19:44', '0000-00-00 00:00:00'),
(2003, NULL, 3, 1, 10, '2014-02-18 13:19:44', '0000-00-00 00:00:00'),
(2004, NULL, 3, 1, 11, '2014-02-18 13:19:44', '0000-00-00 00:00:00'),
(2005, NULL, 3, 1, 1, '2014-02-18 13:19:44', '0000-00-00 00:00:00'),
(2006, NULL, 3, 1, 2, '2014-02-18 13:19:44', '0000-00-00 00:00:00'),
(2007, NULL, 3, 1, 3, '2014-02-18 13:19:44', '0000-00-00 00:00:00'),
(2008, NULL, 3, 1, 4, '2014-02-18 13:19:44', '0000-00-00 00:00:00'),
(2009, NULL, 3, 1, 5, '2014-02-18 13:19:44', '0000-00-00 00:00:00'),
(2010, NULL, 3, 1, 6, '2014-02-18 13:19:44', '0000-00-00 00:00:00'),
(2011, NULL, 3, 1, 7, '2014-02-18 13:19:44', '0000-00-00 00:00:00'),
(2012, NULL, 3, 1, 10, '2014-02-18 13:19:44', '0000-00-00 00:00:00'),
(2013, NULL, 3, 1, 11, '2014-02-18 13:19:44', '0000-00-00 00:00:00'),
(2014, NULL, 3, 1, 1, '2014-02-18 13:19:44', '0000-00-00 00:00:00'),
(2015, NULL, 3, 1, 2, '2014-02-18 13:19:44', '0000-00-00 00:00:00'),
(2016, NULL, 3, 1, 3, '2014-02-18 13:19:44', '0000-00-00 00:00:00'),
(2017, NULL, 3, 1, 4, '2014-02-18 13:19:44', '0000-00-00 00:00:00'),
(2018, NULL, 3, 1, 5, '2014-02-18 13:19:44', '0000-00-00 00:00:00'),
(2019, NULL, 3, 1, 6, '2014-02-18 13:19:44', '0000-00-00 00:00:00'),
(2020, NULL, 3, 1, 7, '2014-02-18 13:19:44', '0000-00-00 00:00:00'),
(2021, NULL, 3, 1, 10, '2014-02-18 13:19:44', '0000-00-00 00:00:00'),
(2022, NULL, 3, 1, 11, '2014-02-18 13:19:44', '0000-00-00 00:00:00'),
(2023, NULL, 3, 1, 1, '2014-02-18 13:19:44', '0000-00-00 00:00:00'),
(2024, NULL, 3, 1, 2, '2014-02-18 13:19:44', '0000-00-00 00:00:00'),
(2025, NULL, 3, 1, 3, '2014-02-18 13:19:44', '0000-00-00 00:00:00'),
(2026, NULL, 3, 1, 4, '2014-02-18 13:19:44', '0000-00-00 00:00:00'),
(2027, NULL, 3, 1, 5, '2014-02-18 13:19:44', '0000-00-00 00:00:00'),
(2028, NULL, 3, 1, 6, '2014-02-18 13:19:44', '0000-00-00 00:00:00'),
(2029, NULL, 3, 1, 7, '2014-02-18 13:19:44', '0000-00-00 00:00:00'),
(2030, NULL, 3, 1, 10, '2014-02-18 13:19:44', '0000-00-00 00:00:00'),
(2031, NULL, 3, 1, 11, '2014-02-18 13:19:44', '0000-00-00 00:00:00'),
(2032, NULL, 3, 1, 1, '2014-02-18 13:19:44', '0000-00-00 00:00:00'),
(2033, NULL, 3, 1, 2, '2014-02-18 13:19:44', '0000-00-00 00:00:00'),
(2034, NULL, 3, 1, 3, '2014-02-18 13:19:44', '0000-00-00 00:00:00'),
(2035, NULL, 3, 1, 4, '2014-02-18 13:19:44', '0000-00-00 00:00:00'),
(2036, NULL, 3, 1, 5, '2014-02-18 13:19:44', '0000-00-00 00:00:00'),
(2037, NULL, 3, 1, 6, '2014-02-18 13:19:44', '0000-00-00 00:00:00'),
(2038, NULL, 3, 1, 7, '2014-02-18 13:19:44', '0000-00-00 00:00:00'),
(2039, NULL, 3, 1, 10, '2014-02-18 13:19:44', '0000-00-00 00:00:00'),
(2040, NULL, 3, 1, 11, '2014-02-18 13:19:44', '0000-00-00 00:00:00'),
(2041, NULL, 3, 1, 1, '2014-02-18 13:19:44', '0000-00-00 00:00:00'),
(2042, NULL, 3, 1, 2, '2014-02-18 13:19:44', '0000-00-00 00:00:00'),
(2043, NULL, 3, 1, 3, '2014-02-18 13:19:44', '0000-00-00 00:00:00'),
(2044, NULL, 3, 1, 4, '2014-02-18 13:19:44', '0000-00-00 00:00:00'),
(2045, NULL, 3, 1, 5, '2014-02-18 13:19:44', '0000-00-00 00:00:00'),
(2046, NULL, 3, 1, 6, '2014-02-18 13:19:44', '0000-00-00 00:00:00'),
(2047, NULL, 3, 1, 7, '2014-02-18 13:19:44', '0000-00-00 00:00:00'),
(2048, NULL, 3, 1, 10, '2014-02-18 13:19:44', '0000-00-00 00:00:00'),
(2049, NULL, 3, 1, 11, '2014-02-18 13:19:44', '0000-00-00 00:00:00'),
(2050, NULL, 3, 1, 1, '2014-02-18 13:19:44', '0000-00-00 00:00:00'),
(2051, NULL, 3, 1, 2, '2014-02-18 13:19:44', '0000-00-00 00:00:00'),
(2052, NULL, 3, 1, 3, '2014-02-18 13:19:44', '0000-00-00 00:00:00'),
(2053, NULL, 3, 1, 4, '2014-02-18 13:19:44', '0000-00-00 00:00:00'),
(2054, NULL, 3, 1, 5, '2014-02-18 13:19:44', '0000-00-00 00:00:00'),
(2055, NULL, 3, 1, 6, '2014-02-18 13:19:44', '0000-00-00 00:00:00'),
(2056, NULL, 3, 1, 7, '2014-02-18 13:19:44', '0000-00-00 00:00:00'),
(2057, NULL, 3, 1, 10, '2014-02-18 13:19:44', '0000-00-00 00:00:00'),
(2058, NULL, 3, 1, 11, '2014-02-18 13:19:44', '0000-00-00 00:00:00'),
(2059, NULL, 3, 1, 1, '2014-02-18 13:19:44', '0000-00-00 00:00:00'),
(2060, NULL, 3, 1, 2, '2014-02-18 13:19:44', '0000-00-00 00:00:00'),
(2061, NULL, 3, 1, 3, '2014-02-18 13:19:44', '0000-00-00 00:00:00'),
(2062, NULL, 3, 1, 4, '2014-02-18 13:19:44', '0000-00-00 00:00:00'),
(2063, NULL, 3, 1, 5, '2014-02-18 13:19:44', '0000-00-00 00:00:00'),
(2064, NULL, 3, 1, 6, '2014-02-18 13:19:44', '0000-00-00 00:00:00'),
(2065, NULL, 3, 1, 7, '2014-02-18 13:19:45', '0000-00-00 00:00:00'),
(2066, NULL, 3, 1, 10, '2014-02-18 13:19:45', '0000-00-00 00:00:00'),
(2067, NULL, 3, 1, 11, '2014-02-18 13:19:45', '0000-00-00 00:00:00'),
(2068, NULL, 3, 1, 1, '2014-02-18 13:19:45', '0000-00-00 00:00:00'),
(2069, NULL, 3, 1, 2, '2014-02-18 13:19:45', '0000-00-00 00:00:00'),
(2070, NULL, 3, 1, 3, '2014-02-18 13:19:45', '0000-00-00 00:00:00'),
(2071, NULL, 3, 1, 4, '2014-02-18 13:19:45', '0000-00-00 00:00:00'),
(2072, NULL, 3, 1, 5, '2014-02-18 13:19:45', '0000-00-00 00:00:00'),
(2073, NULL, 3, 1, 6, '2014-02-18 13:19:45', '0000-00-00 00:00:00'),
(2074, NULL, 3, 1, 7, '2014-02-18 13:19:45', '0000-00-00 00:00:00'),
(2075, NULL, 3, 1, 10, '2014-02-18 13:19:45', '0000-00-00 00:00:00'),
(2076, NULL, 3, 1, 11, '2014-02-18 13:19:45', '0000-00-00 00:00:00'),
(2077, NULL, 3, 1, 1, '2014-02-18 13:19:45', '0000-00-00 00:00:00'),
(2078, NULL, 3, 1, 2, '2014-02-18 13:19:45', '0000-00-00 00:00:00'),
(2079, NULL, 3, 1, 3, '2014-02-18 13:19:45', '0000-00-00 00:00:00'),
(2080, NULL, 3, 1, 4, '2014-02-18 13:19:45', '0000-00-00 00:00:00'),
(2081, NULL, 3, 1, 5, '2014-02-18 13:19:45', '0000-00-00 00:00:00'),
(2082, NULL, 3, 1, 6, '2014-02-18 13:19:45', '0000-00-00 00:00:00'),
(2083, NULL, 3, 1, 7, '2014-02-18 13:19:45', '0000-00-00 00:00:00'),
(2084, NULL, 3, 1, 10, '2014-02-18 13:19:45', '0000-00-00 00:00:00'),
(2085, NULL, 3, 1, 11, '2014-02-18 13:19:45', '0000-00-00 00:00:00'),
(2086, NULL, 3, 1, 1, '2014-02-18 13:19:45', '0000-00-00 00:00:00'),
(2087, NULL, 3, 1, 2, '2014-02-18 13:19:45', '0000-00-00 00:00:00'),
(2088, NULL, 3, 1, 3, '2014-02-18 13:19:45', '0000-00-00 00:00:00'),
(2089, NULL, 3, 1, 4, '2014-02-18 13:19:45', '0000-00-00 00:00:00'),
(2090, NULL, 3, 1, 5, '2014-02-18 13:19:45', '0000-00-00 00:00:00'),
(2091, NULL, 3, 1, 6, '2014-02-18 13:19:45', '0000-00-00 00:00:00'),
(2092, NULL, 3, 1, 7, '2014-02-18 13:19:45', '0000-00-00 00:00:00'),
(2093, NULL, 3, 1, 10, '2014-02-18 13:19:45', '0000-00-00 00:00:00'),
(2094, NULL, 3, 1, 11, '2014-02-18 13:19:45', '0000-00-00 00:00:00'),
(2095, NULL, 3, 1, 1, '2014-02-18 13:19:45', '0000-00-00 00:00:00'),
(2096, NULL, 3, 1, 2, '2014-02-18 13:19:45', '0000-00-00 00:00:00'),
(2097, NULL, 3, 1, 3, '2014-02-18 13:19:45', '0000-00-00 00:00:00'),
(2098, NULL, 3, 1, 4, '2014-02-18 13:19:45', '0000-00-00 00:00:00'),
(2099, NULL, 3, 1, 5, '2014-02-18 13:19:45', '0000-00-00 00:00:00'),
(2100, NULL, 3, 1, 6, '2014-02-18 13:19:45', '0000-00-00 00:00:00'),
(2101, NULL, 3, 1, 7, '2014-02-18 13:19:45', '0000-00-00 00:00:00'),
(2102, NULL, 3, 1, 10, '2014-02-18 13:19:45', '0000-00-00 00:00:00'),
(2103, NULL, 3, 1, 11, '2014-02-18 13:19:45', '0000-00-00 00:00:00'),
(2104, NULL, 3, 1, 1, '2014-02-18 13:19:45', '0000-00-00 00:00:00'),
(2105, NULL, 3, 1, 2, '2014-02-18 13:19:45', '0000-00-00 00:00:00'),
(2106, NULL, 3, 1, 3, '2014-02-18 13:19:45', '0000-00-00 00:00:00'),
(2107, NULL, 3, 1, 4, '2014-02-18 13:19:45', '0000-00-00 00:00:00'),
(2108, NULL, 3, 1, 5, '2014-02-18 13:19:45', '0000-00-00 00:00:00'),
(2109, NULL, 3, 1, 6, '2014-02-18 13:19:45', '0000-00-00 00:00:00'),
(2110, NULL, 3, 1, 7, '2014-02-18 13:19:45', '0000-00-00 00:00:00'),
(2111, NULL, 3, 1, 10, '2014-02-18 13:19:45', '0000-00-00 00:00:00'),
(2112, NULL, 3, 1, 11, '2014-02-18 13:19:45', '0000-00-00 00:00:00'),
(2113, NULL, 3, 1, 1, '2014-02-18 13:19:45', '0000-00-00 00:00:00'),
(2114, NULL, 3, 1, 2, '2014-02-18 13:19:45', '0000-00-00 00:00:00'),
(2115, NULL, 3, 1, 3, '2014-02-18 13:19:45', '0000-00-00 00:00:00'),
(2116, NULL, 3, 1, 4, '2014-02-18 13:19:45', '0000-00-00 00:00:00'),
(2117, NULL, 3, 1, 5, '2014-02-18 13:19:45', '0000-00-00 00:00:00'),
(2118, NULL, 3, 1, 6, '2014-02-18 13:19:45', '0000-00-00 00:00:00'),
(2119, NULL, 3, 1, 7, '2014-02-18 13:19:45', '0000-00-00 00:00:00'),
(2120, NULL, 3, 1, 10, '2014-02-18 13:19:45', '0000-00-00 00:00:00'),
(2121, NULL, 3, 1, 11, '2014-02-18 13:19:45', '0000-00-00 00:00:00'),
(2122, NULL, 3, 1, 1, '2014-02-18 13:19:45', '0000-00-00 00:00:00'),
(2123, NULL, 3, 1, 2, '2014-02-18 13:19:45', '0000-00-00 00:00:00'),
(2124, NULL, 3, 1, 3, '2014-02-18 13:19:45', '0000-00-00 00:00:00'),
(2125, NULL, 3, 1, 4, '2014-02-18 13:19:45', '0000-00-00 00:00:00'),
(2126, NULL, 3, 1, 5, '2014-02-18 13:19:45', '0000-00-00 00:00:00'),
(2127, NULL, 3, 1, 6, '2014-02-18 13:19:45', '0000-00-00 00:00:00'),
(2128, NULL, 3, 1, 7, '2014-02-18 13:19:45', '0000-00-00 00:00:00'),
(2129, NULL, 3, 1, 10, '2014-02-18 13:19:45', '0000-00-00 00:00:00'),
(2130, NULL, 3, 1, 11, '2014-02-18 13:19:45', '0000-00-00 00:00:00'),
(2131, NULL, 3, 1, 1, '2014-02-18 13:19:46', '0000-00-00 00:00:00'),
(2132, NULL, 3, 1, 2, '2014-02-18 13:19:46', '0000-00-00 00:00:00'),
(2133, NULL, 3, 1, 3, '2014-02-18 13:19:46', '0000-00-00 00:00:00'),
(2134, NULL, 3, 1, 4, '2014-02-18 13:19:46', '0000-00-00 00:00:00'),
(2135, NULL, 3, 1, 5, '2014-02-18 13:19:46', '0000-00-00 00:00:00'),
(2136, NULL, 3, 1, 6, '2014-02-18 13:19:46', '0000-00-00 00:00:00'),
(2137, NULL, 3, 1, 7, '2014-02-18 13:19:46', '0000-00-00 00:00:00'),
(2138, NULL, 3, 1, 10, '2014-02-18 13:19:46', '0000-00-00 00:00:00'),
(2139, NULL, 3, 1, 11, '2014-02-18 13:19:46', '0000-00-00 00:00:00'),
(2140, NULL, 3, 1, 1, '2014-02-18 13:19:46', '0000-00-00 00:00:00'),
(2141, NULL, 3, 1, 2, '2014-02-18 13:19:46', '0000-00-00 00:00:00'),
(2142, NULL, 3, 1, 3, '2014-02-18 13:19:46', '0000-00-00 00:00:00'),
(2143, NULL, 3, 1, 4, '2014-02-18 13:19:46', '0000-00-00 00:00:00'),
(2144, NULL, 3, 1, 5, '2014-02-18 13:19:46', '0000-00-00 00:00:00'),
(2145, NULL, 3, 1, 6, '2014-02-18 13:19:46', '0000-00-00 00:00:00'),
(2146, NULL, 3, 1, 7, '2014-02-18 13:19:46', '0000-00-00 00:00:00'),
(2147, NULL, 3, 1, 10, '2014-02-18 13:19:46', '0000-00-00 00:00:00'),
(2148, NULL, 3, 1, 11, '2014-02-18 13:19:46', '0000-00-00 00:00:00'),
(2149, NULL, 3, 1, 1, '2014-02-18 13:19:46', '0000-00-00 00:00:00'),
(2150, NULL, 3, 1, 2, '2014-02-18 13:19:46', '0000-00-00 00:00:00'),
(2151, NULL, 3, 1, 3, '2014-02-18 13:19:46', '0000-00-00 00:00:00'),
(2152, NULL, 3, 1, 4, '2014-02-18 13:19:46', '0000-00-00 00:00:00'),
(2153, NULL, 3, 1, 5, '2014-02-18 13:19:46', '0000-00-00 00:00:00'),
(2154, NULL, 3, 1, 6, '2014-02-18 13:19:46', '0000-00-00 00:00:00'),
(2155, NULL, 3, 1, 7, '2014-02-18 13:19:46', '0000-00-00 00:00:00'),
(2156, NULL, 3, 1, 10, '2014-02-18 13:19:46', '0000-00-00 00:00:00'),
(2157, NULL, 3, 1, 11, '2014-02-18 13:19:46', '0000-00-00 00:00:00'),
(2158, NULL, 3, 1, 1, '2014-02-18 13:19:46', '0000-00-00 00:00:00'),
(2159, NULL, 3, 1, 2, '2014-02-18 13:19:46', '0000-00-00 00:00:00'),
(2160, NULL, 3, 1, 3, '2014-02-18 13:19:46', '0000-00-00 00:00:00'),
(2161, NULL, 3, 1, 4, '2014-02-18 13:19:46', '0000-00-00 00:00:00'),
(2162, NULL, 3, 1, 5, '2014-02-18 13:19:46', '0000-00-00 00:00:00'),
(2163, NULL, 3, 1, 6, '2014-02-18 13:19:46', '0000-00-00 00:00:00'),
(2164, NULL, 3, 1, 7, '2014-02-18 13:19:46', '0000-00-00 00:00:00'),
(2165, NULL, 3, 1, 10, '2014-02-18 13:19:46', '0000-00-00 00:00:00'),
(2166, NULL, 3, 1, 11, '2014-02-18 13:19:46', '0000-00-00 00:00:00'),
(2167, NULL, 3, 1, 1, '2014-02-18 13:19:46', '0000-00-00 00:00:00'),
(2168, NULL, 3, 1, 2, '2014-02-18 13:19:46', '0000-00-00 00:00:00'),
(2169, NULL, 3, 1, 3, '2014-02-18 13:19:46', '0000-00-00 00:00:00'),
(2170, NULL, 3, 1, 4, '2014-02-18 13:19:46', '0000-00-00 00:00:00'),
(2171, NULL, 3, 1, 5, '2014-02-18 13:19:46', '0000-00-00 00:00:00'),
(2172, NULL, 3, 1, 6, '2014-02-18 13:19:46', '0000-00-00 00:00:00'),
(2173, NULL, 3, 1, 7, '2014-02-18 13:19:46', '0000-00-00 00:00:00'),
(2174, NULL, 3, 1, 10, '2014-02-18 13:19:46', '0000-00-00 00:00:00'),
(2175, NULL, 3, 1, 11, '2014-02-18 13:19:46', '0000-00-00 00:00:00'),
(2176, NULL, 3, 1, 1, '2014-02-18 13:19:46', '0000-00-00 00:00:00'),
(2177, NULL, 3, 1, 2, '2014-02-18 13:19:46', '0000-00-00 00:00:00'),
(2178, NULL, 3, 1, 3, '2014-02-18 13:19:46', '0000-00-00 00:00:00'),
(2179, NULL, 3, 1, 4, '2014-02-18 13:19:46', '0000-00-00 00:00:00'),
(2180, NULL, 3, 1, 5, '2014-02-18 13:19:46', '0000-00-00 00:00:00'),
(2181, NULL, 3, 1, 6, '2014-02-18 13:19:46', '0000-00-00 00:00:00'),
(2182, NULL, 3, 1, 7, '2014-02-18 13:19:46', '0000-00-00 00:00:00'),
(2183, NULL, 3, 1, 10, '2014-02-18 13:19:46', '0000-00-00 00:00:00'),
(2184, NULL, 3, 1, 11, '2014-02-18 13:19:46', '0000-00-00 00:00:00'),
(2185, NULL, 3, 1, 1, '2014-02-18 13:19:46', '0000-00-00 00:00:00'),
(2186, NULL, 3, 1, 2, '2014-02-18 13:19:47', '0000-00-00 00:00:00'),
(2187, NULL, 3, 1, 3, '2014-02-18 13:19:47', '0000-00-00 00:00:00'),
(2188, NULL, 3, 1, 4, '2014-02-18 13:19:47', '0000-00-00 00:00:00'),
(2189, NULL, 3, 1, 5, '2014-02-18 13:19:47', '0000-00-00 00:00:00'),
(2190, NULL, 3, 1, 6, '2014-02-18 13:19:47', '0000-00-00 00:00:00'),
(2191, NULL, 3, 1, 7, '2014-02-18 13:19:47', '0000-00-00 00:00:00'),
(2192, NULL, 3, 1, 10, '2014-02-18 13:19:47', '0000-00-00 00:00:00'),
(2193, NULL, 3, 1, 11, '2014-02-18 13:19:47', '0000-00-00 00:00:00'),
(2194, NULL, 3, 1, 1, '2014-02-18 13:19:47', '0000-00-00 00:00:00'),
(2195, NULL, 3, 1, 2, '2014-02-18 13:19:47', '0000-00-00 00:00:00'),
(2196, NULL, 3, 1, 3, '2014-02-18 13:19:47', '0000-00-00 00:00:00'),
(2197, NULL, 3, 1, 4, '2014-02-18 13:19:47', '0000-00-00 00:00:00'),
(2198, NULL, 3, 1, 5, '2014-02-18 13:19:47', '0000-00-00 00:00:00'),
(2199, NULL, 3, 1, 6, '2014-02-18 13:19:47', '0000-00-00 00:00:00'),
(2200, NULL, 3, 1, 7, '2014-02-18 13:19:47', '0000-00-00 00:00:00'),
(2201, NULL, 3, 1, 10, '2014-02-18 13:19:47', '0000-00-00 00:00:00'),
(2202, NULL, 3, 1, 11, '2014-02-18 13:19:47', '0000-00-00 00:00:00'),
(2203, NULL, 3, 1, 1, '2014-02-18 13:19:47', '0000-00-00 00:00:00'),
(2204, NULL, 3, 1, 2, '2014-02-18 13:19:47', '0000-00-00 00:00:00'),
(2205, NULL, 3, 1, 3, '2014-02-18 13:19:47', '0000-00-00 00:00:00'),
(2206, NULL, 3, 1, 4, '2014-02-18 13:19:47', '0000-00-00 00:00:00'),
(2207, NULL, 3, 1, 5, '2014-02-18 13:19:47', '0000-00-00 00:00:00'),
(2208, NULL, 3, 1, 6, '2014-02-18 13:19:47', '0000-00-00 00:00:00'),
(2209, NULL, 3, 1, 7, '2014-02-18 13:19:47', '0000-00-00 00:00:00'),
(2210, NULL, 3, 1, 10, '2014-02-18 13:19:47', '0000-00-00 00:00:00'),
(2211, NULL, 3, 1, 11, '2014-02-18 13:19:47', '0000-00-00 00:00:00'),
(2212, NULL, 3, 1, 1, '2014-02-18 13:19:47', '0000-00-00 00:00:00'),
(2213, NULL, 3, 1, 2, '2014-02-18 13:19:47', '0000-00-00 00:00:00'),
(2214, NULL, 3, 1, 3, '2014-02-18 13:19:47', '0000-00-00 00:00:00'),
(2215, NULL, 3, 1, 4, '2014-02-18 13:19:47', '0000-00-00 00:00:00'),
(2216, NULL, 3, 1, 5, '2014-02-18 13:19:47', '0000-00-00 00:00:00'),
(2217, NULL, 3, 1, 6, '2014-02-18 13:19:47', '0000-00-00 00:00:00'),
(2218, NULL, 3, 1, 7, '2014-02-18 13:19:47', '0000-00-00 00:00:00'),
(2219, NULL, 3, 1, 10, '2014-02-18 13:19:47', '0000-00-00 00:00:00'),
(2220, NULL, 3, 1, 11, '2014-02-18 13:19:47', '0000-00-00 00:00:00'),
(2221, NULL, 3, 1, 1, '2014-02-18 13:19:47', '0000-00-00 00:00:00'),
(2222, NULL, 3, 1, 2, '2014-02-18 13:19:47', '0000-00-00 00:00:00'),
(2223, NULL, 3, 1, 3, '2014-02-18 13:19:47', '0000-00-00 00:00:00'),
(2224, NULL, 3, 1, 4, '2014-02-18 13:19:47', '0000-00-00 00:00:00'),
(2225, NULL, 3, 1, 5, '2014-02-18 13:19:47', '0000-00-00 00:00:00'),
(2226, NULL, 3, 1, 6, '2014-02-18 13:19:47', '0000-00-00 00:00:00'),
(2227, NULL, 3, 1, 7, '2014-02-18 13:19:47', '0000-00-00 00:00:00'),
(2228, NULL, 3, 1, 10, '2014-02-18 13:19:47', '0000-00-00 00:00:00'),
(2229, NULL, 3, 1, 11, '2014-02-18 13:19:47', '0000-00-00 00:00:00'),
(2230, NULL, 3, 1, 1, '2014-02-18 13:19:47', '0000-00-00 00:00:00'),
(2231, NULL, 3, 1, 2, '2014-02-18 13:19:47', '0000-00-00 00:00:00'),
(2232, NULL, 3, 1, 3, '2014-02-18 13:19:47', '0000-00-00 00:00:00'),
(2233, NULL, 3, 1, 4, '2014-02-18 13:19:47', '0000-00-00 00:00:00'),
(2234, NULL, 3, 1, 5, '2014-02-18 13:19:47', '0000-00-00 00:00:00'),
(2235, NULL, 3, 1, 6, '2014-02-18 13:19:47', '0000-00-00 00:00:00'),
(2236, NULL, 3, 1, 7, '2014-02-18 13:19:47', '0000-00-00 00:00:00'),
(2237, NULL, 3, 1, 10, '2014-02-18 13:19:47', '0000-00-00 00:00:00'),
(2238, NULL, 3, 1, 11, '2014-02-18 13:19:47', '0000-00-00 00:00:00'),
(2239, NULL, 3, 1, 1, '2014-02-18 13:19:47', '0000-00-00 00:00:00'),
(2240, NULL, 3, 1, 2, '2014-02-18 13:19:47', '0000-00-00 00:00:00'),
(2241, NULL, 3, 1, 3, '2014-02-18 13:19:47', '0000-00-00 00:00:00'),
(2242, NULL, 3, 1, 4, '2014-02-18 13:19:47', '0000-00-00 00:00:00'),
(2243, NULL, 3, 1, 5, '2014-02-18 13:19:48', '0000-00-00 00:00:00'),
(2244, NULL, 3, 1, 6, '2014-02-18 13:19:48', '0000-00-00 00:00:00'),
(2245, NULL, 3, 1, 7, '2014-02-18 13:19:48', '0000-00-00 00:00:00'),
(2246, NULL, 3, 1, 10, '2014-02-18 13:19:48', '0000-00-00 00:00:00'),
(2247, NULL, 3, 1, 11, '2014-02-18 13:19:48', '0000-00-00 00:00:00'),
(2248, NULL, 3, 1, 1, '2014-02-18 13:19:48', '0000-00-00 00:00:00'),
(2249, NULL, 3, 1, 2, '2014-02-18 13:19:48', '0000-00-00 00:00:00'),
(2250, NULL, 3, 1, 3, '2014-02-18 13:19:48', '0000-00-00 00:00:00'),
(2251, NULL, 3, 1, 4, '2014-02-18 13:19:48', '0000-00-00 00:00:00'),
(2252, NULL, 3, 1, 5, '2014-02-18 13:19:48', '0000-00-00 00:00:00'),
(2253, NULL, 3, 1, 6, '2014-02-18 13:19:48', '0000-00-00 00:00:00'),
(2254, NULL, 3, 1, 7, '2014-02-18 13:19:48', '0000-00-00 00:00:00'),
(2255, NULL, 3, 1, 10, '2014-02-18 13:19:48', '0000-00-00 00:00:00'),
(2256, NULL, 3, 1, 11, '2014-02-18 13:19:48', '0000-00-00 00:00:00'),
(2257, NULL, 3, 1, 1, '2014-02-18 13:19:48', '0000-00-00 00:00:00'),
(2258, NULL, 3, 1, 2, '2014-02-18 13:19:48', '0000-00-00 00:00:00'),
(2259, NULL, 3, 1, 3, '2014-02-18 13:19:48', '0000-00-00 00:00:00'),
(2260, NULL, 3, 1, 4, '2014-02-18 13:19:48', '0000-00-00 00:00:00'),
(2261, NULL, 3, 1, 5, '2014-02-18 13:19:48', '0000-00-00 00:00:00'),
(2262, NULL, 3, 1, 6, '2014-02-18 13:19:48', '0000-00-00 00:00:00'),
(2263, NULL, 3, 1, 7, '2014-02-18 13:19:48', '0000-00-00 00:00:00'),
(2264, NULL, 3, 1, 10, '2014-02-18 13:19:48', '0000-00-00 00:00:00'),
(2265, NULL, 3, 1, 11, '2014-02-18 13:19:48', '0000-00-00 00:00:00'),
(2266, NULL, 3, 1, 1, '2014-02-18 13:19:48', '0000-00-00 00:00:00'),
(2267, NULL, 3, 1, 2, '2014-02-18 13:19:48', '0000-00-00 00:00:00'),
(2268, NULL, 3, 1, 3, '2014-02-18 13:19:48', '0000-00-00 00:00:00'),
(2269, NULL, 3, 1, 4, '2014-02-18 13:19:48', '0000-00-00 00:00:00'),
(2270, NULL, 3, 1, 5, '2014-02-18 13:19:48', '0000-00-00 00:00:00'),
(2271, NULL, 3, 1, 6, '2014-02-18 13:19:48', '0000-00-00 00:00:00'),
(2272, NULL, 3, 1, 7, '2014-02-18 13:19:48', '0000-00-00 00:00:00'),
(2273, NULL, 3, 1, 10, '2014-02-18 13:19:48', '0000-00-00 00:00:00'),
(2274, NULL, 3, 1, 11, '2014-02-18 13:19:48', '0000-00-00 00:00:00'),
(2275, NULL, 3, 1, 1, '2014-02-18 13:19:48', '0000-00-00 00:00:00'),
(2276, NULL, 3, 1, 2, '2014-02-18 13:19:48', '0000-00-00 00:00:00'),
(2277, NULL, 3, 1, 3, '2014-02-18 13:19:48', '0000-00-00 00:00:00'),
(2278, NULL, 3, 1, 4, '2014-02-18 13:19:48', '0000-00-00 00:00:00'),
(2279, NULL, 3, 1, 5, '2014-02-18 13:19:48', '0000-00-00 00:00:00'),
(2280, NULL, 3, 1, 6, '2014-02-18 13:19:48', '0000-00-00 00:00:00'),
(2281, NULL, 3, 1, 7, '2014-02-18 13:19:48', '0000-00-00 00:00:00'),
(2282, NULL, 3, 1, 10, '2014-02-18 13:19:48', '0000-00-00 00:00:00'),
(2283, NULL, 3, 1, 11, '2014-02-18 13:19:48', '0000-00-00 00:00:00'),
(2284, NULL, 3, 1, 1, '2014-02-18 13:19:48', '0000-00-00 00:00:00'),
(2285, NULL, 3, 1, 2, '2014-02-18 13:19:48', '0000-00-00 00:00:00'),
(2286, NULL, 3, 1, 3, '2014-02-18 13:19:48', '0000-00-00 00:00:00'),
(2287, NULL, 3, 1, 4, '2014-02-18 13:19:48', '0000-00-00 00:00:00'),
(2288, NULL, 3, 1, 5, '2014-02-18 13:19:48', '0000-00-00 00:00:00'),
(2289, NULL, 3, 1, 6, '2014-02-18 13:19:48', '0000-00-00 00:00:00'),
(2290, NULL, 3, 1, 7, '2014-02-18 13:19:48', '0000-00-00 00:00:00'),
(2291, NULL, 3, 1, 10, '2014-02-18 13:19:48', '0000-00-00 00:00:00'),
(2292, NULL, 3, 1, 11, '2014-02-18 13:19:48', '0000-00-00 00:00:00'),
(2293, NULL, 3, 1, 1, '2014-02-18 13:19:48', '0000-00-00 00:00:00'),
(2294, NULL, 3, 1, 2, '2014-02-18 13:19:48', '0000-00-00 00:00:00'),
(2295, NULL, 3, 1, 3, '2014-02-18 13:19:48', '0000-00-00 00:00:00'),
(2296, NULL, 3, 1, 4, '2014-02-18 13:19:48', '0000-00-00 00:00:00'),
(2297, NULL, 3, 1, 5, '2014-02-18 13:19:48', '0000-00-00 00:00:00'),
(2298, NULL, 3, 1, 6, '2014-02-18 13:19:48', '0000-00-00 00:00:00'),
(2299, NULL, 3, 1, 7, '2014-02-18 13:19:48', '0000-00-00 00:00:00'),
(2300, NULL, 3, 1, 10, '2014-02-18 13:19:48', '0000-00-00 00:00:00'),
(2301, NULL, 3, 1, 11, '2014-02-18 13:19:48', '0000-00-00 00:00:00'),
(2302, NULL, 3, 1, 1, '2014-02-18 13:19:48', '0000-00-00 00:00:00'),
(2303, NULL, 3, 1, 2, '2014-02-18 13:19:48', '0000-00-00 00:00:00'),
(2304, NULL, 3, 1, 3, '2014-02-18 13:19:48', '0000-00-00 00:00:00'),
(2305, NULL, 3, 1, 4, '2014-02-18 13:19:48', '0000-00-00 00:00:00'),
(2306, NULL, 3, 1, 5, '2014-02-18 13:19:48', '0000-00-00 00:00:00'),
(2307, NULL, 3, 1, 6, '2014-02-18 13:19:49', '0000-00-00 00:00:00'),
(2308, NULL, 3, 1, 7, '2014-02-18 13:19:49', '0000-00-00 00:00:00'),
(2309, NULL, 3, 1, 10, '2014-02-18 13:19:49', '0000-00-00 00:00:00'),
(2310, NULL, 3, 1, 11, '2014-02-18 13:19:49', '0000-00-00 00:00:00'),
(2311, NULL, 3, 1, 1, '2014-02-18 13:19:49', '0000-00-00 00:00:00'),
(2312, NULL, 3, 1, 2, '2014-02-18 13:19:49', '0000-00-00 00:00:00'),
(2313, NULL, 3, 1, 3, '2014-02-18 13:19:49', '0000-00-00 00:00:00'),
(2314, NULL, 3, 1, 4, '2014-02-18 13:19:49', '0000-00-00 00:00:00'),
(2315, NULL, 3, 1, 5, '2014-02-18 13:19:49', '0000-00-00 00:00:00'),
(2316, NULL, 3, 1, 6, '2014-02-18 13:19:49', '0000-00-00 00:00:00'),
(2317, NULL, 3, 1, 7, '2014-02-18 13:19:49', '0000-00-00 00:00:00'),
(2318, NULL, 3, 1, 10, '2014-02-18 13:19:49', '0000-00-00 00:00:00'),
(2319, NULL, 3, 1, 11, '2014-02-18 13:19:49', '0000-00-00 00:00:00'),
(2320, NULL, 3, 1, 1, '2014-02-18 13:19:49', '0000-00-00 00:00:00'),
(2321, NULL, 3, 1, 2, '2014-02-18 13:19:49', '0000-00-00 00:00:00'),
(2322, NULL, 3, 1, 3, '2014-02-18 13:19:49', '0000-00-00 00:00:00'),
(2323, NULL, 3, 1, 4, '2014-02-18 13:19:49', '0000-00-00 00:00:00'),
(2324, NULL, 3, 1, 5, '2014-02-18 13:19:49', '0000-00-00 00:00:00'),
(2325, NULL, 3, 1, 6, '2014-02-18 13:19:49', '0000-00-00 00:00:00'),
(2326, NULL, 3, 1, 7, '2014-02-18 13:19:49', '0000-00-00 00:00:00'),
(2327, NULL, 3, 1, 10, '2014-02-18 13:19:49', '0000-00-00 00:00:00'),
(2328, NULL, 3, 1, 11, '2014-02-18 13:19:49', '0000-00-00 00:00:00'),
(2329, NULL, 3, 1, 1, '2014-02-18 13:19:49', '0000-00-00 00:00:00'),
(2330, NULL, 3, 1, 2, '2014-02-18 13:19:49', '0000-00-00 00:00:00'),
(2331, NULL, 3, 1, 3, '2014-02-18 13:19:49', '0000-00-00 00:00:00'),
(2332, NULL, 3, 1, 4, '2014-02-18 13:19:49', '0000-00-00 00:00:00'),
(2333, NULL, 3, 1, 5, '2014-02-18 13:19:49', '0000-00-00 00:00:00'),
(2334, NULL, 3, 1, 6, '2014-02-18 13:19:49', '0000-00-00 00:00:00'),
(2335, NULL, 3, 1, 7, '2014-02-18 13:19:49', '0000-00-00 00:00:00'),
(2336, NULL, 3, 1, 10, '2014-02-18 13:19:49', '0000-00-00 00:00:00'),
(2337, NULL, 3, 1, 11, '2014-02-18 13:19:49', '0000-00-00 00:00:00'),
(2338, NULL, 3, 1, 1, '2014-02-18 13:19:49', '0000-00-00 00:00:00'),
(2339, NULL, 3, 1, 2, '2014-02-18 13:19:49', '0000-00-00 00:00:00'),
(2340, NULL, 3, 1, 3, '2014-02-18 13:19:49', '0000-00-00 00:00:00'),
(2341, NULL, 3, 1, 4, '2014-02-18 13:19:49', '0000-00-00 00:00:00'),
(2342, NULL, 3, 1, 5, '2014-02-18 13:19:49', '0000-00-00 00:00:00'),
(2343, NULL, 3, 1, 6, '2014-02-18 13:19:49', '0000-00-00 00:00:00'),
(2344, NULL, 3, 1, 7, '2014-02-18 13:19:49', '0000-00-00 00:00:00'),
(2345, NULL, 3, 1, 10, '2014-02-18 13:19:49', '0000-00-00 00:00:00'),
(2346, NULL, 3, 1, 11, '2014-02-18 13:19:49', '0000-00-00 00:00:00'),
(2347, NULL, 3, 1, 1, '2014-02-18 13:19:49', '0000-00-00 00:00:00'),
(2348, NULL, 3, 1, 2, '2014-02-18 13:19:49', '0000-00-00 00:00:00'),
(2349, NULL, 3, 1, 3, '2014-02-18 13:19:49', '0000-00-00 00:00:00'),
(2350, NULL, 3, 1, 4, '2014-02-18 13:19:49', '0000-00-00 00:00:00'),
(2351, NULL, 3, 1, 5, '2014-02-18 13:19:49', '0000-00-00 00:00:00'),
(2352, NULL, 3, 1, 6, '2014-02-18 13:19:49', '0000-00-00 00:00:00'),
(2353, NULL, 3, 1, 7, '2014-02-18 13:19:49', '0000-00-00 00:00:00'),
(2354, NULL, 3, 1, 10, '2014-02-18 13:19:49', '0000-00-00 00:00:00'),
(2355, NULL, 3, 1, 11, '2014-02-18 13:19:49', '0000-00-00 00:00:00'),
(2356, NULL, 3, 1, 1, '2014-02-18 13:19:49', '0000-00-00 00:00:00'),
(2357, NULL, 3, 1, 2, '2014-02-18 13:19:49', '0000-00-00 00:00:00'),
(2358, NULL, 3, 1, 3, '2014-02-18 13:19:49', '0000-00-00 00:00:00'),
(2359, NULL, 3, 1, 4, '2014-02-18 13:19:49', '0000-00-00 00:00:00'),
(2360, NULL, 3, 1, 5, '2014-02-18 13:19:49', '0000-00-00 00:00:00'),
(2361, NULL, 3, 1, 6, '2014-02-18 13:19:49', '0000-00-00 00:00:00'),
(2362, NULL, 3, 1, 7, '2014-02-18 13:19:49', '0000-00-00 00:00:00'),
(2363, NULL, 3, 1, 10, '2014-02-18 13:19:49', '0000-00-00 00:00:00'),
(2364, NULL, 3, 1, 11, '2014-02-18 13:19:49', '0000-00-00 00:00:00'),
(2365, NULL, 3, 1, 1, '2014-02-18 13:19:49', '0000-00-00 00:00:00'),
(2366, NULL, 3, 1, 2, '2014-02-18 13:19:49', '0000-00-00 00:00:00'),
(2367, NULL, 3, 1, 3, '2014-02-18 13:19:49', '0000-00-00 00:00:00'),
(2368, NULL, 3, 1, 4, '2014-02-18 13:19:49', '0000-00-00 00:00:00'),
(2369, NULL, 3, 1, 5, '2014-02-18 13:19:49', '0000-00-00 00:00:00'),
(2370, NULL, 3, 1, 6, '2014-02-18 13:19:49', '0000-00-00 00:00:00'),
(2371, NULL, 3, 1, 7, '2014-02-18 13:19:50', '0000-00-00 00:00:00'),
(2372, NULL, 3, 1, 10, '2014-02-18 13:19:50', '0000-00-00 00:00:00'),
(2373, NULL, 3, 1, 11, '2014-02-18 13:19:50', '0000-00-00 00:00:00'),
(2374, NULL, 3, 1, 1, '2014-02-18 13:19:50', '0000-00-00 00:00:00'),
(2375, NULL, 3, 1, 2, '2014-02-18 13:19:50', '0000-00-00 00:00:00'),
(2376, NULL, 3, 1, 3, '2014-02-18 13:19:50', '0000-00-00 00:00:00'),
(2377, NULL, 3, 1, 4, '2014-02-18 13:19:50', '0000-00-00 00:00:00'),
(2378, NULL, 3, 1, 5, '2014-02-18 13:19:50', '0000-00-00 00:00:00'),
(2379, NULL, 3, 1, 6, '2014-02-18 13:19:50', '0000-00-00 00:00:00'),
(2380, NULL, 3, 1, 7, '2014-02-18 13:19:50', '0000-00-00 00:00:00'),
(2381, NULL, 3, 1, 10, '2014-02-18 13:19:50', '0000-00-00 00:00:00'),
(2382, NULL, 3, 1, 11, '2014-02-18 13:19:50', '0000-00-00 00:00:00'),
(2383, NULL, 3, 1, 1, '2014-02-18 13:19:50', '0000-00-00 00:00:00'),
(2384, NULL, 3, 1, 2, '2014-02-18 13:19:50', '0000-00-00 00:00:00'),
(2385, NULL, 3, 1, 3, '2014-02-18 13:19:50', '0000-00-00 00:00:00'),
(2386, NULL, 3, 1, 4, '2014-02-18 13:19:50', '0000-00-00 00:00:00'),
(2387, NULL, 3, 1, 5, '2014-02-18 13:19:50', '0000-00-00 00:00:00'),
(2388, NULL, 3, 1, 6, '2014-02-18 13:19:50', '0000-00-00 00:00:00'),
(2389, NULL, 3, 1, 7, '2014-02-18 13:19:50', '0000-00-00 00:00:00'),
(2390, NULL, 3, 1, 10, '2014-02-18 13:19:50', '0000-00-00 00:00:00'),
(2391, NULL, 3, 1, 11, '2014-02-18 13:19:50', '0000-00-00 00:00:00'),
(2392, NULL, 3, 1, 1, '2014-02-18 13:19:50', '0000-00-00 00:00:00'),
(2393, NULL, 3, 1, 2, '2014-02-18 13:19:50', '0000-00-00 00:00:00'),
(2394, NULL, 3, 1, 3, '2014-02-18 13:19:50', '0000-00-00 00:00:00'),
(2395, NULL, 3, 1, 4, '2014-02-18 13:19:50', '0000-00-00 00:00:00'),
(2396, NULL, 3, 1, 5, '2014-02-18 13:19:50', '0000-00-00 00:00:00'),
(2397, NULL, 3, 1, 6, '2014-02-18 13:19:50', '0000-00-00 00:00:00'),
(2398, NULL, 3, 1, 7, '2014-02-18 13:19:50', '0000-00-00 00:00:00'),
(2399, NULL, 3, 1, 10, '2014-02-18 13:19:50', '0000-00-00 00:00:00'),
(2400, NULL, 3, 1, 11, '2014-02-18 13:19:50', '0000-00-00 00:00:00'),
(2401, NULL, 3, 1, 1, '2014-02-18 13:19:50', '0000-00-00 00:00:00'),
(2402, NULL, 3, 1, 2, '2014-02-18 13:19:50', '0000-00-00 00:00:00'),
(2403, NULL, 3, 1, 3, '2014-02-18 13:19:50', '0000-00-00 00:00:00'),
(2404, NULL, 3, 1, 4, '2014-02-18 13:19:50', '0000-00-00 00:00:00'),
(2405, NULL, 3, 1, 5, '2014-02-18 13:19:50', '0000-00-00 00:00:00'),
(2406, NULL, 3, 1, 6, '2014-02-18 13:19:50', '0000-00-00 00:00:00'),
(2407, NULL, 3, 1, 7, '2014-02-18 13:19:50', '0000-00-00 00:00:00'),
(2408, NULL, 3, 1, 10, '2014-02-18 13:19:50', '0000-00-00 00:00:00'),
(2409, NULL, 3, 1, 11, '2014-02-18 13:19:50', '0000-00-00 00:00:00'),
(2410, NULL, 3, 1, 1, '2014-02-18 13:19:50', '0000-00-00 00:00:00'),
(2411, NULL, 3, 1, 2, '2014-02-18 13:19:50', '0000-00-00 00:00:00'),
(2412, NULL, 3, 1, 3, '2014-02-18 13:19:50', '0000-00-00 00:00:00'),
(2413, NULL, 3, 1, 4, '2014-02-18 13:19:50', '0000-00-00 00:00:00'),
(2414, NULL, 3, 1, 5, '2014-02-18 13:19:50', '0000-00-00 00:00:00'),
(2415, NULL, 3, 1, 6, '2014-02-18 13:19:50', '0000-00-00 00:00:00'),
(2416, NULL, 3, 1, 7, '2014-02-18 13:19:50', '0000-00-00 00:00:00'),
(2417, NULL, 3, 1, 10, '2014-02-18 13:19:50', '0000-00-00 00:00:00'),
(2418, NULL, 3, 1, 11, '2014-02-18 13:19:50', '0000-00-00 00:00:00'),
(2419, NULL, 3, 1, 1, '2014-02-18 13:19:50', '0000-00-00 00:00:00'),
(2420, NULL, 3, 1, 2, '2014-02-18 13:19:50', '0000-00-00 00:00:00'),
(2421, NULL, 3, 1, 3, '2014-02-18 13:19:50', '0000-00-00 00:00:00'),
(2422, NULL, 3, 1, 4, '2014-02-18 13:19:50', '0000-00-00 00:00:00'),
(2423, NULL, 3, 1, 5, '2014-02-18 13:19:50', '0000-00-00 00:00:00'),
(2424, NULL, 3, 1, 6, '2014-02-18 13:19:50', '0000-00-00 00:00:00'),
(2425, NULL, 3, 1, 7, '2014-02-18 13:19:50', '0000-00-00 00:00:00'),
(2426, NULL, 3, 1, 10, '2014-02-18 13:19:50', '0000-00-00 00:00:00'),
(2427, NULL, 3, 1, 11, '2014-02-18 13:19:50', '0000-00-00 00:00:00'),
(2428, NULL, 3, 1, 1, '2014-02-18 13:19:50', '0000-00-00 00:00:00'),
(2429, NULL, 3, 1, 2, '2014-02-18 13:19:50', '0000-00-00 00:00:00'),
(2430, NULL, 3, 1, 3, '2014-02-18 13:19:50', '0000-00-00 00:00:00'),
(2431, NULL, 3, 1, 4, '2014-02-18 13:19:51', '0000-00-00 00:00:00'),
(2432, NULL, 3, 1, 5, '2014-02-18 13:19:51', '0000-00-00 00:00:00'),
(2433, NULL, 3, 1, 6, '2014-02-18 13:19:51', '0000-00-00 00:00:00'),
(2434, NULL, 3, 1, 7, '2014-02-18 13:19:51', '0000-00-00 00:00:00'),
(2435, NULL, 3, 1, 10, '2014-02-18 13:19:51', '0000-00-00 00:00:00'),
(2436, NULL, 3, 1, 11, '2014-02-18 13:19:51', '0000-00-00 00:00:00'),
(2437, NULL, 3, 1, 1, '2014-02-18 13:19:51', '0000-00-00 00:00:00'),
(2438, NULL, 3, 1, 2, '2014-02-18 13:19:51', '0000-00-00 00:00:00'),
(2439, NULL, 3, 1, 3, '2014-02-18 13:19:51', '0000-00-00 00:00:00'),
(2440, NULL, 3, 1, 4, '2014-02-18 13:19:51', '0000-00-00 00:00:00'),
(2441, NULL, 3, 1, 5, '2014-02-18 13:19:51', '0000-00-00 00:00:00'),
(2442, NULL, 3, 1, 6, '2014-02-18 13:19:51', '0000-00-00 00:00:00'),
(2443, NULL, 3, 1, 7, '2014-02-18 13:19:51', '0000-00-00 00:00:00'),
(2444, NULL, 3, 1, 10, '2014-02-18 13:19:51', '0000-00-00 00:00:00'),
(2445, NULL, 3, 1, 11, '2014-02-18 13:19:51', '0000-00-00 00:00:00'),
(2446, NULL, 3, 1, 1, '2014-02-18 13:19:51', '0000-00-00 00:00:00'),
(2447, NULL, 3, 1, 2, '2014-02-18 13:19:51', '0000-00-00 00:00:00'),
(2448, NULL, 3, 1, 3, '2014-02-18 13:19:51', '0000-00-00 00:00:00'),
(2449, NULL, 3, 1, 4, '2014-02-18 13:19:51', '0000-00-00 00:00:00'),
(2450, NULL, 3, 1, 5, '2014-02-18 13:19:51', '0000-00-00 00:00:00'),
(2451, NULL, 3, 1, 6, '2014-02-18 13:19:51', '0000-00-00 00:00:00'),
(2452, NULL, 3, 1, 7, '2014-02-18 13:19:51', '0000-00-00 00:00:00'),
(2453, NULL, 3, 1, 10, '2014-02-18 13:19:51', '0000-00-00 00:00:00'),
(2454, NULL, 3, 1, 11, '2014-02-18 13:19:51', '0000-00-00 00:00:00'),
(2455, NULL, 3, 1, 1, '2014-02-18 13:19:51', '0000-00-00 00:00:00'),
(2456, NULL, 3, 1, 2, '2014-02-18 13:19:51', '0000-00-00 00:00:00'),
(2457, NULL, 3, 1, 3, '2014-02-18 13:19:51', '0000-00-00 00:00:00'),
(2458, NULL, 3, 1, 4, '2014-02-18 13:19:51', '0000-00-00 00:00:00'),
(2459, NULL, 3, 1, 5, '2014-02-18 13:19:51', '0000-00-00 00:00:00'),
(2460, NULL, 3, 1, 6, '2014-02-18 13:19:51', '0000-00-00 00:00:00'),
(2461, NULL, 3, 1, 7, '2014-02-18 13:19:51', '0000-00-00 00:00:00'),
(2462, NULL, 3, 1, 10, '2014-02-18 13:19:51', '0000-00-00 00:00:00'),
(2463, NULL, 3, 1, 11, '2014-02-18 13:19:51', '0000-00-00 00:00:00'),
(2464, NULL, 3, 1, 1, '2014-02-18 13:19:51', '0000-00-00 00:00:00'),
(2465, NULL, 3, 1, 2, '2014-02-18 13:19:51', '0000-00-00 00:00:00'),
(2466, NULL, 3, 1, 3, '2014-02-18 13:19:51', '0000-00-00 00:00:00'),
(2467, NULL, 3, 1, 4, '2014-02-18 13:19:51', '0000-00-00 00:00:00'),
(2468, NULL, 3, 1, 5, '2014-02-18 13:19:51', '0000-00-00 00:00:00'),
(2469, NULL, 3, 1, 6, '2014-02-18 13:19:51', '0000-00-00 00:00:00'),
(2470, NULL, 3, 1, 7, '2014-02-18 13:19:51', '0000-00-00 00:00:00'),
(2471, NULL, 3, 1, 10, '2014-02-18 13:19:51', '0000-00-00 00:00:00'),
(2472, NULL, 3, 1, 11, '2014-02-18 13:19:51', '0000-00-00 00:00:00'),
(2473, NULL, 3, 1, 1, '2014-02-18 13:19:51', '0000-00-00 00:00:00'),
(2474, NULL, 3, 1, 2, '2014-02-18 13:19:51', '0000-00-00 00:00:00'),
(2475, NULL, 3, 1, 3, '2014-02-18 13:19:51', '0000-00-00 00:00:00'),
(2476, NULL, 3, 1, 4, '2014-02-18 13:19:52', '0000-00-00 00:00:00'),
(2477, NULL, 3, 1, 5, '2014-02-18 13:19:52', '0000-00-00 00:00:00'),
(2478, NULL, 3, 1, 6, '2014-02-18 13:19:52', '0000-00-00 00:00:00'),
(2479, NULL, 3, 1, 7, '2014-02-18 13:19:52', '0000-00-00 00:00:00'),
(2480, NULL, 3, 1, 10, '2014-02-18 13:19:52', '0000-00-00 00:00:00'),
(2481, NULL, 3, 1, 11, '2014-02-18 13:19:52', '0000-00-00 00:00:00'),
(2482, NULL, 3, 1, 1, '2014-02-18 13:19:52', '0000-00-00 00:00:00'),
(2483, NULL, 3, 1, 2, '2014-02-18 13:19:52', '0000-00-00 00:00:00'),
(2484, NULL, 3, 1, 3, '2014-02-18 13:19:52', '0000-00-00 00:00:00'),
(2485, NULL, 3, 1, 4, '2014-02-18 13:19:52', '0000-00-00 00:00:00'),
(2486, NULL, 3, 1, 5, '2014-02-18 13:19:52', '0000-00-00 00:00:00'),
(2487, NULL, 3, 1, 6, '2014-02-18 13:19:52', '0000-00-00 00:00:00'),
(2488, NULL, 3, 1, 7, '2014-02-18 13:19:52', '0000-00-00 00:00:00'),
(2489, NULL, 3, 1, 10, '2014-02-18 13:19:52', '0000-00-00 00:00:00'),
(2490, NULL, 3, 1, 11, '2014-02-18 13:19:52', '0000-00-00 00:00:00'),
(2491, NULL, 3, 1, 1, '2014-02-18 13:19:52', '0000-00-00 00:00:00'),
(2492, NULL, 3, 1, 2, '2014-02-18 13:19:52', '0000-00-00 00:00:00'),
(2493, NULL, 3, 1, 3, '2014-02-18 13:19:52', '0000-00-00 00:00:00'),
(2494, NULL, 3, 1, 4, '2014-02-18 13:19:52', '0000-00-00 00:00:00'),
(2495, NULL, 3, 1, 5, '2014-02-18 13:19:52', '0000-00-00 00:00:00'),
(2496, NULL, 3, 1, 6, '2014-02-18 13:19:52', '0000-00-00 00:00:00'),
(2497, NULL, 3, 1, 7, '2014-02-18 13:19:52', '0000-00-00 00:00:00'),
(2498, NULL, 3, 1, 10, '2014-02-18 13:19:52', '0000-00-00 00:00:00'),
(2499, NULL, 3, 1, 11, '2014-02-18 13:19:52', '0000-00-00 00:00:00'),
(2500, NULL, 3, 1, 1, '2014-02-18 13:19:52', '0000-00-00 00:00:00'),
(2501, NULL, 3, 1, 2, '2014-02-18 13:19:52', '0000-00-00 00:00:00'),
(2502, NULL, 3, 1, 3, '2014-02-18 13:19:52', '0000-00-00 00:00:00'),
(2503, NULL, 3, 1, 4, '2014-02-18 13:19:52', '0000-00-00 00:00:00'),
(2504, NULL, 3, 1, 5, '2014-02-18 13:19:52', '0000-00-00 00:00:00'),
(2505, NULL, 3, 1, 6, '2014-02-18 13:19:52', '0000-00-00 00:00:00'),
(2506, NULL, 3, 1, 7, '2014-02-18 13:19:52', '0000-00-00 00:00:00'),
(2507, NULL, 3, 1, 10, '2014-02-18 13:19:52', '0000-00-00 00:00:00'),
(2508, NULL, 3, 1, 11, '2014-02-18 13:19:52', '0000-00-00 00:00:00'),
(2509, NULL, 3, 1, 1, '2014-02-18 13:19:52', '0000-00-00 00:00:00'),
(2510, NULL, 3, 1, 2, '2014-02-18 13:19:52', '0000-00-00 00:00:00'),
(2511, NULL, 3, 1, 3, '2014-02-18 13:19:52', '0000-00-00 00:00:00'),
(2512, NULL, 3, 1, 4, '2014-02-18 13:19:52', '0000-00-00 00:00:00'),
(2513, NULL, 3, 1, 5, '2014-02-18 13:19:52', '0000-00-00 00:00:00'),
(2514, NULL, 3, 1, 6, '2014-02-18 13:19:52', '0000-00-00 00:00:00'),
(2515, NULL, 3, 1, 7, '2014-02-18 13:19:52', '0000-00-00 00:00:00'),
(2516, NULL, 3, 1, 10, '2014-02-18 13:19:52', '0000-00-00 00:00:00'),
(2517, NULL, 3, 1, 11, '2014-02-18 13:19:52', '0000-00-00 00:00:00'),
(2518, NULL, 3, 1, 1, '2014-02-18 13:19:52', '0000-00-00 00:00:00'),
(2519, NULL, 3, 1, 2, '2014-02-18 13:19:52', '0000-00-00 00:00:00'),
(2520, NULL, 3, 1, 3, '2014-02-18 13:19:52', '0000-00-00 00:00:00'),
(2521, NULL, 3, 1, 4, '2014-02-18 13:19:52', '0000-00-00 00:00:00'),
(2522, NULL, 3, 1, 5, '2014-02-18 13:19:52', '0000-00-00 00:00:00'),
(2523, NULL, 3, 1, 6, '2014-02-18 13:19:52', '0000-00-00 00:00:00'),
(2524, NULL, 3, 1, 7, '2014-02-18 13:19:52', '0000-00-00 00:00:00'),
(2525, NULL, 3, 1, 10, '2014-02-18 13:19:52', '0000-00-00 00:00:00'),
(2526, NULL, 3, 1, 11, '2014-02-18 13:19:52', '0000-00-00 00:00:00'),
(2527, NULL, 3, 1, 1, '2014-02-18 13:19:52', '0000-00-00 00:00:00'),
(2528, NULL, 3, 1, 2, '2014-02-18 13:19:53', '0000-00-00 00:00:00'),
(2529, NULL, 3, 1, 3, '2014-02-18 13:19:53', '0000-00-00 00:00:00'),
(2530, NULL, 3, 1, 4, '2014-02-18 13:19:53', '0000-00-00 00:00:00'),
(2531, NULL, 3, 1, 5, '2014-02-18 13:19:53', '0000-00-00 00:00:00'),
(2532, NULL, 3, 1, 6, '2014-02-18 13:19:53', '0000-00-00 00:00:00'),
(2533, NULL, 3, 1, 7, '2014-02-18 13:19:53', '0000-00-00 00:00:00'),
(2534, NULL, 3, 1, 10, '2014-02-18 13:19:53', '0000-00-00 00:00:00'),
(2535, NULL, 3, 1, 11, '2014-02-18 13:19:53', '0000-00-00 00:00:00'),
(2536, NULL, 3, 1, 1, '2014-02-18 13:19:53', '0000-00-00 00:00:00'),
(2537, NULL, 3, 1, 2, '2014-02-18 13:19:53', '0000-00-00 00:00:00'),
(2538, NULL, 3, 1, 3, '2014-02-18 13:19:53', '0000-00-00 00:00:00'),
(2539, NULL, 3, 1, 4, '2014-02-18 13:19:53', '0000-00-00 00:00:00'),
(2540, NULL, 3, 1, 5, '2014-02-18 13:19:53', '0000-00-00 00:00:00'),
(2541, NULL, 3, 1, 6, '2014-02-18 13:19:53', '0000-00-00 00:00:00');
INSERT INTO `tracker` (`Tracker_ID`, `Remarks`, `Status_ID`, `Times_Taken`, `Subject_ID`, `Created_At`, `Updated_At`) VALUES
(2542, NULL, 3, 1, 7, '2014-02-18 13:19:53', '0000-00-00 00:00:00'),
(2543, NULL, 3, 1, 10, '2014-02-18 13:19:53', '0000-00-00 00:00:00'),
(2544, NULL, 3, 1, 11, '2014-02-18 13:19:53', '0000-00-00 00:00:00'),
(2545, NULL, 3, 1, 1, '2014-02-18 13:19:53', '0000-00-00 00:00:00'),
(2546, NULL, 3, 1, 2, '2014-02-18 13:19:53', '0000-00-00 00:00:00'),
(2547, NULL, 3, 1, 3, '2014-02-18 13:19:53', '0000-00-00 00:00:00'),
(2548, NULL, 3, 1, 4, '2014-02-18 13:19:53', '0000-00-00 00:00:00'),
(2549, NULL, 3, 1, 5, '2014-02-18 13:19:53', '0000-00-00 00:00:00'),
(2550, NULL, 3, 1, 6, '2014-02-18 13:19:53', '0000-00-00 00:00:00'),
(2551, NULL, 3, 1, 7, '2014-02-18 13:19:53', '0000-00-00 00:00:00'),
(2552, NULL, 3, 1, 10, '2014-02-18 13:19:53', '0000-00-00 00:00:00'),
(2553, NULL, 3, 1, 11, '2014-02-18 13:19:53', '0000-00-00 00:00:00'),
(2554, NULL, 3, 1, 1, '2014-02-18 13:19:53', '0000-00-00 00:00:00'),
(2555, NULL, 3, 1, 2, '2014-02-18 13:19:53', '0000-00-00 00:00:00'),
(2556, NULL, 3, 1, 3, '2014-02-18 13:19:53', '0000-00-00 00:00:00'),
(2557, NULL, 3, 1, 4, '2014-02-18 13:19:53', '0000-00-00 00:00:00'),
(2558, NULL, 3, 1, 5, '2014-02-18 13:19:53', '0000-00-00 00:00:00'),
(2559, NULL, 3, 1, 6, '2014-02-18 13:19:53', '0000-00-00 00:00:00'),
(2560, NULL, 3, 1, 7, '2014-02-18 13:19:53', '0000-00-00 00:00:00'),
(2561, NULL, 3, 1, 10, '2014-02-18 13:19:53', '0000-00-00 00:00:00'),
(2562, NULL, 3, 1, 11, '2014-02-18 13:19:53', '0000-00-00 00:00:00'),
(2563, NULL, 3, 1, 1, '2014-02-18 13:19:53', '0000-00-00 00:00:00'),
(2564, NULL, 3, 1, 2, '2014-02-18 13:19:54', '0000-00-00 00:00:00'),
(2565, NULL, 3, 1, 3, '2014-02-18 13:19:54', '0000-00-00 00:00:00'),
(2566, NULL, 3, 1, 4, '2014-02-18 13:19:54', '0000-00-00 00:00:00'),
(2567, NULL, 3, 1, 5, '2014-02-18 13:19:54', '0000-00-00 00:00:00'),
(2568, NULL, 3, 1, 6, '2014-02-18 13:19:54', '0000-00-00 00:00:00'),
(2569, NULL, 3, 1, 7, '2014-02-18 13:19:54', '0000-00-00 00:00:00'),
(2570, NULL, 3, 1, 10, '2014-02-18 13:19:54', '0000-00-00 00:00:00'),
(2571, NULL, 3, 1, 11, '2014-02-18 13:19:54', '0000-00-00 00:00:00'),
(2572, NULL, 3, 1, 1, '2014-02-18 13:19:54', '0000-00-00 00:00:00'),
(2573, NULL, 3, 1, 2, '2014-02-18 13:19:54', '0000-00-00 00:00:00'),
(2574, NULL, 3, 1, 3, '2014-02-18 13:19:54', '0000-00-00 00:00:00'),
(2575, NULL, 3, 1, 4, '2014-02-18 13:19:54', '0000-00-00 00:00:00'),
(2576, NULL, 3, 1, 5, '2014-02-18 13:19:54', '0000-00-00 00:00:00'),
(2577, NULL, 3, 1, 6, '2014-02-18 13:19:54', '0000-00-00 00:00:00'),
(2578, NULL, 3, 1, 7, '2014-02-18 13:19:54', '0000-00-00 00:00:00'),
(2579, NULL, 3, 1, 10, '2014-02-18 13:19:54', '0000-00-00 00:00:00'),
(2580, NULL, 3, 1, 11, '2014-02-18 13:19:54', '0000-00-00 00:00:00'),
(2581, NULL, 3, 1, 1, '2014-02-18 13:19:54', '0000-00-00 00:00:00'),
(2582, NULL, 3, 1, 2, '2014-02-18 13:19:54', '0000-00-00 00:00:00'),
(2583, NULL, 3, 1, 3, '2014-02-18 13:19:54', '0000-00-00 00:00:00'),
(2584, NULL, 3, 1, 4, '2014-02-18 13:19:54', '0000-00-00 00:00:00'),
(2585, NULL, 3, 1, 5, '2014-02-18 13:19:54', '0000-00-00 00:00:00'),
(2586, NULL, 3, 1, 6, '2014-02-18 13:19:54', '0000-00-00 00:00:00'),
(2587, NULL, 3, 1, 7, '2014-02-18 13:19:54', '0000-00-00 00:00:00'),
(2588, NULL, 3, 1, 10, '2014-02-18 13:19:54', '0000-00-00 00:00:00'),
(2589, NULL, 3, 1, 11, '2014-02-18 13:19:54', '0000-00-00 00:00:00'),
(2590, NULL, 3, 1, 1, '2014-02-18 13:19:54', '0000-00-00 00:00:00'),
(2591, NULL, 3, 1, 2, '2014-02-18 13:19:54', '0000-00-00 00:00:00'),
(2592, NULL, 3, 1, 3, '2014-02-18 13:19:54', '0000-00-00 00:00:00'),
(2593, NULL, 3, 1, 4, '2014-02-18 13:19:54', '0000-00-00 00:00:00'),
(2594, NULL, 3, 1, 5, '2014-02-18 13:19:54', '0000-00-00 00:00:00'),
(2595, NULL, 3, 1, 6, '2014-02-18 13:19:54', '0000-00-00 00:00:00'),
(2596, NULL, 3, 1, 7, '2014-02-18 13:19:54', '0000-00-00 00:00:00'),
(2597, NULL, 3, 1, 10, '2014-02-18 13:19:54', '0000-00-00 00:00:00'),
(2598, NULL, 3, 1, 11, '2014-02-18 13:19:54', '0000-00-00 00:00:00'),
(2599, NULL, 3, 1, 1, '2014-02-18 13:19:54', '0000-00-00 00:00:00'),
(2600, NULL, 3, 1, 2, '2014-02-18 13:19:54', '0000-00-00 00:00:00'),
(2601, NULL, 3, 1, 3, '2014-02-18 13:19:54', '0000-00-00 00:00:00'),
(2602, NULL, 3, 1, 4, '2014-02-18 13:19:54', '0000-00-00 00:00:00'),
(2603, NULL, 3, 1, 5, '2014-02-18 13:19:54', '0000-00-00 00:00:00'),
(2604, NULL, 3, 1, 6, '2014-02-18 13:19:54', '0000-00-00 00:00:00'),
(2605, NULL, 3, 1, 7, '2014-02-18 13:19:54', '0000-00-00 00:00:00'),
(2606, NULL, 3, 1, 10, '2014-02-18 13:19:54', '0000-00-00 00:00:00'),
(2607, NULL, 3, 1, 11, '2014-02-18 13:19:54', '0000-00-00 00:00:00'),
(2608, NULL, 3, 1, 1, '2014-02-18 13:19:54', '0000-00-00 00:00:00'),
(2609, NULL, 3, 1, 2, '2014-02-18 13:19:54', '0000-00-00 00:00:00'),
(2610, NULL, 3, 1, 3, '2014-02-18 13:19:54', '0000-00-00 00:00:00'),
(2611, NULL, 3, 1, 4, '2014-02-18 13:19:54', '0000-00-00 00:00:00'),
(2612, NULL, 3, 1, 5, '2014-02-18 13:19:54', '0000-00-00 00:00:00'),
(2613, NULL, 3, 1, 6, '2014-02-18 13:19:55', '0000-00-00 00:00:00'),
(2614, NULL, 3, 1, 7, '2014-02-18 13:19:55', '0000-00-00 00:00:00'),
(2615, NULL, 3, 1, 10, '2014-02-18 13:19:55', '0000-00-00 00:00:00'),
(2616, NULL, 3, 1, 11, '2014-02-18 13:19:55', '0000-00-00 00:00:00'),
(2617, NULL, 3, 1, 1, '2014-02-18 13:19:55', '0000-00-00 00:00:00'),
(2618, NULL, 3, 1, 2, '2014-02-18 13:19:55', '0000-00-00 00:00:00'),
(2619, NULL, 3, 1, 3, '2014-02-18 13:19:55', '0000-00-00 00:00:00'),
(2620, NULL, 3, 1, 4, '2014-02-18 13:19:55', '0000-00-00 00:00:00'),
(2621, NULL, 3, 1, 5, '2014-02-18 13:19:55', '0000-00-00 00:00:00'),
(2622, NULL, 3, 1, 6, '2014-02-18 13:19:55', '0000-00-00 00:00:00'),
(2623, NULL, 3, 1, 7, '2014-02-18 13:19:55', '0000-00-00 00:00:00'),
(2624, NULL, 3, 1, 10, '2014-02-18 13:19:55', '0000-00-00 00:00:00'),
(2625, NULL, 3, 1, 11, '2014-02-18 13:19:55', '0000-00-00 00:00:00'),
(2626, NULL, 3, 1, 1, '2014-02-18 13:19:55', '0000-00-00 00:00:00'),
(2627, NULL, 3, 1, 2, '2014-02-18 13:19:55', '0000-00-00 00:00:00'),
(2628, NULL, 3, 1, 3, '2014-02-18 13:19:55', '0000-00-00 00:00:00'),
(2629, NULL, 3, 1, 4, '2014-02-18 13:19:55', '0000-00-00 00:00:00'),
(2630, NULL, 3, 1, 5, '2014-02-18 13:19:55', '0000-00-00 00:00:00'),
(2631, NULL, 3, 1, 6, '2014-02-18 13:19:55', '0000-00-00 00:00:00'),
(2632, NULL, 3, 1, 7, '2014-02-18 13:19:55', '0000-00-00 00:00:00'),
(2633, NULL, 3, 1, 10, '2014-02-18 13:19:55', '0000-00-00 00:00:00'),
(2634, NULL, 3, 1, 11, '2014-02-18 13:19:55', '0000-00-00 00:00:00'),
(2635, NULL, 3, 1, 1, '2014-02-18 13:19:55', '0000-00-00 00:00:00'),
(2636, NULL, 3, 1, 2, '2014-02-18 13:19:55', '0000-00-00 00:00:00'),
(2637, NULL, 3, 1, 3, '2014-02-18 13:19:55', '0000-00-00 00:00:00'),
(2638, NULL, 3, 1, 4, '2014-02-18 13:19:56', '0000-00-00 00:00:00'),
(2639, NULL, 3, 1, 5, '2014-02-18 13:19:56', '0000-00-00 00:00:00'),
(2640, NULL, 3, 1, 6, '2014-02-18 13:19:56', '0000-00-00 00:00:00'),
(2641, NULL, 3, 1, 7, '2014-02-18 13:19:56', '0000-00-00 00:00:00'),
(2642, NULL, 3, 1, 10, '2014-02-18 13:19:56', '0000-00-00 00:00:00'),
(2643, NULL, 3, 1, 11, '2014-02-18 13:19:56', '0000-00-00 00:00:00'),
(2644, NULL, 3, 1, 1, '2014-02-18 13:19:56', '0000-00-00 00:00:00'),
(2645, NULL, 3, 1, 2, '2014-02-18 13:19:56', '0000-00-00 00:00:00'),
(2646, NULL, 3, 1, 3, '2014-02-18 13:19:56', '0000-00-00 00:00:00'),
(2647, NULL, 3, 1, 4, '2014-02-18 13:19:56', '0000-00-00 00:00:00'),
(2648, NULL, 3, 1, 5, '2014-02-18 13:19:56', '0000-00-00 00:00:00'),
(2649, NULL, 3, 1, 6, '2014-02-18 13:19:56', '0000-00-00 00:00:00'),
(2650, NULL, 3, 1, 7, '2014-02-18 13:19:56', '0000-00-00 00:00:00'),
(2651, NULL, 3, 1, 10, '2014-02-18 13:19:56', '0000-00-00 00:00:00'),
(2652, NULL, 3, 1, 11, '2014-02-18 13:19:56', '0000-00-00 00:00:00'),
(2653, NULL, 3, 1, 1, '2014-02-18 13:19:56', '0000-00-00 00:00:00'),
(2654, NULL, 3, 1, 2, '2014-02-18 13:19:56', '0000-00-00 00:00:00'),
(2655, NULL, 3, 1, 3, '2014-02-18 13:19:56', '0000-00-00 00:00:00'),
(2656, NULL, 3, 1, 4, '2014-02-18 13:19:56', '0000-00-00 00:00:00'),
(2657, NULL, 3, 1, 5, '2014-02-18 13:19:56', '0000-00-00 00:00:00'),
(2658, NULL, 3, 1, 6, '2014-02-18 13:19:56', '0000-00-00 00:00:00'),
(2659, NULL, 3, 1, 7, '2014-02-18 13:19:56', '0000-00-00 00:00:00'),
(2660, NULL, 3, 1, 10, '2014-02-18 13:19:56', '0000-00-00 00:00:00'),
(2661, NULL, 3, 1, 11, '2014-02-18 13:19:56', '0000-00-00 00:00:00'),
(2662, NULL, 3, 1, 1, '2014-02-18 13:19:56', '0000-00-00 00:00:00'),
(2663, NULL, 3, 1, 2, '2014-02-18 13:19:56', '0000-00-00 00:00:00'),
(2664, NULL, 3, 1, 3, '2014-02-18 13:19:56', '0000-00-00 00:00:00'),
(2665, NULL, 3, 1, 4, '2014-02-18 13:19:56', '0000-00-00 00:00:00'),
(2666, NULL, 3, 1, 5, '2014-02-18 13:19:56', '0000-00-00 00:00:00'),
(2667, NULL, 3, 1, 6, '2014-02-18 13:19:56', '0000-00-00 00:00:00'),
(2668, NULL, 3, 1, 7, '2014-02-18 13:19:56', '0000-00-00 00:00:00'),
(2669, NULL, 3, 1, 10, '2014-02-18 13:19:56', '0000-00-00 00:00:00'),
(2670, NULL, 3, 1, 11, '2014-02-18 13:19:56', '0000-00-00 00:00:00'),
(2671, NULL, 3, 1, 1, '2014-02-18 13:19:56', '0000-00-00 00:00:00'),
(2672, NULL, 3, 1, 2, '2014-02-18 13:19:56', '0000-00-00 00:00:00'),
(2673, NULL, 3, 1, 3, '2014-02-18 13:19:56', '0000-00-00 00:00:00'),
(2674, NULL, 3, 1, 4, '2014-02-18 13:19:56', '0000-00-00 00:00:00'),
(2675, NULL, 3, 1, 5, '2014-02-18 13:19:56', '0000-00-00 00:00:00'),
(2676, NULL, 3, 1, 6, '2014-02-18 13:19:56', '0000-00-00 00:00:00'),
(2677, NULL, 3, 1, 7, '2014-02-18 13:19:56', '0000-00-00 00:00:00'),
(2678, NULL, 3, 1, 10, '2014-02-18 13:19:56', '0000-00-00 00:00:00'),
(2679, NULL, 3, 1, 11, '2014-02-18 13:19:56', '0000-00-00 00:00:00'),
(2680, NULL, 3, 1, 1, '2014-02-18 13:19:56', '0000-00-00 00:00:00'),
(2681, NULL, 3, 1, 2, '2014-02-18 13:19:56', '0000-00-00 00:00:00'),
(2682, NULL, 3, 1, 3, '2014-02-18 13:19:56', '0000-00-00 00:00:00'),
(2683, NULL, 3, 1, 4, '2014-02-18 13:19:56', '0000-00-00 00:00:00'),
(2684, NULL, 3, 1, 5, '2014-02-18 13:19:56', '0000-00-00 00:00:00'),
(2685, NULL, 3, 1, 6, '2014-02-18 13:19:56', '0000-00-00 00:00:00'),
(2686, NULL, 3, 1, 7, '2014-02-18 13:19:56', '0000-00-00 00:00:00'),
(2687, NULL, 3, 1, 10, '2014-02-18 13:19:56', '0000-00-00 00:00:00'),
(2688, NULL, 3, 1, 11, '2014-02-18 13:19:56', '0000-00-00 00:00:00'),
(2689, NULL, 3, 1, 1, '2014-02-18 13:19:56', '0000-00-00 00:00:00'),
(2690, NULL, 3, 1, 2, '2014-02-18 13:19:57', '0000-00-00 00:00:00'),
(2691, NULL, 3, 1, 3, '2014-02-18 13:19:57', '0000-00-00 00:00:00'),
(2692, NULL, 3, 1, 4, '2014-02-18 13:19:57', '0000-00-00 00:00:00'),
(2693, NULL, 3, 1, 5, '2014-02-18 13:19:57', '0000-00-00 00:00:00'),
(2694, NULL, 3, 1, 6, '2014-02-18 13:19:57', '0000-00-00 00:00:00'),
(2695, NULL, 3, 1, 7, '2014-02-18 13:19:57', '0000-00-00 00:00:00'),
(2696, NULL, 3, 1, 10, '2014-02-18 13:19:57', '0000-00-00 00:00:00'),
(2697, NULL, 3, 1, 11, '2014-02-18 13:19:57', '0000-00-00 00:00:00'),
(2698, NULL, 3, 1, 1, '2014-02-18 13:19:57', '0000-00-00 00:00:00'),
(2699, NULL, 3, 1, 2, '2014-02-18 13:19:57', '0000-00-00 00:00:00'),
(2700, NULL, 3, 1, 3, '2014-02-18 13:19:57', '0000-00-00 00:00:00');

-- --------------------------------------------------------

--
-- Table structure for table `users`
--

CREATE TABLE IF NOT EXISTS `users` (
  `User_ID` int(11) NOT NULL AUTO_INCREMENT,
  `Username` varchar(255) DEFAULT NULL,
  `First_Name` varchar(255) DEFAULT NULL,
  `Last_Name` varchar(255) DEFAULT NULL,
  `Password` varchar(255) DEFAULT NULL,
  `Type` varchar(255) DEFAULT NULL,
  `School_ID` int(11) DEFAULT NULL,
  PRIMARY KEY (`User_ID`),
  KEY `fk_User_School1` (`School_ID`)
) ENGINE=InnoDB  DEFAULT CHARSET=latin1 AUTO_INCREMENT=18 ;

--
-- Dumping data for table `users`
--

INSERT INTO `users` (`User_ID`, `Username`, `First_Name`, `Last_Name`, `Password`, `Type`, `School_ID`) VALUES
(1, 'rcruz', 'Raymond', 'Cruz', '9a73055b9e5a5edbf80c34198e05f0d1', 'admin', NULL),
(2, 'pluces', 'Paolo', 'Luces', '1532136b72115a3f2c6fcd81bf80e7f4', 'admin', NULL),
(3, 'jfederico', 'Joy', 'Federico', 'c2c8e798aecbc26d86e4805114b03c51', 'admin', NULL),
(4, 'pperalta', 'Phil', 'Peralta', 'd14ffd41334ec4b4b3f2c0d55c38be6f', 'admin', NULL),
(5, 'ffajardo', 'Francis', 'Fajardo', 'd0ab7fe6c314f4fe5b6c18a0157c96b4', 'admin', NULL),
(6, 'ABC11', 'Aaron', 'Casurao', '65079b006e85a7e798abecb99e47c154', 'admin', NULL),
(7, 'marmario', 'Mitch', 'Armario', 'fae53351b9effc708e764e871bef3119', 'admin', NULL),
(8, 'guest', 'Guest', 'User', '084e0343a0486ff05530df6c705c8bb4', 'guest', NULL),
(9, 'mandogs', 'Manolo', 'Valena', '3c3662bcb661d6de679c636744c66b62', 'encoder', 1),
(10, 'asimon', 'Dayanara', 'Simon', '3ed1e37160ebb08e46c400d93b1861b6', 'admin', NULL),
(11, 'etan', 'Evan', 'Tan', '98cc7d37dc7b90c14a59ef0c5caa8995', 'admin', NULL),
(12, 'guygongco', 'Glu', 'Uygongco', 'ce7d948e963a37f3137c29e77b152fd4', 'admin', NULL),
(13, 'rcarrillo', 'Raphael', 'Carrillo', 'ea7b6298bf5045f78be77dadbc289142', 'admin', NULL),
(14, 'arimbao', 'Alecx', 'Rimbao', 'ab38ea8c20eae607665c508887ec7333', 'admin', NULL),
(15, 'tgerobiese', 'Trishia', 'Gerobiese', '663dfb18f856a06cd996651234c2aa23', 'admin', NULL),
(16, 'cjaldon', 'Simone', 'Jaldon', '47eb752bac1c08c75e30d9624b3e58b7', 'admin', NULL),
(17, 'encoder', 'Hi', 'Lol', '5f4dcc3b5aa765d61d8327deb882cf99', 'encoder', 69);

-- --------------------------------------------------------

--
-- Table structure for table `users_targets`
--

CREATE TABLE IF NOT EXISTS `users_targets` (
  `Users_Targets_ID` int(11) NOT NULL AUTO_INCREMENT,
  `Target_For` varchar(250) DEFAULT NULL,
  `LFA` int(11) DEFAULT NULL,
  `QTR_1` int(11) DEFAULT NULL,
  `QTR_2` int(11) DEFAULT NULL,
  `QTR_3` int(11) DEFAULT NULL,
  `QTR_4` int(11) DEFAULT NULL,
  `Year` int(4) NOT NULL,
  `Created_At` timestamp NOT NULL DEFAULT CURRENT_TIMESTAMP,
  `Updated_At` timestamp NOT NULL DEFAULT '0000-00-00 00:00:00' ON UPDATE CURRENT_TIMESTAMP,
  `User_ID` int(11) NOT NULL,
  PRIMARY KEY (`Users_Targets_ID`),
  KEY `fk_Users_Targets_Users1` (`User_ID`)
) ENGINE=InnoDB  DEFAULT CHARSET=latin1 AUTO_INCREMENT=27 ;

--
-- Dumping data for table `users_targets`
--

INSERT INTO `users_targets` (`Users_Targets_ID`, `Target_For`, `LFA`, `QTR_1`, `QTR_2`, `QTR_3`, `QTR_4`, `Year`, `Created_At`, `Updated_At`, `User_ID`) VALUES
(1, 'Teachers Trained in GCAT', 2000, 400, 400, 400, 400, 2011, '2014-02-14 06:58:31', '2014-02-22 07:15:28', 3),
(2, 'Teachers Trained in Best', 2000, 400, 400, 400, 400, 2011, '2014-02-14 06:58:31', '2014-02-22 07:15:28', 3),
(3, 'Teachers Trained in AdEPT', 2000, 400, 400, 400, 400, 2011, '2014-02-14 06:58:31', '2014-02-22 07:15:28', 3),
(4, 'Teachers Trained in SMP Subjects', 2000, 400, 400, 400, 400, 2011, '2014-02-14 06:58:31', '2014-02-22 07:15:28', 3),
(5, 'Teachers Trained in BPO101', 2000, 400, 400, 400, 400, 2011, '2014-02-14 06:58:31', '2014-02-22 07:15:28', 3),
(6, 'Teachers Trained in BPO102', 2000, 400, 400, 400, 400, 2011, '2014-02-14 06:58:31', '2014-02-22 07:15:28', 3),
(7, 'Teachers Trained in Service Culture', 2000, 400, 400, 400, 400, 2011, '2014-02-14 06:58:31', '2014-02-22 07:15:28', 3),
(8, 'Teachers Trained in Business Communication', 2000, 400, 400, 400, 400, 2011, '2014-02-14 06:58:31', '2014-02-22 07:15:28', 3),
(9, 'Teachers Trained in Systems Thinking', 2000, 400, 400, 400, 400, 2011, '2014-02-14 06:58:31', '2014-02-22 07:15:28', 3),
(10, 'SUC''s with complete SMP Subjects and Trained TSeachers', 17, 1, 1, 1, 1, 2011, '2014-02-14 06:58:31', '2014-02-22 07:15:28', 3),
(11, 'Students completed in GCAT', 20000, 1200, 1200, 1200, 1200, 2011, '2014-02-14 06:58:31', '2014-02-22 07:15:28', 3),
(12, 'Students completed in BEST', 20000, 1200, 1200, 1200, 1200, 2011, '2014-02-14 06:58:31', '2014-02-22 07:15:28', 3),
(13, 'Students completed in AdEPT', 20000, 1200, 1200, 1200, 1200, 2011, '2014-02-14 06:58:31', '2014-02-22 07:15:28', 3),
(14, 'Students enrolled in any SMP', 20000, 1200, 1200, 1200, 1200, 2011, '2014-02-14 06:58:31', '2014-02-22 07:15:28', 3),
(15, 'Students enrolled in BPO101', 20000, 1200, 1200, 1200, 1200, 2011, '2014-02-14 06:58:31', '2014-02-22 07:15:28', 3),
(16, 'Students enrolled in BPO102', 20000, 1200, 1200, 1200, 1200, 2011, '2014-02-14 06:58:32', '2014-02-22 07:15:28', 3),
(17, 'Students enrolled in Service Culture', 20000, 1200, 1200, 1200, 1200, 2011, '2014-02-14 06:58:32', '2014-02-22 07:15:28', 3),
(18, 'Students enrolled in Business Communication', 20000, 1200, 1200, 1200, 1200, 2011, '2014-02-14 06:58:32', '2014-02-22 07:15:28', 3),
(19, 'Students enrolled in Systems Thinking', 20000, 1200, 1200, 1200, 1200, 2011, '2014-02-14 06:58:32', '2014-02-22 07:15:28', 3),
(20, 'Students Completed in any SMP', 20000, 1200, 1200, 1200, 1200, 2011, '2014-02-14 06:58:32', '2014-02-22 07:15:28', 3),
(21, 'Students Completed in BPO101', 20000, 1200, 1200, 1200, 1200, 2011, '2014-02-14 06:58:32', '2014-02-22 07:15:28', 3),
(22, 'Students Completed in BPO102', 20000, 1200, 1200, 1200, 1200, 2011, '2014-02-14 06:58:32', '2014-02-22 07:15:28', 3),
(23, 'Students Completed in Service Culture', 20000, 1200, 1200, 1200, 1200, 2011, '2014-02-14 06:58:32', '2014-02-22 07:15:28', 3),
(24, 'Students Completed in Business Communication', 20000, 1200, 1200, 1200, 1200, 2011, '2014-02-14 06:58:32', '2014-02-22 07:15:28', 3),
(25, 'Students Completed in Systems Thinking', 20000, 1200, 1200, 1200, 1200, 2011, '2014-02-14 06:58:32', '2014-02-22 07:15:28', 3),
(26, 'Students Completed in Internship', 20000, 1200, 1200, 1200, 1200, 2011, '2014-02-14 06:58:32', '2014-02-22 07:15:28', 3);

--
-- Constraints for dumped tables
--

--
-- Constraints for table `adept_student`
--
ALTER TABLE `adept_student`
  ADD CONSTRAINT `fk_Adept_Student_Tracker1` FOREIGN KEY (`Tracker_ID`) REFERENCES `tracker` (`Tracker_ID`) ON DELETE CASCADE ON UPDATE CASCADE;

--
-- Constraints for table `adept_t3_tracker`
--
ALTER TABLE `adept_t3_tracker`
  ADD CONSTRAINT `fk_Adept_T3_Tracker_Adept_T3_Attendance1` FOREIGN KEY (`Adept_T3_Attendance_ID`) REFERENCES `adept_t3_attendance` (`Adept_T3_Attendance_ID`) ON DELETE CASCADE ON UPDATE CASCADE,
  ADD CONSTRAINT `fk_Adept_T3_Tracker_Adept_T3_Grades1` FOREIGN KEY (`Adept_T3_Grades_ID`) REFERENCES `adept_t3_grades` (`Adept_T3_Grades_ID`) ON DELETE CASCADE ON UPDATE CASCADE,
  ADD CONSTRAINT `fk_Adept_T3_Tracker_Teacher_Tracker1` FOREIGN KEY (`T3_Tracker_ID`) REFERENCES `t3_tracker` (`T3_Tracker_ID`) ON DELETE CASCADE ON UPDATE CASCADE;

--
-- Constraints for table `best_adept_t3_application`
--
ALTER TABLE `best_adept_t3_application`
  ADD CONSTRAINT `fk_Best_Adept_T3_Application_Teacher_Application1` FOREIGN KEY (`T3_Application_ID`) REFERENCES `t3_application` (`T3_Application_ID`) ON DELETE CASCADE ON UPDATE CASCADE;

--
-- Constraints for table `best_student`
--
ALTER TABLE `best_student`
  ADD CONSTRAINT `fk_BEST_Student_Tracker1` FOREIGN KEY (`Tracker_ID`) REFERENCES `tracker` (`Tracker_ID`) ON DELETE CASCADE ON UPDATE CASCADE;

--
-- Constraints for table `best_t3_tracker`
--
ALTER TABLE `best_t3_tracker`
  ADD CONSTRAINT `fk_Adept_T3_Tracker_Best_T3_Attendance1` FOREIGN KEY (`Best_T3_Attendance_ID`) REFERENCES `best_t3_attendance` (`Best_T3_Attendance_ID`) ON DELETE CASCADE ON UPDATE CASCADE,
  ADD CONSTRAINT `fk_Adept_T3_Tracker_Best_T3_Grades1` FOREIGN KEY (`Best_T3_Grades_ID`) REFERENCES `best_t3_grades` (`Best_T3_Grades_ID`) ON DELETE CASCADE ON UPDATE CASCADE,
  ADD CONSTRAINT `fk_Best_T3_Tracker_Teacher_Tracker1` FOREIGN KEY (`T3_Tracker_ID`) REFERENCES `t3_tracker` (`T3_Tracker_ID`) ON DELETE CASCADE ON UPDATE CASCADE;

--
-- Constraints for table `class`
--
ALTER TABLE `class`
  ADD CONSTRAINT `fk_Class_Subject1` FOREIGN KEY (`Subject_ID`) REFERENCES `subject` (`Subject_ID`) ON DELETE CASCADE ON UPDATE CASCADE,
  ADD CONSTRAINT `fk_Section_School2` FOREIGN KEY (`School_ID`) REFERENCES `school` (`School_ID`) ON DELETE CASCADE ON UPDATE CASCADE;

--
-- Constraints for table `gcat_class`
--
ALTER TABLE `gcat_class`
  ADD CONSTRAINT `fk_GCAT_Class_Class1` FOREIGN KEY (`Class_ID`) REFERENCES `class` (`Class_ID`) ON DELETE CASCADE ON UPDATE CASCADE,
  ADD CONSTRAINT `fk_GCAT_Class_Proctor1` FOREIGN KEY (`Proctor_ID`) REFERENCES `proctor` (`Proctor_ID`) ON DELETE CASCADE ON UPDATE CASCADE;

--
-- Constraints for table `gcat_student`
--
ALTER TABLE `gcat_student`
  ADD CONSTRAINT `fk_GCAT_Student_Tracker1` FOREIGN KEY (`Tracker_ID`) REFERENCES `tracker` (`Tracker_ID`) ON DELETE CASCADE ON UPDATE CASCADE;

--
-- Constraints for table `gcat_tracker`
--
ALTER TABLE `gcat_tracker`
  ADD CONSTRAINT `fk_GCAT_T3_Tracker_Teacher_Tracker1` FOREIGN KEY (`T3_Tracker_ID`) REFERENCES `t3_tracker` (`T3_Tracker_ID`) ON DELETE CASCADE ON UPDATE CASCADE;

--
-- Constraints for table `internship_student`
--
ALTER TABLE `internship_student`
  ADD CONSTRAINT `fk_Internship_Student_Tracker1` FOREIGN KEY (`Tracker_ID`) REFERENCES `tracker` (`Tracker_ID`) ON DELETE CASCADE ON UPDATE CASCADE;

--
-- Constraints for table `log`
--
ALTER TABLE `log`
  ADD CONSTRAINT `fk_Log_Users1` FOREIGN KEY (`User_ID`) REFERENCES `users` (`User_ID`) ON DELETE CASCADE ON UPDATE CASCADE;

--
-- Constraints for table `other_class`
--
ALTER TABLE `other_class`
  ADD CONSTRAINT `fk_Other_Class_Class1` FOREIGN KEY (`Class_ID`) REFERENCES `class` (`Class_ID`) ON DELETE CASCADE ON UPDATE CASCADE,
  ADD CONSTRAINT `fk_Other_Class_Teacher1` FOREIGN KEY (`Teacher_ID`) REFERENCES `teacher` (`Teacher_ID`) ON DELETE CASCADE ON UPDATE CASCADE;

--
-- Constraints for table `related_trainings_attended`
--
ALTER TABLE `related_trainings_attended`
  ADD CONSTRAINT `fk_Related_Trainings_Attended_Teacher1` FOREIGN KEY (`Teacher_ID`) REFERENCES `teacher` (`Teacher_ID`) ON DELETE CASCADE ON UPDATE CASCADE;

--
-- Constraints for table `school_project`
--
ALTER TABLE `school_project`
  ADD CONSTRAINT `fk_School_Project_Project1` FOREIGN KEY (`Project_ID`) REFERENCES `project` (`Project_ID`) ON DELETE NO ACTION ON UPDATE NO ACTION,
  ADD CONSTRAINT `fk_School_Project_School1` FOREIGN KEY (`School_ID`) REFERENCES `school` (`School_ID`) ON DELETE NO ACTION ON UPDATE NO ACTION;

--
-- Constraints for table `school_subject`
--
ALTER TABLE `school_subject`
  ADD CONSTRAINT `fk_School_Subject_School1` FOREIGN KEY (`School_ID`) REFERENCES `school` (`School_ID`) ON DELETE CASCADE ON UPDATE CASCADE,
  ADD CONSTRAINT `fk_School_Subject_Subject1` FOREIGN KEY (`Subject_ID`) REFERENCES `subject` (`Subject_ID`) ON DELETE CASCADE ON UPDATE CASCADE;

--
-- Constraints for table `smp_student`
--
ALTER TABLE `smp_student`
  ADD CONSTRAINT `fk_SMP_Student_Tracker1` FOREIGN KEY (`Tracker_ID`) REFERENCES `tracker` (`Tracker_ID`) ON DELETE CASCADE ON UPDATE CASCADE;

--
-- Constraints for table `smp_student_courses_taken`
--
ALTER TABLE `smp_student_courses_taken`
  ADD CONSTRAINT `fk_SMP_Student_Subjects_Taken_Tracker1` FOREIGN KEY (`Tracker_ID`) REFERENCES `tracker` (`Tracker_ID`) ON DELETE CASCADE ON UPDATE CASCADE;

--
-- Constraints for table `smp_t3_application`
--
ALTER TABLE `smp_t3_application`
  ADD CONSTRAINT `fk_SMP_T3_Application_Teacher_Application1` FOREIGN KEY (`T3_Application_ID`) REFERENCES `t3_application` (`T3_Application_ID`) ON DELETE CASCADE ON UPDATE CASCADE;

--
-- Constraints for table `smp_t3_attendance_tracking`
--
ALTER TABLE `smp_t3_attendance_tracking`
  ADD CONSTRAINT `fk_SMP_T3_Attendance_Tracking_SMP_T3_Attendance1` FOREIGN KEY (`SMP_T3_Attendance_ID`) REFERENCES `smp_t3_attendance` (`SMP_T3_Attendance_ID`) ON DELETE CASCADE ON UPDATE CASCADE,
  ADD CONSTRAINT `fk_SMP_T3_Attendance_Tracking_SMP_T3_Tracker1` FOREIGN KEY (`T3_Tracker_ID`) REFERENCES `smp_t3_tracker` (`T3_Tracker_ID`) ON DELETE CASCADE ON UPDATE CASCADE;

--
-- Constraints for table `smp_t3_tracker`
--
ALTER TABLE `smp_t3_tracker`
  ADD CONSTRAINT `fk_SMP_T3_Tracker_SMP_T3_Site_Visit1` FOREIGN KEY (`SMP_T3_Site_Visit_ID`) REFERENCES `smp_t3_site_visit` (`SMP_T3_Site_Visit_ID`) ON DELETE CASCADE ON UPDATE CASCADE,
  ADD CONSTRAINT `fk_SMP_T3_Tracker_T3_Tracker1` FOREIGN KEY (`T3_Tracker_ID`) REFERENCES `t3_tracker` (`T3_Tracker_ID`) ON DELETE CASCADE ON UPDATE CASCADE;

--
-- Constraints for table `stipend_tracking_list`
--
ALTER TABLE `stipend_tracking_list`
  ADD CONSTRAINT `fk_Stipend_Tracking_List_Stipend_Tracking1` FOREIGN KEY (`Stipend_Tracking_ID`) REFERENCES `stipend_tracking` (`Stipend_Tracking_ID`) ON DELETE CASCADE ON UPDATE CASCADE,
  ADD CONSTRAINT `fk_Stipend_Tracking_List_Subject_ID1` FOREIGN KEY (`Subject_ID`) REFERENCES `subject` (`Subject_ID`) ON DELETE CASCADE ON UPDATE CASCADE,
  ADD CONSTRAINT `fk_Stipend_Tracking_List_Teacher1` FOREIGN KEY (`Teacher_ID`) REFERENCES `teacher` (`Teacher_ID`) ON DELETE CASCADE ON UPDATE CASCADE;

--
-- Constraints for table `student`
--
ALTER TABLE `student`
  ADD CONSTRAINT `fk_Student_School1` FOREIGN KEY (`School_ID`) REFERENCES `school` (`School_ID`) ON DELETE CASCADE ON UPDATE CASCADE;

--
-- Constraints for table `student_application`
--
ALTER TABLE `student_application`
  ADD CONSTRAINT `fk_Student_Application_Project1` FOREIGN KEY (`Project_ID`) REFERENCES `project` (`Project_ID`) ON DELETE CASCADE ON UPDATE CASCADE,
  ADD CONSTRAINT `fk_Student_Application_Student1` FOREIGN KEY (`Student_ID`) REFERENCES `student` (`Student_ID`) ON DELETE CASCADE ON UPDATE CASCADE,
  ADD CONSTRAINT `fk_Student_Application_Subject_ID1` FOREIGN KEY (`Subject_ID`) REFERENCES `subject` (`Subject_ID`) ON DELETE CASCADE ON UPDATE CASCADE;

--
-- Constraints for table `student_class`
--
ALTER TABLE `student_class`
  ADD CONSTRAINT `fk_Student_Class_Class1` FOREIGN KEY (`Class_ID`) REFERENCES `class` (`Class_ID`) ON DELETE CASCADE ON UPDATE CASCADE,
  ADD CONSTRAINT `fk_Student_Class_Student1` FOREIGN KEY (`Student_ID`) REFERENCES `student` (`Student_ID`) ON DELETE CASCADE ON UPDATE CASCADE;

--
-- Constraints for table `student_computer_skills`
--
ALTER TABLE `student_computer_skills`
  ADD CONSTRAINT `fk_Student_Computer_Skills_Computer_Skills1` FOREIGN KEY (`Computer_Skills_ID`) REFERENCES `computer_skills` (`Computer_Skills_ID`) ON DELETE CASCADE ON UPDATE CASCADE,
  ADD CONSTRAINT `fk_Student_Computer_Skills_Student1` FOREIGN KEY (`Student_ID`) REFERENCES `student` (`Student_ID`) ON DELETE CASCADE ON UPDATE CASCADE;

--
-- Constraints for table `student_organization_affiliations`
--
ALTER TABLE `student_organization_affiliations`
  ADD CONSTRAINT `fk_Student_Organization_Affiliations_Organization_Affiliations1` FOREIGN KEY (`Organization_Affiliations_ID`) REFERENCES `organization_affiliations` (`Organization_Affiliations_ID`) ON DELETE CASCADE ON UPDATE CASCADE,
  ADD CONSTRAINT `fk_Student_Organization_Affiliations_Student1` FOREIGN KEY (`Student_ID`) REFERENCES `student` (`Student_ID`) ON DELETE CASCADE ON UPDATE CASCADE;

--
-- Constraints for table `student_skills`
--
ALTER TABLE `student_skills`
  ADD CONSTRAINT `fk_Student_Skills_Skills1` FOREIGN KEY (`Skills_ID`) REFERENCES `skills` (`Skills_ID`) ON DELETE CASCADE ON UPDATE CASCADE,
  ADD CONSTRAINT `fk_Student_Skills_Student1` FOREIGN KEY (`Student_ID`) REFERENCES `student` (`Student_ID`) ON DELETE CASCADE ON UPDATE CASCADE;

--
-- Constraints for table `student_tracker`
--
ALTER TABLE `student_tracker`
  ADD CONSTRAINT `fk_Student_Tracker_Student1` FOREIGN KEY (`Student_ID`) REFERENCES `student` (`Student_ID`) ON DELETE CASCADE ON UPDATE CASCADE,
  ADD CONSTRAINT `fk_Student_Tracker_Tracker1` FOREIGN KEY (`Tracker_ID`) REFERENCES `tracker` (`Tracker_ID`) ON DELETE CASCADE ON UPDATE CASCADE;

--
-- Constraints for table `t3_application`
--
ALTER TABLE `t3_application`
  ADD CONSTRAINT `fk_Teacher_Application_Subject1` FOREIGN KEY (`Subject_ID`) REFERENCES `subject` (`Subject_ID`) ON DELETE CASCADE ON UPDATE CASCADE;

--
-- Constraints for table `t3_class`
--
ALTER TABLE `t3_class`
  ADD CONSTRAINT `fk_Class_Subject10` FOREIGN KEY (`Subject_ID`) REFERENCES `subject` (`Subject_ID`) ON DELETE CASCADE ON UPDATE CASCADE,
  ADD CONSTRAINT `fk_Section_School20` FOREIGN KEY (`School_ID`) REFERENCES `school` (`School_ID`) ON DELETE CASCADE ON UPDATE CASCADE,
  ADD CONSTRAINT `fk_T3_Class_Master_Trainer1` FOREIGN KEY (`Master_Trainer_ID`) REFERENCES `master_trainer` (`Master_Trainer_ID`) ON DELETE CASCADE ON UPDATE CASCADE;

--
-- Constraints for table `t3_tracker`
--
ALTER TABLE `t3_tracker`
  ADD CONSTRAINT `fk_Teacher_Tracker_Status1` FOREIGN KEY (`Status_ID`) REFERENCES `status` (`Status_ID`) ON DELETE CASCADE ON UPDATE CASCADE,
  ADD CONSTRAINT `fk_Teacher_Tracker_Subject1` FOREIGN KEY (`Subject_ID`) REFERENCES `subject` (`Subject_ID`) ON DELETE CASCADE ON UPDATE CASCADE;

--
-- Constraints for table `teacher`
--
ALTER TABLE `teacher`
  ADD CONSTRAINT `fk_Teacher_School1` FOREIGN KEY (`School_ID`) REFERENCES `school` (`School_ID`) ON DELETE CASCADE ON UPDATE CASCADE;

--
-- Constraints for table `teacher_affiliation_to_organization`
--
ALTER TABLE `teacher_affiliation_to_organization`
  ADD CONSTRAINT `fk_Teacher_Affliation_to_Organization_Teacher1` FOREIGN KEY (`Teacher_ID`) REFERENCES `teacher` (`Teacher_ID`) ON DELETE CASCADE ON UPDATE CASCADE;

--
-- Constraints for table `teacher_awards`
--
ALTER TABLE `teacher_awards`
  ADD CONSTRAINT `fk_Teacher_Awards_Teacher1` FOREIGN KEY (`Teacher_ID`) REFERENCES `teacher` (`Teacher_ID`) ON DELETE CASCADE ON UPDATE CASCADE;

--
-- Constraints for table `teacher_certification`
--
ALTER TABLE `teacher_certification`
  ADD CONSTRAINT `fk_Teacher_Certification_Teacher1` FOREIGN KEY (`Teacher_ID`) REFERENCES `teacher` (`Teacher_ID`) ON DELETE CASCADE ON UPDATE CASCADE;

--
-- Constraints for table `teacher_class`
--
ALTER TABLE `teacher_class`
  ADD CONSTRAINT `fk_Student_Class_Class10` FOREIGN KEY (`T3_Class_ID`) REFERENCES `t3_class` (`T3_Class_ID`) ON DELETE CASCADE ON UPDATE CASCADE,
  ADD CONSTRAINT `fk_Teacher_Class_Teacher1` FOREIGN KEY (`Teacher_ID`) REFERENCES `teacher` (`Teacher_ID`) ON DELETE CASCADE ON UPDATE CASCADE;

--
-- Constraints for table `teacher_computer_familiarity`
--
ALTER TABLE `teacher_computer_familiarity`
  ADD CONSTRAINT `fk_Teacher_Computer_Familiarity_Skills1` FOREIGN KEY (`Computer_Skills_ID`) REFERENCES `computer_skills` (`Computer_Skills_ID`) ON DELETE CASCADE ON UPDATE CASCADE,
  ADD CONSTRAINT `fk_Teacher_Computer_Familiarity_Teacher1` FOREIGN KEY (`Teacher_ID`) REFERENCES `teacher` (`Teacher_ID`) ON DELETE CASCADE ON UPDATE CASCADE;

--
-- Constraints for table `teacher_computer_profiency`
--
ALTER TABLE `teacher_computer_profiency`
  ADD CONSTRAINT `fk_Teacher_Computer_Profiency_Skills1` FOREIGN KEY (`Computer_Skills_ID`) REFERENCES `computer_skills` (`Computer_Skills_ID`) ON DELETE CASCADE ON UPDATE CASCADE,
  ADD CONSTRAINT `fk_Teacher_Computer_Profiency_Teacher1` FOREIGN KEY (`Teacher_ID`) REFERENCES `teacher` (`Teacher_ID`) ON DELETE CASCADE ON UPDATE CASCADE;

--
-- Constraints for table `teacher_other_skills`
--
ALTER TABLE `teacher_other_skills`
  ADD CONSTRAINT `fk_Teacher_Other_Skills_Skills1` FOREIGN KEY (`Skills_ID`) REFERENCES `skills` (`Skills_ID`) ON DELETE CASCADE ON UPDATE CASCADE,
  ADD CONSTRAINT `fk_Teacher_Other_Skills_Teacher1` FOREIGN KEY (`Teacher_ID`) REFERENCES `teacher` (`Teacher_ID`) ON DELETE CASCADE ON UPDATE CASCADE;

--
-- Constraints for table `teacher_professional_reference`
--
ALTER TABLE `teacher_professional_reference`
  ADD CONSTRAINT `fk_Teacher_Professional_Reference_Teacher1` FOREIGN KEY (`Teacher_ID`) REFERENCES `teacher` (`Teacher_ID`) ON DELETE CASCADE ON UPDATE CASCADE;

--
-- Constraints for table `teacher_relevant_experiences`
--
ALTER TABLE `teacher_relevant_experiences`
  ADD CONSTRAINT `fk_Teacher_Relevant_Experiences_Teacher1` FOREIGN KEY (`Teacher_ID`) REFERENCES `teacher` (`Teacher_ID`) ON DELETE CASCADE ON UPDATE CASCADE;

--
-- Constraints for table `teacher_t3_application`
--
ALTER TABLE `teacher_t3_application`
  ADD CONSTRAINT `fk_Teacher_T3_Application_T3_Application1` FOREIGN KEY (`T3_Application_ID`) REFERENCES `t3_application` (`T3_Application_ID`) ON DELETE CASCADE ON UPDATE CASCADE,
  ADD CONSTRAINT `fk_Teacher_T3_Application_Teacher1` FOREIGN KEY (`Teacher_ID`) REFERENCES `teacher` (`Teacher_ID`) ON DELETE CASCADE ON UPDATE CASCADE;

--
-- Constraints for table `teacher_t3_tracker`
--
ALTER TABLE `teacher_t3_tracker`
  ADD CONSTRAINT `fk_Teacher_T3_Tracker_T3_Tracker1` FOREIGN KEY (`T3_Tracker_ID`) REFERENCES `t3_tracker` (`T3_Tracker_ID`) ON DELETE CASCADE ON UPDATE CASCADE,
  ADD CONSTRAINT `fk_Teacher_T3_Tracker_Teacher1` FOREIGN KEY (`Teacher_ID`) REFERENCES `teacher` (`Teacher_ID`) ON DELETE CASCADE ON UPDATE CASCADE;

--
-- Constraints for table `teacher_training_experience`
--
ALTER TABLE `teacher_training_experience`
  ADD CONSTRAINT `fk_Teacher_Training_Experience_Teacher` FOREIGN KEY (`Teacher_ID`) REFERENCES `teacher` (`Teacher_ID`) ON DELETE CASCADE ON UPDATE CASCADE;

--
-- Constraints for table `tracker`
--
ALTER TABLE `tracker`
  ADD CONSTRAINT `fk_Tracker_Status1` FOREIGN KEY (`Status_ID`) REFERENCES `status` (`Status_ID`) ON DELETE CASCADE ON UPDATE CASCADE,
  ADD CONSTRAINT `fk_Tracker_Subject1` FOREIGN KEY (`Subject_ID`) REFERENCES `subject` (`Subject_ID`) ON DELETE CASCADE ON UPDATE CASCADE;

--
-- Constraints for table `users`
--
ALTER TABLE `users`
  ADD CONSTRAINT `fk_User_School1` FOREIGN KEY (`School_ID`) REFERENCES `school` (`School_ID`) ON DELETE CASCADE ON UPDATE CASCADE;

--
-- Constraints for table `users_targets`
--
ALTER TABLE `users_targets`
  ADD CONSTRAINT `fk_Users_Targets_Users1` FOREIGN KEY (`User_ID`) REFERENCES `users` (`User_ID`) ON DELETE CASCADE ON UPDATE CASCADE;

/*!40101 SET CHARACTER_SET_CLIENT=@OLD_CHARACTER_SET_CLIENT */;
/*!40101 SET CHARACTER_SET_RESULTS=@OLD_CHARACTER_SET_RESULTS */;
/*!40101 SET COLLATION_CONNECTION=@OLD_COLLATION_CONNECTION */;
